id	en	en_US	ja	es	fr	it	pt_BR	es_US	de	pl	zh	tr	se	ru
														
Sonic & Shahra's lines must end in '_so' & '_sh' respectively.	Retail English Translation.	Windii's Japanese-accurate translation.	Retail Japanese Translation	Aoi's Spanish Translation	Armetz & s3nkuuv's French Translation 	Luken's & LimeWeb's Italian Translation	Skyer, Tio Illuminati & AlvinGoldhart's Brazilian Portuguese Translation	kawaiikaorichan's Latin American Spanish Translation	A Blob, Milonoto, Elements of Justice & Dark's German Translation	Eveefun Polish Translation (Bartek too kinda)	Vexion's Chinese Translation	Türkmander's Turkish Translation	Johan23t's Swedish Translation	Dark Sonic's Russian Translation
														
														
secret_rings_title	Sonic and the Secret Rings		ソニックと秘密のリング	Sonic y los Anillos Secretos	Sonic and the Secret Rings 	Sonic e gli Anelli Segreti	Sonic e os Anéis Secretos	Sonic y los Anillos Secretos	Sonic und die Geheimen Ringe	Sonic i Sekretne Pierścienie	音速小子與秘密戒指	Sonic ve Gizli Yüzükler	Sonic och dem Hemliga Ringarna	Соник и Мировые кольца
any_button	Press Any Button													
														
system												sistem		
														
load_level	Loading Mission		ミーションロードする	Cargando Misión	Chargement de la Mission	Caricamento Missione	Carregando Missão	Cargando misión	Mission wird geladen	Wczytywanie Misji	任務載入中	Görev Yükleniyor	Laddar Uppdrag	Загрузка миссии
load_probes	Loading Light Probes		光をロードする	Cargando Sondas de Luz	Chargement des Sondes Lumineuses	Caricamento delle Sonde di Luce	Carregando Sondas de Luz	Cargando luces	Lichtsonden werden geladen	Wczytywanie Próbek Światła	光探頭載入中	Işık Verileri Yükleniyor	Laddar Ljussoner	Загрузка данных освещения
														
sys_select	Select		けってい	Seleccionar	Accepter	Seleziona	Selecionar	Seleccionar	Auswählen	Wybierz	選擇	Seç	Välj	Выбрать
sys_cancel	Cancel		もどる	Atrás	Retour	Cancella	Cancelar	Cancelar	Abbrechen	Anuluj	取消	İptal	Avbryt	Отмена
sys_yes	Yes		はい	Sí	Oui	Si	Sim	Sí	Ja	Tak	是	Evet	Ja	Да
sys_no	No		いいえ	No	Non	No	Não	No	Nein	Nie	否	Hayır	Nej	Нет
sys_delete	Delete		デリート	Borrar	Effacer	Cancella	Deletar	Borrar	Löschen	Usuń	刪除	Sil	Radera	Удалить
sys_clear	Clear		クリア	Vacíar	Vider	Libera	Limpar	Limpiar	Leeren	Wyczyść	清除	Temizle	Rensa	Стереть
sys_delete_description	Are you sure you want to delete this save file?		このデータを削除します。\nよろしいですか?	¿Deseas borrar el archivo de guardado?	Voulez-vous vraiment supprimer cette sauvegarde ?	Sei sicuro di voler cancellare questo salvataggio?	Deseja mesmo apagar este progresso salvo?	¿Seguro(a) que quieres borrar estos datos?	Bist du sicher dass du diesen Spielstand löschen willst?	Czy na pewno chcesz usunąć ten plik zapisu?	您確定要刪除此存檔資料？	Bu kayıt dosyasını silmek istediğinden emin misin?	Är du säker på att du vill radera den här sparfilen?	Вы уверены, что хотите\nудалить данное сохранение?
sys_control_mode_description	Select a control style.\nYou can always change this through the skill select menu.						Escolha um tipo de controle.\nVocê pode alterar isso pelo menu de habilidades.	Elige un modo de control.\nPodrás cambiarlo en el menú de selección de habilidades.						Выберите стиль управления.\nВы всегда можете изменить его\nчерез меню выбора навыка.
sys_retail_control	Retail						Original	Original						Оригинал
sys_reignited_control	Reignited						Reignited	Reencendido						Ремейк
sys_traditional_control	Traditional						Tradicional	Tradicional						Классика
sys_retail_description	Mimmicks the original Wii game's autorun and charge jump.\nRecommended for purists.						Imita a corrida automatica e pulo carregado do jogo de Wii original.\nRecomendado para puristas	Imita el movimiento automático y el salto cargado del Wii.\nRecomendado para puristas.						Имитирует автобег и прыжок с зарядом\nиз оригинальной игры для Wii.\nРекомендуется для ценителей оригинала.
sys_reignited_description	Updates the core on-rails style gameplay for modern controllers.\nRecommended for most players.						Atualiza o estilo de jogo linear para controles modernos.\nRecomendado para a maioria dos jogadores.	Actualiza la jugabilidad lineal del juego para adaptarla a los controles modernos.\nRecomendado para la mayoría.						Обновляет основной геймплей в стиле\n"""по рельсам""" для современных геймпадов.\nРекомендуется для большинства игроков.
sys_traditional_description	Removes the on-rails control style entirely.\nRecommended for experienced players who know what they want.						Remove o sistema de controle linear por completo.\nRecomendado para jogadores experientes.	Remueve el sistema lineal por completo.\nRecomendado para quienes saben lo que quieren.						Полностью отключает стиль управления """по рельсам""".\nРекомендуется опытным игрокам,\nкоторые знают, чего хотят.
sys_retry	Retry		リトライ	Otra Vez	Recommencer 	Ricomincia	Reiniciar	Reintentar	Erneut versuchen	Powtórz	重來	Tekrarla	Försök igen	Заново
sys_next	Next		つぎへ	Continuar	Suivant 	Prossimo	Próximo	Continuar	Weiter	Dalej	繼續	Sonraki	Nästa	Далее
sys_back	Back		もどる				Retornar	Volver						
sys_return	Return		もどる	Volver	Retour	Ritorna	Voltar	Regresar	Zurück	Powrót	返回	Geri dön	Återvänd	Назад
sys_skip	Skip		スキップ				Pular	Saltar	Überspringen		跳過			Пропустить
sys_quit	Quit		やめる	Salir	Quitter 	Esci dal Gioco	Sair	Salir	Verlassen	Wyjdź	退出	Çık	Avsluta	Выход
sys_quit_description	Quit the Game?		ゲームをやめてします。\nよろしいですか?	¿Quieres Salir del Juego?	Quitter le jeu ? 	Abbandonare il Gioco?	Sair do Jogo?	¿Quieres cerrar el juego?	Spiel verlassen?	Wyjść z gry?	退出遊戲？	Oyundan çıkılsın mı?	Avsluta spelet?	Выйти из игры?
sys_presets	Presets		プリセット	Conjuntos	Préréglages	Preimpostazioni	Conjuntos	Conjuntos de habilidades	Voreinstellungen	Szablony	技能組合	Ön ayarlar	Förinställningar	Шаблон
sys_save	Save		セーブ	Guardar	Sauvegarder	Salvataggio	Salvar	Guardar	Speichern	Zapisz	儲存	Kaydet	Spara	Сохранить
sys_overwrite	Overwrite		オーバーライト	Sobrescribir	Ecraser	Sovrascrivere	Sobrescrever	Sobrescribir	Überschreiben	Nadpisz	覆寫	Üstüne yaz	Skriv över	Перезаписать
sys_load	Load		ロード	Cargar	Charger	Carica	Carregar	Cargar	Laden	Wczytaj	載入	Yükle	Ladda	Загрузить
sys_rename	Rename		リネーム	Renombrar	Renommer	Rinomina	Renomear	Renombrar	Umbennen	Przemianuj	重新命名	Yeniden Adlandır	Byt namn	Переименовать
sys_skill	Edit Skills		チェンジスキル	Habilidades	Modifier les compétences	Modifica le Abilità	Habilidades	Editar habilidades	Skills bearbeiten	Edytuj Talenty	修改技能	Becerileri Düzenle	Redigera färdigheter	Выбор навыков
sys_skill_total	Skill Total		スキルトータル	Total de Habilidades	Total de compétences	Abilità Totali	Total de Habilidades	Total de Habilidades	Gesamte Skills	Suma Talentów	總共裝備技能	Toplam Beceri	Sammalagd färdighet	Всего навыков
sys_skill_cost	Skill Cost		スキルコスト	Coste Total	Coût total	Costo delle Abilità	Custo de Habilidade	Costo de habilidad	Skill-Kosten	Koszt Talentu	總共使用點數	Beceri Maliyeti	Färdighetskostnad	Стоимость навыка
sys_sort	Sort		ソート	Ordenar	Trier	Ordina	Organizar	Ordenar	Sortieren	Sortuj	分類	Tür	Sortera	Отсортировать
sys_sort_default	Default		デフォルト	Predeterminado	Par défaut	Predefinito	Padrão	Por defecto	Standard	Domyślne	預設	Sıradan	Standard	По умолчанию
sys_sort_name	Name		名前	Nombre	Nom	Nome	Nome	Nombre	Name	Nazwa	名稱	İsim	Namn	Название
sys_sort_cost	Cost		コスト	Coste	Coût	Costo 	Custo	Costo	Kosten	Koszt	所需點數	Maliyet	Kostnad	Стоимость
sys_sort_wind	Wind		ウィンド	Viento	Vent	Vento	Vento	Viento	Wind	Wiatr	風屬性	Rüzgar	Vind	Дух ветра
sys_sort_fire	Fire		ファイア	Fuego	Feu	Fuoco	Fogo	Fuego	Feuer	Ogień	炎屬性	Ateş	Eld	Дух огня
sys_sort_dark	Dark		ダーク	Oscuridad	Ténèbres	Tenebre	Escuridão	Sombrío	Finsternis	Mrok	闇屬性	Karanlık	Mörk	Дух темноты
														
sys_reset	Reset		リセット	Restablecer	Réinitialiser	Resetta	Redefinir	Restablecer	Zurücksetzen	Zresetuj	重置	Tekrarla	Återställ	Сбросить
sys_reset_description	Are you sure you want to reset this preset?		このプリセットをリセットする？	¿Deseas restablecer este conjunto de habilidades?	Voulez-vous réinitialiser cet ensemble de compétences ?	Sei sicuro di voler resettare questa preimpostazione	Deseja mesmo redefinir este conjunto?	¿Seguro(a) que quieres restablecer este conjunto de habilidades?	Bist du sicher dass du diese Vorgabe zurücksetzen willst?	Czy na pewno chcesz zresetować ten szablon?	您確定要重置此一組合？	Bu ön ayarı sıfırlamak istediğine emin misin?	Är du säker på att du vill återställa den här förinställningen?	Вы уверены, что хотите сбросить этот шаблон?
sys_bgm	Change BGM		ＢＧＭ　へんこう			Cambia musica di sottofondo	Mudar música de fundo	Cambiar música de fondo	Musik ändern	Muzyka w Tle	變更BGM	APM Değiştir		Изменить фоновую музыку
														
sys_pause	Pause		ポーズ	Pausa	Pause	Pausa	Pausa	Pausa	Pause	Pauza	暫停	Durdur	Pausa	Пауза
pause_continue	Continue		コンティニュー	Continuar	Continuer 	Continua	Continuar	Continuar	Weiter	Kontynuuj	繼續	Devam et	Fortsätt	Продолжить
pause_restart	Restart		リスタート	Reiniciar	Recommencer	Ricomincia	Reiniciar	Reiniciar	Neustart	Zrestartuj	重新來過	Tekrarla	Starta om	Заново
pause_status	Status		ステータス	Estado	Statut	Stato	Status	Estado	Status	Status	狀態	Durum	Status	Статус
pause_quit	Quit		やめる	Salir	Quitter 	Abbandona	Sair	Salir	Verlassen	Wyjdź	退出	Çık	Avsluta	Выход
pause_mission	Mission		ミッション	Misión	Mission 	Missione	Missão	Misión	Mission	Misja	任務	Görev	Uppdrag	Миссия
pause_skill	Skills		スキル	Habilidades	Compétences	Abilità	Habilidades	Habilidades	Skills	Talenty	技能	Becerliler	Färdigheter	Навыки
pause_status_description	Here is Sonic's current status.		現在のソニックのステータスです。	Aquí está el estado actual de Sonic.	Stats actuelles de Sonic 	Ecco lo stato attuale di Sonic.	Aqui está o estado atual de Sonic.	Este es el estado actual de Sonic.	Hier ist Sonics aktueller Status.	Oto obecny status Sonica.	索尼克的目前狀態。	İşte Sonic'in son durumu.	Här är Sonics nuvarande status	Текущий статус Соника.
pause_mission_description	Here is information on\nyour current mission.		現在プレイ中のミッション\n内容を表示します。	Aquí hay información\nsobre la misión actual.	Informations de la quête 	Ecco le informazioni sulla\ntua attuale missione.	Aqui há informações\nda sua missão atual.	Esta es la información\nde tu misión actual.	Hier sind Informationen zu deiner aktuellen Mission.	Oto informacje o obecnej misji.	目前任務的資訊。	İşte şu anki\ngörevinle ilgili bilgiler.	Här är information för\nditt nuvarande uppdrag	Отобразить содержание текущей миссии.
pause_skill_description	Here is information on\nyour currently equipped skills.		現在プレイ中のスキルリストです。	Aquí hay información\nsobre las habilidades equipadas.	Informations de tes équipements actuels 	Ecco le informazioni sulle\ntue abilità attualmente equipaggiate.	Aqui há informações das\nsuas habilidades equipadas atualmente.	Esta es la información de\ntus habilidades equipadas.	Hier sind Informationen zu deiner aktuellen Ausrüstung.	Oto informacje o wyposażonych talentach.	目前裝備的技能。	İşte şu anda sahip olduğun\nbecerilere ilişkin bilgiler.	Här är information för\ndina nuvarande valda färdigheter	Список навыков, которыми сейчас снаряжён герой.
pause_lv	Level		レベル	Nivel	Niveau 	Livello	Nível	Nivel	Level	Poziom	等級	Seviye	Nivå	Уровень
pause_high_score	High Score		ハイスコア	Mejor Puntuación	Score le plus élevé 	Punteggio più alto	Melhor Pontuação	Mayor puntuación	Höchstpunktzahl	Najlepszy Wynik	最佳得分	Yüksek Skor	Topp Poäng	Всего очков
pause_score	Score		スコア	Puntuación	Score le plus élevé 	Punteggio più alto	Pontuação	Puntuación	Punkte	Wynik	得分	Skor	Poäng	Очки
pause_best_time	Best Time		ベストタイム	Mejor Tiempo	Meilleur temps	Tempo Migliore	Melhor Tempo	Mejor tiempo	Bestzeit	Najlepszy Czas	最佳時間	En İyi Süre	Bästa Tid	Лучшее время
pause_time	Time		タイム	Tiempo	Temps	Tempo	Tempo	Tiempo	Zeit	Czas	時間	Süre	Tid	Время
pause_stage_exp	Stage EXP		ステージ EXP	EXP del Nivel	XP du niveau 	PE del livello	EXP de Nível	EXP del nivel	Level EP	PD Etapu	關卡獲得EXP	Aşama EXP	Ban EXP	Уровень опыта
pause_total_exp	Total EXP		トータル EXP	EXP Total	XP total 	PE totale	EXP Total	EXP total	Gesamt EP	Suma PD	總共EXP	Toplam EXP	Total EXP	Всего опыта
pause_gauge	Soul Gauge		ソウルゲージ	Barra de Almas	Jauge d'Âme	Indicatore dell'Anima	Barra Espiritual	Medidor de almas	Soul Gauge	Pasek Dusz	魂力量表	Ruh Ölçer	Själmätare	Шкала души
pause_fire_soul	Fire Soul		ファイヤーソウル	Alma Ígnea	Âme de Feu 	Anima Infuocata	Alma de Fogo	Alma de fuego	Feuerseele	Ognista Dusza	焰魂	Ateş Ruhu	Eldsjäl	Душа огня
pause_medal	Medal		メダル	Medalla	Médaille 	Medaglia	Medalha	Medalla	Medaille	Medal	獎牌	Madalya	Medalj	Медаль
pause_no_skill	No skills are currently equipped.		スキルは装備していない。	No tienes equipada ninguna habilidad.	Aucune compétence n'est actuellement équipée.	Nessuna abilità è attualmente equipaggiata.	Nenhuma habilidade está equipada no momento.	No hay ninguna habilidad equipada.	Es sind gerade keine Skills ausgerüstet.	Żaden talent nie jest obecnie używany.	目前沒有裝備技能	Şu anda hiçbir beceri donatılmadı.	Inga färdigheter är utrustade för tillfället.	Сейчас Ваш герой ничем не снаряжён.
														
														
status_header	Status		ステータス			Stato	Status	Estado	Status	Status	狀態	Durum	Status	Статус
status_level	Level		レベル			Livello	Nível	Nivel	Level	Poziom	等級	Seviye	Nivå	Уровень
status_ring	Ring Count		リング数			Numero Anelli	Anéis	Anillos	Ringe gesammelt	Liczba Pierścieni	金環數量	Yüzük Sayısı	Antal Ringar	Максимум колец
status_fire_soul	Fire Soul Count		ファイヤーソウル数			Numero Anime Infuocate	Almas de Fogo	Almas de fuego	Feuerseelen 	Liczba Ognistych Dusz	焰魂數量	Ateş Ruhu Sayısı	Antal Äldsjälar	Всего Душ огня
status_skill_points	Skill Points		スキル ポイント			Punti Abilità	Pontos de Habilidade	Puntos de habilidad	Skillpunkte	Punkty Talentów	技能點數	Beceri Puanları	Färdighetspoäng	Очков навыка
status_soul_gauge	Max Soul Gauge		マックスソウルゲージ			Barra dell'Anima Massima	Barra Espiritual Máxima	Medidor de almas	Soul Gauge Höhe	Maks. Pasek Dusz	最大魂力量表	Maksimum Ruh Ölçütü	Max Själmätare	Максимум шкалы души
status_total_exp	Total Exp		トータル EXP			EP Totali	Experiência Total	Exp Total	Erfahrungspunkte	Łączne PD	總EXP	Toplam Tecrübe Puanı	Total EXP	Всего опыта
status_next_exp	Next Level Up		次のレベル			Prossimo Livello	Próximo Nível	Para el próximo nivel	Nächstes Level ab	Kolejny Poziom	下次升等	Sonraki Seviye Atlama	Nästa Nivå Upp	Следующий уровень
status_next_story	Next Story Mission		次のミッション			Prossima Missione Storia	Próxima Missão de HIstória	Próxima misión de la historia	Nächste Story Mission	Kolejna Misja Fabularna	下個主線任務	Sonraki Hikaye Görevi	Nästa Berättelse Uppdrag	Следующая миссия в Приключении
														
														
sys_world_locked	You cannot select this world yet.		このステージは　まだ選択できません。	Aún no puedes seleccionar este mundo.	Tu ne peux pas encore\nséléctionner ce monde.	Non puoi ancora selezionare questo mondo.	Você ainda não pode selecionar este mundo.	Aún no puedes elegir este mundo.	Du kannst diese Welt noch nicht auswählen.	Jeszcze nie możesz wybrać tego świata.	您還不能選擇此世界。	Henüz bu bölgeyi seçemezsin.	Du kan inte välja den här världen än.	Вы пока не можете выбрать этот мир.
sys_mode_adventure	Take on the quest to save the\nfading world of the Arabian Nights!		失われつつあるアラビアンナイトの\n世界を冒険します。	¡Emprende la misión de salvar\nel mundo de Las mil y una noches!	Pars à l'aventure et sauve le monde\ndes Mille et Une Nuits du néant !	Intraprendi la missione per salvare\nil mondo dissolvente delle Mille e una Notte!	Embarque nesta missão para salvar o\nmundo esvaecido das Mil e uma Noites!	Explora y salva el mundo decadente\de """Las mil y una noches""".	Rette die schwindende Welt von\nTausendundeiner Nacht!	Podejmij się wyprawy by uratować\nzanikający świat Arabskich Nocy!	接下任務，\n拯救正在逐漸消失的天方夜譚的世界吧！	Arap Geceleri’nin solmakta olan\ndünyasını kurtarma görevini üstlen!	Ge dig ut på uppdraget för att rädda\nTusen och en Natts bleknande värld!	Отправимся навстречу приключениям\nв мир исчезающих """Тысячи и одной ночи"""!
sys_mode_party	Play with up to 4 of your friends\nin this full-scale minigame mode!		1人~4人で遊ぶためのミニゲーム\n満載のパーティーモードーです。	¡Juega con hasta 4 amigos a\nuna multitud de minijuegos!	Joue à des mini-jeux avec jusqu'a 4 de tes amis dans ce mode mini-jeu !	Gioca fino a 4 amici\nin questa modalità di mini-giochi!	Jogue com até 4 amigos uma\nvariedade de minigames!	Un modo repleto de minijuegos\para 1 a 4 jugadores.	Im Partymodus können bis zu 4\nFreunde an Minispielen teilnehmen!	Graj z maks. czterema znajomymi w tym\npełnowymiarowym trybie Minigrowym! 	可供1~4人遊玩充滿小遊戲的派對模式！	Bu kapsamlı mini oyun modunda\n4 arkadaşına kadar birlikte oyna!	Spela med upp till 4 av dina vänner in det här fullskaliga minispelsläget!	Режим вечеринки, в котором собраны\nмини-игры для 1-4 человек.
sys_mode_book	You can view the pages\nyou've collected here.		これまで獲得したページを\n見る事ができます。	Aquí puedes ver las páginas\nque has coleccionado.	Tu peux voir toutes les pages\nque tu as récupérées ici.	Qui puoi vedere le pagine\nche hai collezionato.	Aqui você pode ver as páginas\nque já coletou.	Puedes ver las páginas\nque has reunido aquí.	Hier kannst du die Seiten ansehen,\ndie du gesammelt hast.	Tutaj możesz przejrzeć strony,\nktóre zebrałeś/aś.	您可以在此觀賞收集到的書頁。	Topladığın sayfaları burada görüntüleyebilirsin.	Du kan titta på sidor som\ndu har samlat här.	Просмотреть полученные страницы.
sys_mode_option	Change the game's settings.		ゲーム中の設定を変更できます。	Ajusta los parámetros del juego.	Ceci te permet de modifier\nles paramètres du jeu.	Cambia le impostazioni di gioco.	Altere as configurações do jogo.	Cambia los ajustes del juego.	Ändere die Einstellungen des Spiels.	Zmień ustawienia gry.	調整遊戲設定。	Oyun ayarlarını değiştir.	Ändra spelets inställningar.	Изменить настройки игры.
sys_mode_timeattack	Go for the fastest time!		最速タイムを狙え！	¡Compite por los tiempos más rápidos!	Établis des records de vitesse !	Competi per il tempo più veloce!	Compita pelos menores tempos!	Intenta llegar más rápido.	Wetteifere um die schnellsten Zeiten!	Rywalizuj po najlepsze czasy!	挑戰以最快時間通關！	En hızlı süre için yarış!	Tävla för dem snabbaste tiderna!	Соревнуйтесь за лучшее время!
sys_mode_timeattack_locked	Clear the game at least once to unlock.		ゲームをクリアするとアンロックされる。	Supera el juego al menos una vez para desbloquearlo.	Termine le jeu une fois pour débloquer.	Completa il gioco almeno una volta per sbloccare questa modalità.	Conclua o jogo pelo menos uma vez para desbloquear.	Termina el juego al menos\nuna vez para desbloquear esto.	Spiel das Spiel einmal durch, um dies freizuschalten.	Skończ grę przynajmniej raz by odblokować.	完成遊戲一次即可解鎖。	Kilidi açmak için oyunu en az bir kez tamamla.	Klara ut spelet minst en gång för att låsa upp.	Чтобы разблокировать, пройдите\nигру хотя бы один раз.
														
sys_save_select	Please select the file\nyou would like to play.		始めたいデータを選択してください。	Selecciona el archivo de\nguardado que quieres cargar.	Sélectionne le ficher que tu souhaites utiliser.	Seleziona il salvataggio\ndove vorresti giocare	Selecione o progresso\nque deseja jogar.	Elige el archivo que quieres usar	Bitte wähle die gewünschte\nDatei aus.	Wybierz zapis,\nna którym chcesz grać.	請選擇要遊玩的存檔資料。	Lütfen oynamak istedigin\ndosyayı seç	Snälla välj filen som du skulle vilja spela.	Выберите файл, который\nхотите загрузить.
sys_new	New		New	Nuevo	Nouveau	Nuovo	Novo	Nuevo	Neu	Nowy	新	Yeni	Ny	Новое
sys_map	World		ワールド	Mundo	Monde	Mondo	Mundo	Mundo	Welt	Świat	世界	Dünya	Värld	Мир
sys_mission	Mission		ミッション	Misión	Mission 	Missione	Missão	Misión	Mission	Misja	任務	Görev	Uppdrag	Миссия
sys_music_selector	Music Selector		曲セレクター				Seletor de Música	Selector de música	Musik-Auswahl	Wybór Muzyki	音樂選擇	Müzik Seçici	Musik Väljare	
sys_customtracks	Custom Music		カスタム曲				Músicas Importadas	Música personalida	Eigene Musik	Niestandardowa Muzyka	客製關卡	Özel Müzik	Anpassad Musik	Пользовательские трассы
sys_maintracks	Default Music		デフォルト曲				Música Padrão	Música por defecto	Standard-Musik	Standardowa Muzyka	主要關卡	Normal Müzik	Standard Musik	Основные трассы
sys_refresh	Refresh													
														
ta_title	Time Attack		タイムアタック	Contrarreloj	Contre-la-montre	Sfida a Tempo	Contra o Tempo	Contrarreloj	Zeit-Angriff	Atak Czasu	競速通關模式	Zamanlı Saldırı	Tids Attack	Забег на время
ta_newrun	New Run		ニュー ＲＴＡ	Nueva Partida	Nouvelle partie	Nuova Partita	Nova Partida	Nueva speedrun	Neuer Speedrun	Nowy Bieg	新挑戰	Yeni Koşu	Ny Omgång	Новое прохождение
ta_mode_title	Choose Run Type		ＲＴＡタイプ選択	Escoge el Tipo de Partida Cronometrada	Sélectionner le type de partie	Seleziona il tipo di partita	Escolha o Tipo de Partida	Elige el tipo de speedrun	Speedrun-Typ auswählen	Wybierz Typ Biegu	請選擇競速通關規則	Koşu Türünü Seç	Välj Omgångstyp	Выберите тип прохождения
ta_mode_standard	Standard		通常			Standard	Normal	Normal	Standard	Standard	標準	Standard	Standard	Стандартный
ta_mode_mainmissions	Minimalist		ミニマリスト			Missioni Principali	Missões Principais	Misiones principales	Hauptmissionen	Misje Główne	主線任務	Ana Görevler	Huvuduppdrag	Основные миссии
ta_mode_bossrush	Boss Rush		ボスラッシュ	Jefes	Boss Rush	Attacco ai Boss	Desafio dos Chefes	Cadena de jefes	Boss Rush	Maraton Bossów	頭目連戰	Boss Hücumu	Bossrusning	Битва с боссами
ta_mode_leaderboard	Leaderboard		ランキング			Tabellone	Ranques	Tabla de posiciones	Ranglisten	Tablica Wyników	排行榜	Liderlik Tablosu	Topplista	Список лидеров
ta_mode_singlerun	Single Run		ＩＬ	Nivel Único		Partita Unica	Partida Única	Sólo un nivel	Einzel-Speedrun	Pojedyńczy Bieg	單關挑戰	Tekli Koşu	Enkel Omgång	Одиночный забег
ta_start	Start!		スタート	¡Comenzar!	Aller !	Inizia!	Iniciar!	¡Empezar!	Start!	Start!	開始！	Başla!	Start!	Старт!
ta_levellist	Level List		ステージリスト			Lista dei Livelli	Lista de Fases	Lista de niveles	Level-Liste	Lista Etapów	關卡列表	Seviye Listesi	Nivålista	Список уровней
ta_newrun_desc	Start a new speedrun!		新しいＲＴＡを始まる。	¡Da comienzo a la partida!	Démarrer un nouveau speedrun !	Inizia una nuova partita veloce!	Começar uma nova partida!	¡Empieza una nueva speedrun!	Starte einen neuen Speedrun!	Zacznij nowy speedrun!	開始進行新的Speedrun！	Yeni bir speedrun'a başla!	Starta en ny speedrun!	Начать новое быстрое прохождение!
ta_mode_singlerun_desc	Play individual levels.		個々のレベルをＲＴＡする。	Juega niveles individuales.	Joue un niveau.	Gioca livelli individuali.	Jogue fases individuais.	Juega niveles individuales.	Spiele einzelne Level.	Graj w indywidualne etapy.	遊玩獨立關卡。	Özel bölümler oyna.	Spela individuela nivåer.	Пройти отдельно уровни.
ta_mode_desc_anypercent	The New Game experience!\nTime ends when defeating Alf Layla Wa Layla.		ニューゲームプラス体験だ！\nアルフ・ライラ・ワ・ライラを倒すとタイムが終了する。	¡De principio a fin, desde cero!\nEl cronómetro se detiene tras derrotar a Alf Leyla wa-Leyla.	Une expérience New Game!\nLe chronomètre s'arrête quand Alf Layla Wa Layla est vaincu.	L'esperienza del New Game!\nIl cronometro si ferma quando sconfiggi Alf Layla Wa Layla.	Do começo ao fim, desde o zero!\nO cronômetro para após derrotar Alf Layla wa-Layla.	¡Experimenta un nuevo juego!\nEl tiempo se detiene al vencer a Alf Leyla wa Leyla.	Mit """New Game"""-Regeln!\nZeit wird gestoppt sobald Alf Layla Wa Layla besiegt wurde.	Doświadczenie Nowej Gry!\nCzas kończy się po pokonaniu Alf Layla Wa Layla.	以無紀錄狀態進行挑戰！計時會在打倒一千零一夜時結束。	Yeni Oyun deneyimi!\nAlf Layla Wa Layla'yı yendiğinde süre sona erer.	Nytt Spel upplevelsen!\nTiden stannar när du slår Alf Layla Wa Layla.	Новая игра!\nВремя заканчивается после победы над Альф-Лейла-ва-Лейла.
ta_mode_desc_goalpercent	All """Go for the Goal""" stages!\nTime ends when finishing Night Palace.		すべての「ゴー　フォー　ザ　ゴールl」ステージ！\nナイト　パレスをクリアするとタイムが終了する。	¡Todos los niveles de """Llega a la Meta"""!\nEl cronómetro se detiene tras superar el Palacio Nocturno.	Tous les stages """Atteindre l'arrivé""" !\nLe chronomètre s'arrête en finissant Night Palace.	Tutti i livelli """Vai verso il Traguardo"""\nIl cronometro si ferma quando concludi il Palazzo Notturno.	Todos as fases de """Chegue até o Fim"""!\nO cronômetro para após finalizar Night Palace.	¡Todas las misiones """Llega a la meta"""!\nEl tiempo se detiene al terminar Palacio Nocturno.	Alle """Erreiche das Ziel"""-Levels!\nZeit wird gestoppt sobald Night Palace durchgespielt wurde.	Wszystkie etapy """Dobiegnij do Mety"""!\nCzas kończy się po pokonaniu Nocnego Pałacu.	挑戰全「抵達終點」任務關卡！計時會在暗夜宮廷通關時結束。	Tüm """Hedefe Git""" aşamaları!\nGece Sarayı'nı bitirdiğinizde süre sona erer.	Alla """Sikta på målet""" banor!\nTiden stannar när du klarar Natt Palatset.	Пройти все уровни до финиша!\nВремя заканчивается после победы над Альф-Лейла-ва-Лейла.
ta_mode_desc_bossrush	All Boss stages!\nTime ends when defeating Alf Layla Wa Layla.		すべてのボスステージ！\nアルフ・ライラ・ワ・ライラを倒すとタイムが終了する。	¡Lucha contra todos los Jefes!\nEl cronómetro se detiene tras derrotar a Alf Leyla wa-Leyla.	Tous les stages de Boss !\nLe chronomètre s'arrête lorsque Alf Layla Wa Layla est vaincu.	Tutti gli scontri contro i Boss!\nIl cronometro si ferma quando sconfiggi Alf Layla Wa Laya.	Todos as fases de Chefe!\nO cronômetro para após derrotar Alf Layla wa-Layla.	¡Todos los jefes!\nEl tiempo se detiene al vencer a Alf Leyla wa Leyla.	Alle Boss-Levels!\nZeit wird gestoppt sobald Alf Layla Wa Layla besiegt wurde.	Wszystkie etapy Bossów! \nCzas kończy się po pokonaniu Alf Layla Wa Layla.	挑戰全「擊敗Boss」任務關卡！\n計時會在打倒一千零一夜時結束。	Tüm Boss aşamaları!\nAlf Layla Wa Layla'yı yendiğinde süre sona erer.	Alla Boss banor!\nTiden stannar när du slår Alf Layla Wa Layla.	Пройти все уровни с боссами!\nВремя заканчивается после победы над Альф-Лейла-ва-Лейла.
ta_start_desc	Start the run!		ＲＴＡ始める			Inizia la partita!	Iniciar partida!	¡Comenzar speedrun!	Starte den Speedrun!	Rozpocznij Speedrun!	開始Speedrun！	Koşmaya başla!	Starta omgången!	Начать забег!
ta_levellist_desc	Show the levels being played in this run.		ＲＴＡのステージリストを表示する。			Mostra i livelli attualmente giocati in questa partita.	Mostra as fases que farão parte dessa partida.	Muestra los niveles que se jugaran en esta speedrun.	Zeige die Levels, die in dem Speedrun gespielt werden.	Pokaż etapy grane w tym biegu.	顯示本次Speedrun要遊玩的關卡。	Bu koşuda oynanmış seviyeleri göster.	Visa nivåerna som spelas denna omgång.	Показать уровни, пройденные в этом забеге.
														
ta_results_total	Total Time		トタルタイム			Tempo Totale	Tempo Total	Tiempo total	Gesamtzeit	Ogólny Czas	總共時間	Toplam Süre	Total Tid	Общее время
ta_results	Results		結果			Risultati	Resultados	Resultados	Ergebnis	Wynik	結果	Sonuçlar	Resultat	Результаты
ta_newrecord	New Record		ニュウレコード											
ta_continue	Continue Run		ＲＴＡをつづけく			Continua Partita	Continuar partida	Continuar speedrun	Speedrun Fortsetzen	Kontynuuj Bieg	繼續Speedrun	Koşuya Devam	Fortsätt Omgång	Продолжить забег
ta_continue_desc	Continues the last active run.		前回のＲＴＡが続く。			Continuare la partita salvata?	Continuar partida salva?	¿Continuar la speedrun guardada?	Setze Speedrun fort?	Kontynuować zapisany bieg?	繼續儲存Speedrun紀錄？	Son aktif koşudan devam eder	Fortsätt den senast aktiva omgången.	Продолжить сохранённый забег?
ta_alert_overwrite	Overwrite current run?		前回のＲＴＡを上書きします。\nよろしいですか?			Sovrascrivere la partita salvata?	Substituir pela partida atual?	¿Sobreescribir la speedrun guardada?	Überschreibe jetzigen Speedrun?	Nadpisać obecny bieg?	覆蓋本次Speedrun紀錄？	Anlık koşunun üstüne yazılsın mı?	Skriv över nuvarande omgången?	Перезаписать текущий забег?
ta_restartrun	Restart Run		リスタート											
spb_controls_random	Play Random		ランダムさいせい	Reproducir al Azar	Au hasard	Gioca in modo Casuale	Reproduzir Aleatoriamente	Reproducción aleatoria	Zufälliges Spiel	Zagraj Losowe	隨機遊玩	Rastgele Oyna	Spela Slumpmässigt	Случайный порядок
spb_controls_zoom	Zoom		ズームレベル	Zoom	Zoom	Ingrandimento	Zoom	Zoom	Zoomen	Przybliż	放大	Yakınlaştır	Zooma	Увеличить
spb_controls_play	Play		さいせい	Reproducir	Jouer	Riproduci	Reproduzir	Reproducir	Spielen	Graj	遊玩	Oyna	Spela 	Проиграть
spb_controls_hide	Hide Menu		メニュー トグル	Ocultar el Menú	Cacher le menu	Nascondi il Menu	Esconder o Menu	Ocultar menú	Menü Verstecken	Ukryj Menu	隱藏選單	Menüyü Gizle	Göm Meny	Скрыть меню
spb_controls_move	Move		うごく	Mover		Muovi	Mover	Mover	Bewegen	Ruch	移動	Hareket et	Flytta	Отдалить
spb_controls_scale	Scale		サイズ	Redimensionar		Ridimensiona	Redimensionar	Escalar	Skalieren	Skala	縮放	Ölçek	Skala	Приблизить
														
														
sys_options	Options		設定	Opciones	Options	Opzioni	Opções	Opciones	Optionen	Ustawienia	設定	Ayarlar	Inställningar	Настройки
option_mute	Mute		ミュート	Silenciado	Sourdine	Silenzia	Mudo	Mudo	Stummschalten	Wycisz	靜音	Sesini kapat	Ljudlös	Без звука
option_enable	Enabled		はい	Sí	Activé	Attivato	Ativado	Activado	An	Włączono	啟用	Etkinleştirilmiş	Aktiverad	Включено
option_disable	Disabled		いいえ	No	Désactivé	Disattivato	Desativado	Desactivado	Aus	Wyłączono	關閉	Engellenmiş	Avaktiverad	Выключено
option_hold	Hold		ホールド	Mantener	Maintenir	Mantieni	Segurar	Mantener	Halten	Trzymaj	長押	Tut	Håll in	Удержание
option_toggle	Toggle		トグル	Pulsar	Activer / Désactiver	Attiva/Disattiva	Ativar/Desativar	Activar/Desactivar	Umschalten	Wciśnij	切換	Değiştir	Växla	Переключение
option_both	Both		両方			Entrambi	Ambos	Ambos	Beides	Oba	同時啟用	İkiside		Оба варианта
option_attack	Attack		アタック	Atacar	Attaquer	Attacco	Atacar	Atacar	Angriff	Atak	攻擊	Saldır	Attackera	Атака
option_stomp	Stomp		ストンプ	Caída Rápida	Piétiner	Calpestata	Pisada	Pisotón	Stampfen	Tupnięcie	墜擊	Ez	Stampa	Растаптывание
option_high	High		高	Alto	Élevé	Alto	Alto	Alto	Hoch	Wysokie	高	Yüksek	Hög	Высокие
option_medium	Medium		中	Medio	Moyen	Medio	Médio	Medio	Mittel	Średnie	中	Orta	Medium	Средние
option_low	Low		低	Bajo	Faible	Basso	Baixo	Bajo	Niedrig	Niskie	低	Düşük	Låg	Низкие
option_hard_shadows	Hard Shadows		最低	Sombras Definidas	Ombres définies	Ombre Definite	Sombras Definidas	Sombras definidas	Harte Schatten	Twarde Cienie	最低	Sert Gölgeler	Svåra Skuggor	Большие тени
option_retail	Retail		オリジナル	Original	Original	Originale	Original	Original	Original	Wersja Pudełkowa	原始版本	Orijinal	Butiksversion	Релизная версия
option_hud_e3	E3 2006			E3 2006	E3 2006	E3 2006	E3 de 2006	E3 2006	E3 2006	E3 2006	E3 2006 版	E3 2006	E3 2006	E3 2006 версия
option_reignited	Reignited		リミックス	Nueva	Reignition	Reignition	Reignition	Reencendido	Neu entfacht	Odnowiona	Reignited 版	Yeniden Ateşlendi	Återtänd	Новая версия
option_style1	Style 1		スタイル１	Estilo 1	Style 1	Stile 1	Estilo 1	Estilo 1	Stil 1	Styl 1	風格 1	Stil 1	Stil 1	Стиль 1
option_style2	Style 2		スタイル２	Estilo 2	Style 2	Stile 2	Estilo 2	Estilo 2	Stil 2	Styl 2	風格 2	Stil 2	Stil 2	Стиль 2
option_horizontal	Horizontal		横向き	Horizontal	Horizontal	Orizzontale	Horizontal	Horizontal	Horizontal	Horyzontalny	橫向	Yatay	Horisontell	Горизонтально
option_vertical	Vertical		縦向き	Vertical	Vertical	Verticale	Vertical	Vertical	Vertikal	Wertykalny	縱向	Dikey	Verikal	Вертикально
														
option_video	Video		画面設定	Vídeo	Vidéo 	Video	Vídeo	Video	Video	Wideo	影像	Video	Video	Видео
option_audio	Audio		音声設定	Audio	Audio 	Audio	Áudio	Audio	Audio	Dżwiek	聲音	Ses	Ljud	Аудио
option_lang	Language		言語設定	Idioma	Langage	Lingua	Idioma	Idioma	Sprache	Język	語言	Dil	Språk	Язык
option_control	Controls		コントロール設定	Controles	Contrôles	Controlli	Controles	Controles	Steuerung	Sterowanie	控制	Kontroller	Kontroller	Управление
option_interface	Interface		インターフェース	Interfaz	Interface	Interfaccia	Interface	Interfaz	Interface	Interfejs	介面	Arayüz		Интерфейс
option_reset_settings	Reset Settings		設定をリセット	Configuración Preestablecida	Paramètres par défaut	Impostazioni Predefinite	Redefinir Configurações	Restablecer ajustes	Einstellungen zurücksetzen	Zresetuj Ustawienia	重置設定	Ayarları Sıfırla	Återställ Inställningar	Сброс настроек
option_reset_controls	Reset Input Mappings		コントロールをリセット	Restablecer Valores de Entrada	Réinitialiser les contrôles	Resetta la Mappatura del Controller	Redefinir Controles	Restablecer mapeo de entradas	Input Mappings zurücksetzten	Zresetuj Sterowanie	重置操控按鍵設定	Kontrol Eşlemelerini Sıfırla	Återställ Inmatningsmappningar	Сброс настроек геймпада
														
option_target_display	Target Display		ターゲットディスプレイ	Monitor Deseado	Écran	Seleziona Schermo	Tela	Monitor de destino	Ziel-Monitor	Docelowy Wyświetlacz	目標顯示	Hedef Gösterimi	Målskärm	Монитор
option_display	Display 0		ディスプレイ0	Monitor 0	Affichage 0	Schermo 0	Tela 0	Monitor 0	Monitor 0	Wyświetlacz 0	顯示 0	Görüntü 0	Skärm 0	Дисплей 0
option_window_size	Window Size		ディスプレイサイズ	Tamaño de la Ventana	Taille de la fenêtre	Dimensione della Finestra	Tamanho da Janela	Tamaño de la ventana	Fenstergröße	Rozmiar Okna	視窗大小	Pencere Boyutu	Fönster Storlek	Разрешение экрана
option_aspect	Aspect Ratio		アスペクト比	Relación de Aspecto	Rapport hauteur largeur	Rapporto D'aspetto	Proporção da Tela	Relación de aspecto	Seitenverhältnis	Format Obrazu	長寬比	En Boy Oranı	Bildformat	Соотношение сторон
option_fullscreen	Fullscreen		フルスクリーン	Pantalla Completa	Plein Écran 	Schermo Intero	Tela Cheia	Pantalla completa	Vollbild	Pełny Ekran	全螢幕	Tam Ekran	Helskärm	Полноэкранный
option_fullscreen_mode	Fullscreen Mode		フルスクリーンモード	Tipo de Pantalla Completa	Mode d'affichage	Modalità Schermo Intero	Modo de Tela Cheia	Modo de pantalla completa	Vollbildmodus	Tryb Pełnego Ekranu	全螢幕模式	Tam Ekran Modu	Helskärmsläge	Полноэкранный режим
option_custom	Custom		カスタム	Personalizado	Personnalisé	Personalizzato	Customizado	Personalizada	Erstellen	Niestandardowy	自訂	Özelleştirme	Anpassad	Настраиваемый
option_normal_fullscreen	Borderless		ボーダーレス	Normal	Plein-écran fenêtré	Senza Bordi	Sem bordas	Sin bordes	Randlos	Bezramkowy	無邊界全螢幕	Kenarlıksız	Kantlös	Без рамок
option_exclusive_fullscreen	Exclusive		フルスクリーン	Exclusiva	Exclusif	Esclusivo	Exclusiva	Exclusiva	Exklusiv	Ekskluzywny	專屬	Özelleştirme	Exklusiv	Особый
option_target_fps	Target Framerate		フレームレート	FPS deseados	Limite de FPS	Limite FPS	Limite de FPS	Límite de FPS	Limit der Bildrate	Docelowe KL./s	目標幀數	Hedef Kare Hızı	Måluppdateringsfrekvens	Частота кадров
option_unlimited_fps	Unlimited		制限なし	Ilimitados	Illimité	Illimitati	Ilimitado	Sin límite	Unendlich	Nieograniczone	無限制	Sınırsız	Oändlig	Без ограничений
option_fps	0 FPS		0 FPS	0 FPS	0 FPS	0 FPS	0 FPS	0 FPS	0 FPS	0 KL./S	0 FPS	0 FPS	0 FPS	0 FPS
option_vsync	V-Sync		垂直同期	Sincronización Vertical	V-Sync	Sincronizzazione Verticale	Sincronização Vertical	Sincronización vertical	V-Sync	Synchronizacja Pionowa	V-Sync垂直同步	Dikey senkronizasyon	V-Sync	V-Sync
option_render_scale	Render Scale		レンダリング精度	Escala de Renderizado	Échelle de Rendu	Scala di Rendering	Escala de Renderização	Escala de renderizado	Rendering-Skala	Skala Renderowania	渲染比例	İşleme Ölçeği	Renderingsskala	Масштаб рендеринга
option_resize_mode	Resize Mode		リサイズモード	Agrandamiento de la Imagen	Mode redimensionné	Modalità di Ridimensionamento	Modo de Redimensionamento	Modo de redimensionado	Skalierungsmodus	Tryb Skalowania	大小調整模式	Yeniden Boyutlandırma Modu	Storleksändringsläge	Режим изменения размера
option_antialiasing	Anti-Aliasing		アンチエイリアス	Suavizado de Imagen	Anticrénelage	Anti-Aliasing	Anti-serrilhado	Antialiasing	Anti-Aliasing	Wygładzanie Krawędzi	反鋸齒	Kenar Yumuşatma	Kantutjämning	Сглаживание
option_post_processing	Post-Processing		ポストプロセス	Postprocesamiento	Post-Traitement 	Post-Processing	Pós-processamento	Postprocesamiento	Post-Processing	Obróbka Końcowa	後處理	Son İşleme	Efterbearbeting	Постобработка
option_bloom	Bloom Quality		ブルーム	Calidad del Bloom	Flou lumineux	Qualità del Bloom	Efeitos Brilhantes	Calidad del resplandor	Bloomqualität	Jakość Poświaty	光暈品質	Çiçeklenme Kalitesi	Bloom-Kvalitet	Качество цвета
option_shadow	Shadow Quality		シャドウ品質	Sombras	Qualité des ombres	Qualità delle Ombre	Qualidade das Sombras	Calidad de las sombras	Schattenqualität	Jakość Cieni	陰影品質	Gölge Kalitesi	Skugg-Kvalitet	Качество теней
option_reflection	Reflection Quality		反射品質	Reflejos	Qualité des reflets	Qualità dei Riflessi	Qualidade dos Reflexos	Calidad de los reflejos	Reflexionsqualität	Jakość Odbić	反射品質	Yansıma Kalitesi	Reflektions-Kvalitet	Качество отражения
option_screen_shake	Screen Shake		スクリーンシェイク	Temblor de Pantalla	Tremblement de l'écran	Scossa dello Schermo	Tremor na Tela	Sacudida de pantalla	Screen Shake	Trzęsienie Ekranu	螢幕搖晃	Ekran Sallantısı	Skärmskakning	Мерцание экрана
option_motion_blur	Motion Blur		モーションブラー	Desenfoque por Movimiento	Flou de mouvement	Sfocatura di Movimento	Desfoque de Movimento	Desenfoque de movimiento	Motion Blur	Rozmycie w Ruchu	動態模糊	Hareket Bulanıklığı	Rörelseoskärpa	Режим размытия
														
option_main_vol	Main Volume		ゲームボリューム	Volumen General	Volume général	Volume Principale	Volume Principal	Volumen principal	Gesamtlautstärke	Głowna Głośność	主音量	Ana Ses	Huvudvolym	Основная громкость
option_bgm_vol	Music Volume		音楽ボリューム	Volumen de la Música	Volume de la musique 	Volume della Musica	Música	Volumen de la música	Musik	Głośność Muzyki	音樂音量	Müzik Sesi	Musikvolym	Громкость музыки
option_sfx_vol	SFX Volume		SFXボリューム	Volumen de los Efectos	Volume des effets	Volume degli Effetti	Efeitos Sonoros	Volumen de los efectos	Soundeffekte	Głośność Efektów Specjalnych	音效音量	Efekt Sesi	SFX Volym	Громкость спецэффектов
option_voice_vol	Voice Volume		声ボリューム	Volumen de las Voces	Volume des voix 	Volume delle Voci	Voz	Volumen de la voces	Stimmen	Głośność Głosów	語音音量	Konuşma Sesi	Röstvolym	Громкость голосов
option_level_select_music	Mission Select Music		ミッションメニュー音楽	Música de Selección de Misión	Choix de la musique des missions	Musica della Selezione delle Missioni	Música de Seleção de Missão	Música de selección de misiones	Missionauswahl-Musik	Muzyka Wyboru Misji	任務選單音樂	Görev Seçme Müziği	Uppdragsvalsmusik	Стиль музыки в миссии
														
option_sub_toggle	Subtitles		サブタイトル	Subtítulos	Sous-titres	Sottotitoli	Legendas	Subtítulos	Untertitel	Napisy	字幕	Altyazılar	Textning	Субтитры
option_dialog_toggle	In-game Dialog		台詞	Diálogo del Juego	Dialogues	Dialogo del Gioco	Diálogos em Jogo	Diálogos durante el juego	In-Game Dialoge	Dialog w Grze	遊戲內對白	Oyun İçi Diyalog	Dialog i Spelet	Внутриигровые диалоги
option_text_lang	Text Language		文字言語の設定	Idioma de los Subtítulos	Langage du Texte 	Lingua del Testo	Idioma do Textos	Idioma de los textos	Sprache für Bildschirmtext	Język Tekstu	文字語言	Yazı Dili	Text Språk	Язык текста
option_voice_lang	Voice Language		音声言語の設定	Idioma de las Voces	Language Vocal	Lingua delle Voci	Idioma da Vozes	Idioma de las voces	Sprachausgabe	Język Głosów	語音語言	Ses Dili	Röst Språk	Язык озвучки
														
option_controller_ui	Button Type		ボタンタイプ	Interfaz de los Botones	Type de boutons	Tipo di Pulsanti	Tipo dos Botões	Tipo de botones	Tasten-Variante	Typ Przycisków	按鍵類型	Tuş Türü	Knapp Typ	Тип кнопок
option_deadzone	Axis Dead Zone		デッドゾーン	Zona Muerta del Eje	Axe de la Zone Morte 	Zona Morta dell'Asse	Zona Morta dos Analógicos	Zona muerta del eje	Achse-Totzone	Martwa Strefa Osi	軸桿死區	Eksen Ölü Bölgesi	Axel Dödzon	Мёртвая зона оси
option_break_mode	Break Skill Mode		ブレイクスキルモード	Impulso/Ralentización		Modalità delle Abilità Rottura	Modo das Habilidades	Modo de los """Breaks"""	Bremsfähigkeit-Modus	Tryb Umiejętności Zrywu	時間/速度突破技能模式	Kırma Becerisi Modu	Brytfärdighetsläge	Режим """Навыка владения"""
option_jump_mode	Jump Button Mode		ジャンプボタンモード	Modo de Salto	Mode du bouton de saut	Modalità del Salto	Modo do Salto	Modo del botón de salto	Sprungtaste-Modus	Tryb Przycisku Skoku	跳躍鍵模式	Zıplama Tuşu Modu	Hopp Knapp Läge	Настройка действия в прыжке
option_gyro	Gyro Settings		ジャイロ設定			Impostazioni Giroscopio	Configurações de Gyro	Ajustes del giroscopio	Gyro-Einstellungen	Ustawienia Gyro	陀螺儀設定	Gyro Ayarları	Gyroinställningar	Настройки гироскопа
option_mouse	Mouse Settings		マウス設定			Impostazioni Mouse	Configurações de Mouse	Ajustes del mouse	Maus-Einstellungen	Ustawienia Myszy	滑鼠設定	Fare Ayarları	Musinställningar	Настройки мыши
option_mapping	Change Mapping		チェンジコンフィグ	Cambiar Asignaciones	Changer les touches	Cambia Mappatura	Mudar Mapeamento	Cambiar mapeo	Mapping Ändern	Zmień Przypisanie	更改操控按鍵	Eşlemeyi Değiştir	Ändra Mappning	Настройка управления
option_party_mapping	Change Party Mapping		チェンジパーティーコンフィグ	Asignaciones Minijuegos	Changer les touches pour les Minijeux	Cambia Mappatura della Modalità Party	Mudar Mapeamento do Modo Festa	Cambiar mapeo en minijuegos	Party-Mapping Ändern	Zmień Przypisanie Imprezowe	改變派對操控按鍵	Parti Eşlemesini Değiştir	Ändra Grupp Mappning	Настройка управления для игроков
option_mapping_test	Test Controls		コントロールテースト	Probar los Controles	Test des touches	Prova i Controlli	Testar Controles	Probar controles	Steuerung Testen	Przetestuj Sterowanie	測試控制	Kontrolleri Test et	Testa Kontrollerna	Проверка управления
option_controller_auto	Auto Detect		オート	Detección Automática	Détection automatique	Rilevamento Automatico	Detecção Automática	Detectar automáticamente	Automatische Erkennung	Autodetekcja	自動偵測	Otomatik Algıla	Auto Detektion	Авто определение
option_controller_ps	PlayStation		PlayStation	PlayStation	PlayStation	PlayStation	PlayStation	PlayStation	PlayStation	PlayStation	PlayStation	PlayStation	Playstation	Playstation
option_controller_xbox	Xbox		Xbox	Xbox	Xbox	Xbox	Xbox	Xbox	Xbox	Xbox	Xbox	Xbox	Xbox	Xbox
option_controller_nintendo	Nintendo		Nintendo	Nintendo	Nintendo	Nintendo	Nintendo	Nintendo Switch	Nintendo	Nintendo	任天堂	Nintendo	Nintendo	Nintendo
option_controller_steam	Steam		Steam	Steam	Steam	Steam	Steam	Steam	Steam	Steam	Steam	Steam	Steam	Steam
option_awaiting_input	Awaiting Input...		入力してください...	Pulsa una Tecla...	En atttente de saisie 	Premi un Pulsante...	Pressione um botão...	Esperando entrada...	Wartet Auf Eingabe...	Naciśnij Przycisk...	請輸入操控...	Giriş bekleniyor...	Väntar på inmatning...	Ожидание ввода...
														
option_mouse_mode	Mouse Mode		マウスモード			Modalità Mouse	Modo de Mouse	Modo del mouse	Maus-Modus	Tryb Myszy	滑鼠模式	Fare Modu	Musläge	Режим мыши
option_mouse_positional	Positional		ポジション			Posizionale	Posicional	Posicional	Positionell	Pozycjonalna	位置	Konumsal	Positionell	Позиционный
option_mouse_motional	Motion Only		モーションだけ			Solo Movimento	Apenas Movimentos	Sólo movimiento	Nur Bewegungssteuerung	Tylko Ruch	僅有動態	Yalnızca Hareket	Endast Rörelse	Только движение
option_mouse_vertical_tracking	Vertical Tracking		タテトラッキング			Tracciamento Verticale	Movimento Vertical	Seguimiento vertical	Senkrechtes Tracking	Śledzenie Pionowe	垂直追蹤	Dikey Takip	Vertikal Spårning	Вертикальное слежение
option_mouse_motion_sensitivity	Motion Sensitivity		モーション感度			Sensibilità Movimenti	Sensibilidade	Sensibilidad	Empfindlichkeit der Bewegung	Czułość Myszy	動態靈敏度	Hareket Hassasiyeti	Rörelsekänslighet	Чувствительность к движению
option_mouse_deadzone	Positional Deadzone		ポジションデッドゾーン			Zona Morta	Zona Morta	Zona muerta	Positionelle Deadzone	Martwa Strefa	位置死角	Konumsal Ölü Bölge	Positionsdödzon	Позиционная мёртвая зона
option_mouse_horizontal_range	Horizontal Range		ヨコのレンジ			Raggio Orizzontale	Alcance Horizontal	Rango horizontal	Waagerechte Spanne	Zasięg Horyzontalny	水平範圍	Yatay Aralık	Horisontellt Omfång	Горизонтальный диапазон
option_mouse_vertical_range	Vertical Range		タテのレンジ			Raggio Verticale	Alcance Vertical	Rango vertical	Senkrechte Spanne	Zasięg Wertykalny	垂直範圍	Dikey Aralık	Vertikalt Omfång	Вертикальный диапазон
option_mouse_vertical_offset	Vertical Offset		タテオフセット			Offset Verticale	Deslocamento Vertical	Sesgo vertical	Senkrechter Offset	Przesunięcie Pionowe	垂直偏移量	Dikey Ofset	Vertikalt Offset	Вертикальное смещение
														
option_gyro_mode	Gyro Mode		ジャイロモード				Modo Giroscópio	Modo giroscópico	Gyro-Modus		陀螺儀模式	Gyro Modu	Gyroläge	Режим гироскопа
option_gyro_deadzone	Gyro Deadzone		ジャイロデッドゾーン				Zona Morta do Giroscópio	Zona muerta del giroscopio	Gyro-Totzone		陀螺儀死區	Gyro Ölübölgesi	Gyrodödzon	Мёртвая зона гироскопа
option_gyro_sensitivity	Gyro Sensitivity		ジャイロ感度				Sensibilidade do Giroscópio	Sensibilidad del giroscopio	Gyro-Sensititivität		陀螺儀敏感度	Gyro Hassasiyeti	Gyrokänslighet	Чувствительность гироскопа
														
														
														
														
option_hud_style	HUD Style		HUD スタイル	Estilo de la Interfaz	Style de l'interface	Stile dell'Interfaccia	Estilo da Interface	Estilo de la interfaz	HUD-Stil	Styl Interfejsu	介面風格	Hud Stili	HUD-stil	Оформление интерфейса
option_button_style	Button Style		ボタンスタイル	Estilo de los Botones	Style des boutons	Stile dei Pulsanti	Estilo dos Botões	Estilo de los botones	Knopf-Stil	Styl Przycisku	按鍵風格	Tuş Stili	Knapp Stil	Оформление кнопок
option_soul_style	Soul Gauge Style		ソールゲージスタイル	Orientación de la Barra de Almas	Rotation de la jauge d'âme	Tipo di Indicatore dell'Anima	Estilo da Barra Espiritual	Estilo del medidor de almas	Soul Gauge-Stil	Styl Paska Duszy	魂力量表風格	Ruh Ölçer Rotasyonu	Själmätarstil	Оформление Шкалы души
option_action_prompts	Action Prompts		アクションプロンプト	Mostrar Botones de Acción	Montrer les boutons d'Action	Prompt d'Azione	Botões de Ação	Indicar acciones	Tasten Hilfestellung	Aktywne Podpowiedzi	動作提示	Eylem İstemleri	Åtgärdsuppmaningar	Подсказки в игре
option_branding	Branding		ブランディング	Pantalla de Título		Stile del Titolo	Logo de Título	Logo del título	Titel-Branding	Markowanie	標題畫面顯示名稱	Markalaşma	Varumärkesbyggande	Визуальное оформление
option_ingame_subtitle_opacity	In-Game Subtitle Opacity		ゲーム内の字幕の不透明度			Opacità dei sottotitoli nel Gioco	Opacidade das Legendas em Jogo	Subtítulos del juego: Opacidad	In-Game Untertitel Deckkraft	Nieprzezroczystość Napisów w Grze	遊戲內字幕透明度	Oyun İçi Altyazı Şeffaflığı	Opacitet för Undertexter i Spelet	Прозрачность субтитров в игре
option_cutscene_subtitle_opacity	Cutscene Subtitle Opacity		イベントの字幕の不透明度			Opacità dei sottotitoli nei Filmati	Opacidade das Legendas em Cenas	Subtítulos de cinemáticas: Opacidad	Film Untertitel Deckkraft	Nieprzezroczystość Napisów\nw Przerywnikach Filmowych	劇情字幕透明度	Ara Sahne Altyazı Şeffaflığı	Opacitet för Undertexter i Mellansekvensen	Прозрачность субтитров в катсценах
														
option_levelmods_enabled	Level Mods						Mods de Fases							Моды на уровни
option_charamods_enabled	Character Mods						Mods de Personagens							Моды на персонажей
option_langmods_enabled	Language Mods						Mods de Idioma							Моды на языки
														
option_player	Player		プレイヤー	Jugador	Joueur	Giocatore	Jogador	Jugador	Spieler	Gracz	玩家	Oyuncu	Spelare	Игрок
option_device	Controller		デバイス	Mando	Manette	Controller	Controle	Control	Kontroller	Kontroler	手把	Kontrolcü	Kontroller	Геймпад
option_player_number	Player 0		プレイヤー　0	Jugador 0	Joueur 0	Giocatore 0	Jogador 0	Jugador 0	Spieler 0	Gracz 0	玩家 0	Oyuncu 0	Spelare 0	Игрок 0
option_device_number	Controller 0		デバイス　0	Mando 0	Manette 0	Controller 0	Controle 0	Control 0	Kontroller 0	Kontroler 0	手把 0	Kontrolcü 0	Kontroller 0	Геймпад 0
														
option_reset_settings_description	Reset options to their default settings?		設定をリセットする？	¿Recuperar los Ajustes de Fábrica?	Réinitialiser les paramètres ?	Ripristinare le opzioni alle loro impostazioni originali?	Redefinir opções para as configurações padrão?	¿Restablecer opciones a los ajustes por defecto?	Optionen auf ihre Standardeinstellungen zurücksetzen?	Zrestartować opcje do ich domyślnych ustawień?	確定要重置設定嗎？	Seçenekleri varsayılana sıfırlamansın mı?	Återställ inställningarna till standardvärdena?	Сбросить настройки по умолчанию?
option_reset_controls_description	Reset input mappings to their default values?		コントロールをリセットする？	¿Volver a la Asignación de Botones Original?	Réinitialiser les touches par défaut ?	Ripristinare le mappature ai loro valori originali?	Redefinir o mapeamento de botões para o padrão?	¿Restablecer mapeo a los ajustes por defecto?	Eingabe-Optionen auf ihre Standardeinstellungen zurücksetzen?	Zrestartować przypisanie klawiszy do ich domyślnych wartości?	確定要重置操控按鍵設定嗎？	Kontrol eşlemelerini varsayılan değerlerine sıfırlansın mı?	Återställ inmatningsmappningarna till standardvärdena?	Сбросить настройки управления по умолчанию?
														
option_quick_load	Fast Loading		高速ロード	Carga Rápida (Experimental)	Chargement rapide	Caricamenti Veloci (Sperimentale)	Carregamento Rápido (Experimental)	Carga rápida (Experimental)	Schnelles Laden (Experimentell)	Szybkie Ładowanie (Eksperymentalne)	高速載入(實驗性)	Hızlı yükleme	Snabb Laddning	Быстрая загрузка (Эксперимент)
option_quick_load_alert	Enable Fast Loading?\nThis option reduces load times, but may cause occasional crashes on some machines. \n\n(You can always change this in the options menu.)		高速ロードを有効にしますか？\nこのオプションは読み込み時間を短縮しますが、一部のマシンでまれにクラッシュを引き起こす可能性があります。\n\n（オプションメニューでいつでも変更できます。）	¿Quieres activar la Carga Rápida?\nEsta opción reduce los tiempos de carga, pero puede ocasionar el fallo del juego en algunas computadoras. \n\n(Siempre puedes cambiar esta opción en el menú de ajustes)	Activer le Chargement rapide ?\nCette option réduit les temps de chargement, mais peut parfois provoquer des crashs sur certains appareils.\n\nVous pouvez toujours changer cette option dans les paramètres.)	Abilitare i caricamenti veloci?\nQuesta opzione riduce i tempi di caricamento, ma potrebbe causare crash del gioco in alcuni computer. \n\n(puoi sempre cambiare questa impostazione nel menu delle opzioni).	Deseja habilitar o Carregamento Rápido?\nEsta opção reduz o tempo de carregamento, mas pode causar crashes em algumas máquinas. \n\n(Você sempre pode mudar esta opção no menu de opções.)	¿Habilitar la carga rápida?\nEsta opción reduce los tiempos de carga, pero puede provocar bloqueos ocasionales en algunas máquinas.\n\n(Siempre puedes cambiarla en el menú de opciones).	Schnelles Laden aktivieren?\nDiese Option verkürzt Ladezeiten, kann aber gelegentlich auch zu Abstürzen auf einigen Maschinen führen. \n\n(Du kannst dies jederzeit im Optionsmenü ändern.)	Włączyć Szybkie Ładowanie?\nTa opcja skraca czas ładowania, ale może okazjonalnie zawiesić grę na niektórych komputerach.\n\n(Zawsze możesz to zmienić w ustawieniach.)	是否要啟用高速載入？\n此選項能降低載入耗費時間，但有可能會在某些電腦上造成偶發性閃退的現象。\n\n（您可以在設定目錄中對此功能進行變更。）	Hızlı yüklemeyi etkinleştir?\nBu seçenek yükleme sürelerini azaltır, ancak bazı bilgisayarlarda oyunun çökmesine neden olabilir.\n\n(Bu ayarı istediğin zaman seçenekler menüsünden değiştirebilirsin.)	Slå på Snabb Laddning?\nDet här alternativet minskar laddningstiderna, men kan orsaka enstaka krascher på vissa maskiner.\n\n(Du kan alltid ändra det här i inställningarna.)	Включить быструю загрузку?\nЭта опция сокращает время загрузки,\nно может вызывать периодические сбои на некоторых\nкомпьютерах.(Вы всегда можете изменить это в меню настроек.)
														
move_up	Up		上	Arriba	Haut	Su	Cima	Arriba	Oben	Góra	上	Yukarı	Upp	Вверх
move_down	Down		下	Abajo	Bas	Giù	Baixo	Abajo	Unten	Dół	下	Aşağı	Ner	Вниз
move_left	Left		左	Izquierda	Gauche	Sinistra	Esquerda	Izquierda	Links	Lewo	左	Sol	Vänster	Влево
move_right	Right		右	Derecha	Droite	Destra	Direita	Derecha	Rechts	Prawo	右	Sağ	Höger	Вправо
button_jump	Jump		ジャンプ	Saltar	Saut	Salto	Pular	Saltar	Sprung	Skok	跳躍	Zıplama	Hopp	Прыжок
button_action	Action		アクション	Acción Especial	Action	Azione	Ação	Acción	Aktion	Akcja	動作	Aksiyon	Handling	Действие
button_speedbreak	Speed Break		スピードブレイク	Impulso	Speed Break	Rottura della Velocità	Impulso Veloz	Speed Break	Speed Break	Zryw Pędu	速度突破	Hız Kırma	Fartbrytning	Ускорение
button_timebreak	Time Break		タイムブレイク	Ralentización	Time Break	Rottura del Tempo	Atraso Temporal	Time Break	Time Break	Zryw Czasu	時間突破	Zaman Dondurma	Tidsbrytning	Замедление
button_pause	Pause		ポーズ	Pausa	Pause	Pausa	Pausar	Pausa	Pausieren	Pauza	暫停	Durdurma	Pausa	Пауза
button_attack	Attack		アタック	Atacar	Attaquer	Attacco	Atacar	Atacar	Angriff	Atak	攻擊	Saldırı	Attack	Атака
button_brake	Brake		ブレーキ	Frenar	Freiner	Freno	Frear	Frenar	Bremsen	Hamowanie	煞停	Fren	Bromsa	Тормозить
button_light_dash	Light Speed Dash		ライトスピードダッシュ	Acelerón Supersónico	Accéleration supersonique	Scatto alla Velocità della Luce	Arrancada Suave	Arranque a velocidad luz	Light Speed Dash	Pęd Prędkości Światła	光速衝刺	Işık Hızı Atılma	Ljushastighetsrusning	Световой рывок
button_step_left	Step Left		左ステップ	Paso a la Izquierda	Pas vers la gauche	Vai a Sinistra	Deslocamento para a Esquerda	Paso a la izquierda	Schritt nach Links	Krok w Lewo	向左踏	Sola Adım Atma	Vänstersteg	Быстрый шаг влево
button_step_right	Step Right		右ステップ	Paso a la derecha	Pas vers la droite	Vai a Destra	Deslocamento para a Direita	Paso a la derecha	Schritt nach Rechts	Krok w Prawo	向右踏	Sağa Adım Atma	Högersteg	Быстрый шаг вправо
button_primary	Primary Action		プライマリーアクション	Acción Primaria	Action principale	Azione Principale	Ação Primária	Acción principal	Primäre Aktion	Głowna Akcja	主動作	Birincil Aksiyon	Huvudhandling	Основное действие
button_secondary	Secondary Action		セカンダリーアクション	Acción Secundaria	Action secondaire	Azione Secondaria	Ação Secundária	Acción secundaria	Sekundäre Aktion	Pomocnicza Akcja	次動作	İkincil Aksiyon	Sekundär handling	Последующее действие 
camera_up	Glance Up		上へ見る	Vistazo Arriba	Regarder vers le haut	Guarda Su	Olhar para Cima	Mirar arriba	Nach Oben schauen	Spójrz w Górę	向上看	Yukarı Bakış	Titta Upp	Посмотреть наверх
camera_down	Glance Down		下へ見る	Vistazo Abajo	Regarder vers le bas	Guarda Giù	Olhar para Baixo	Mirar abajo	Nach Unten schauen	Spójrz w Dół	向下看	Aşağı Bakış	Titta Ner	Посмотреть вниз
camera_left	Glance Left		左へ見る	Vistazo a la Izquierda	Regarder à gauche	Guarda a Sinistra	Olhar para Esquerda	Mirar a la izquierda	Nach Links schauen	Spójrz w Lewo	向左看	Sola Bakış	Titta till Vänster	Посмотреть налево
camera_right	Glance Right		右へ見る	Vistazo a la Derecha	Regarder à droite	Guarda a Destra	Olhar para Direita	Mirar a la derecha	Nach Rechts schauen	Spójrz w Prawo	向右看	Sağa Bakış	Titta till Höger	Посмотреть направо
														
lang_local	English		日本語	Español (España)	Français	Italiano	Português Brasileiro	Español (Latinoamérica)	Deutsch	Polski	繁體中文	Türkçe	Svenska	Русский
lang_en	English		英語	Inglés	Anglais	Inglese	Inglês	Inglés	Englisch	Angielski	英文	İngilizce	Engelska	Английский
lang_ja	Japanese		日本語	Japonés	Japonais	Giapponese	Japonês	Japonés	Japanisch	Japoński	日文	Japonca	Japanska	Японский
lang_es	Spanish		スペインスペイン語	Español (España)	Espagnol (Espagne)	Spagnolo (Spagna)	Espanhol (Espanha)	Español (España)	Spanisch (Spanien)	Hiszpański (Hiszpania)	西班牙文（西班牙）	İspanyolca (İspanya)	Spanska (Spanien)	Испанский (Испания)
lang_fr	French		フランス語	Francés	Français	Francese	Francês	Francés	Französisch	Francuski	法文	Fransızca	Franska	Французский
lang_it	Italian		イタリア語	Italiano	Italien	Italiano	Italiano	Italiano	Italienisch	Włoski	義大利文	İtalyanca	Italienska	Итальянский
lang_de	German		ドイツ語	Alemán	Allemand	Tedesco	Alemão	Alemán	Deutsch	Niemiecki	德文	Almanca	Tyska	Немецкий
lang_pt_BR	Brazilian Portuguese		ブラジルポルトガル語	Portugués (Brasil)	Portugais (Brésil)	Portoghese	Português Brasileiro	Portugués (Brasil)	Brasilianisches Portugiesisch	Brazylijski Portugalski	巴西葡萄牙文	Brezilyan Portekizcesi	Briziliansk Portugisiska	Бразильский (Португальский)
lang_pl	Polish		ポーランド語	Polaco	Polonais	Polacco	Polonês	Polaco	Polnisch	Polski	波蘭文	Lehçe	Polska	Польский
lang_zh	Chinese		中国語	Chino	Chinois	Cinese	Chinês	Chino	Chinesisch	Chiński	繁體中文	Çince	Kinesiska	Китайский
lang_tr	Turkish		トルコ語	Turco	Turc	Turco	Turco	Turco	Türkisch	Turecki	土耳其文	Türkçe	Turkiska	Турецкий
lang_se	Swedish		スウェーデン語	Sueco	Suédois	Svedese	Sueco	Sueco	Schwedisch	Szwedzki	瑞典文	İsveççe	Svenska	Шведский
lang_es_US	Spanish (Latin America)		スペイン語 「ラテンアメリカ」	Español (Latinoamérica)	Espagnol (Amérique latine)	Spagnolo (America Latina)	Espanhol (América Latina)	Español (Latinoamérica)	Spanisch (Lateinamerika)	Hiszpański (Ameryka Łacińska)	西班牙文（拉丁美洲）	İspanyolca (Latin Amerika)	Spanska (Latinamerika)	Испанский (Латинская Америка)
														
action_jump	Jump		ジャンプ	Saltar	Sauter	Salto	Pular	Saltar	Sprung	Skok	跳躍	Zıpla	Hopp	Прыгнуть
action_exit	Exit		でる	Salir	Sortir	Esci	Sair	Salir	Verlassen	Wyjdż	退出	Çık	Lämna	Выйти
action_launch	Launch		とばす	Lanzar	Lancer	Lancio	Lançar	Lanzar	Schleudern	Wystrzał	投射	Fırlat	Avfyra	Запустить
action_ascend	Ascend		のぼる	Ascender	Monter	Ascendi	Ascender	Subir	Hinaufsteigen	Wzlot	上升	Yükselt	Stig Upp	Подняться
action_shuffle	Shuffle		シャッフル	Truco en Raíl	Mouvement sur Rails	Azione su Ringhiera	Truque em Trilho	Truco en riel	Shuffle	Przeplatanka	踏軌加速	Karıştır	Blanda	Перестроиться
action_grindstep	Grind Step		ステップ	Salto entre Raíles	Saut sur Rails	Saltare sulla Ringhiera	Deslocamento em Trilho	Cambiar de rieles	Grind Step	Krok Szynowy	換軌	Büyük Adım	Grindsteg	Перескок на рельсу
action_stomp	Stomp		ストンプ	Caída Rápida	Piétiner	Calpestata	Pisada	Pisotón	Stampfen	Tupnięcie	重踏	Ez	Stampa	Растоптать
action_swing	Swing		スイング	Balancearse	Se balancer	Oscilla	Balançar	Balancearse	Schwingen	Huśtanie	擺盪	Sallan	Svinga	Натянуть
action_charge	Charge		チャージ			Carica	Carregar	Cargar	Aufladen	Naładuj	蓄力	Şarj	Ladda	Зарядить
action_attack	Attack		アタック			Attacca	Atacar	Atacar	Angreifen	Atak	攻擊	Saldır	Attack	Атаковать
action_pull	Pull		ひく	Accionar	Tirer	Tira	Acionar	Jalar	Ziehen	Pociągnij	拔出	Çek	Dra	Встряхнуть
action_escape	Break Free		ぬけだす	Liberarse		Liberati	Libertar-se	Liberarse	Befreien	Uwolnienie Się	掙脫	Özgür bırak	Bryt Dig Loss	Вырваться
														
unlock_mission	A new mission has been added to the Level Select List!		新しいミッションが追加されました。	¡Has desbloqueado una nueva misión!	Une nouvelle mission a été débloquée !	Una nuova missione è stata sbloccata!	Uma nova missão foi desbloqueada!	¡Una nueva misión se añadió a la lista de selección de niveles!	Neue Mission wurde der\nMissionwahlliste hinzugefügt!	Dodano nową misję do Listy Wyboru Etapów!	解鎖一項新任務！	Bölüm Seçme Listesine yeni bir görev eklendi!	Ett nytt uppdrag är upplåst!	Вы получили новую миссию в списке выбора уровня!
unlock_mission_multiple	New missions have been added to the Level Select List!		新しいミッションが追加されました。	¡Has desbloqueado varias misiones nuevas!	Des nouvelles missions ont été débloquées !	Nuove missioni sono state sbloccate!	Novas missões foram desbloqueadas!	¡Nuevas misiones se añadieron a la lista de selección de niveles!	Neue Missionen wurden der\nMissionwahlliste hinzugefügt!	Dodano nowe misję do Listy Wyboru Etapów!	解鎖多項新任務！	Bölüm Seçme Listesine yeni görevler eklendi!	Nya uppdrag har lagts till i Nivåvalslistan!  	Добавилась новая миссия в списке выбора уровня!
unlock_skill	A new skill has been unlocked!		新しいスキルが追加されました。	¡Has desbloqueado una nueva habilidad!	Une nouvelle compétence a été débloquée !	Una nuova abilità è stata sbloccata!	Uma nova habilidade foi desbloqueada!	¡Se desbloqueó una nueva habilidad!	Neuer Skill erhalten!	Odblokowano nowy Talent!	解鎖一個新技能！	Yeni bir beceri açıldı!	En ny färdighet har blivit upplåst!	Вы получили новый навык!
unlock_skill_multiple	New skills have been unlocked!		新しいスキルが追加されました。	¡!Has desbloqueado varias habilidades nuevas!	De nouvelles compétences ont été débloquées !	Nuove abilità sono state sbloccate!	Novas habilidades foram desbloqueadas!	¡Se desbloquearon nuevas habilidades!	Neue Skills erhalten!	Odblokowano nowe Talenty!	解鎖數個新技能！	Yeni beceriler açıldı!	Nya färdigheter har blivit upplåsta!	Вы получили новые навыки!
unlock_page	A new page has been added\nto the Special Book!		新しいページが追加されました。	¡Has desbloqueado una nueva\npágina del Libro Especial!	Une nouvelle page vient d'être débloquée dans le Livre Spécial !	Una nuova pagina è stata aggiunta\nnel Libro Speciale!	Uma nova página foi adicionada\nao Livro Especial!	¡Una nueva página se añadió al libro especial!	Eine neue Seite wurde dem\nExtrabuch hinzugefügt!	Dodano nową stronę do Specjalnej Książki!	特典書籍新增一頁！	Özel Kitab'a yeni\nbir sayfa eklendi!	En ny sida har lagts till i\nSpecialboken!	Новая страница добавлена в книгу!
unlock_page_multiple	New pages have been added\nto the Special Book!		新しいページが追加されました。		De nouvelles pages viennent d'être débloquées\ndans le Livre Spécial !	Nuove pagine sono state aggiunte\nnel Libro Speciale!	Novas páginas foram adicionadas\nao Livro Especial!	¡Nuevas páginas se añadieron al libro especial!	Neue Seiten wurde dem\nExtrabuch hinzugefügt!	Dodano nowe strony do Specjalnej Książki!	特典書籍新增多頁！	Özel Kitab'a yeni\nsayfalar eklendi!	Nya sidor har blivit tillagada\ni Special Boken!	Страницы добавлены в книгу!
unlock_world	[AREA] has been added to the World Select List!		[AREA]が追加！\nワールドセレクトから選べます。	¡Has desbloqueado [AREA] en la lista de selección de mundo!	Sand Oasis viens d'être débloqué !	[AREA] è stato aggiunto alla Lista di Selezione Mondi!	[AREA] chegou na Lista de Seleção de Mundo!	¡[AREA] se añadió a la lista de selección de mundos!	[AREA] wurde zur Weltenauswahl hinzugefügt!	[AREA] została dodana do Listy Wyboru Światów!	[AREA] 已新增至世界選單！	Kum Vahası açıldı!	[AREA] har blivit upplåst!	[AREA] добавлен ​​в список новых миров!
unlock_ring_sand_oasis	You got the Ring of Joy!		喜びのリングゲット!	¡Has obtenido el Anillo del Júbilo!	Tu à obtenu le Ring Secret Jaune !	Hai ottenuto l'Anello della Gioia!	Você obteve o Anel da Felicidade!	¡Conseguiste el Anillo amarillo de la Alegría!	Du hast den Ring der Freuden erhalten!	Zdobyto Pierścień Radości!	獲得喜悅之戒！	Sevinç Yüzüğünü aldın!	Du fick Ringen av Glädje!	Вы получили жёлтое мировое кольцо!
unlock_ring_dinosaur_jungle	You got the Ring of Hatred!		憎しみのリングゲット!	¡Has obtenido el Anillo del Odio!	Tu à obtenu le Ring Secret Vert ! 	Hai ottenuto l'Anello dell'Odio!	Você obteve o Anel do Ódio!	¡Conseguiste el Anillo verde del Odio!	Du hast den Ring des Hasses erhalten!	Zdobyto Pierścień Nienawiści!	獲得憎恨之戒！	Nefret Yüzüğünü aldın!	Du fick Ringen av Hat!	Вы получили зелёное мировое кольцо!
unlock_ring_evil_foundry	You got the Ring of Rage!		怒りのリングゲット!	¡Has obtenido el Anillo de la Ira!	Tu à obtenu le Ring Secret Rouge	Hai ottenuto l'Anello della Rabbia!	Você obteve o Anel da Raiva!	¡Conseguiste el Anillo rojo de la Furia!	Du hast den Ring der Wut erhalten!	Zdobyto Pierścień Wściekłości!	獲得憤怒之戒！	Öfke Yüzüğünü aldın!	Du fick Ringen av Raseri!	Вы получили красное мировое кольцо!
unlock_ring_levitated_ruin	You got the Ring of Prayers!		祈りのリングゲット!	¡Has obtenido el Anillo de la Fe!	Tu à obtenu le Ring Secret Bleu ! 	Hai ottenuto l'Anello delle Preghiere!	Você obteve o Anel das Orações!	¡Conseguiste el Anillo azul de las Plegarias!	Du hast den Ring der Gebete erhalten!	Zdobyto Pierścień Pacierzy!	獲得祝禱之戒！	Dua Yüzüğünü aldın!	Du fick Ringen av Böner!	Вы получили синее мировое кольцо!
unlock_ring_pirate_storm	You got the Ring of Pleasure!		楽しみのリングゲット!	¡Has obtenido el Anillo del Placer!	Tu à obtenu le Ring Secret Turquoise ! 	Hai ottenuto l'Anello del Piacere!	Você obteve o Anel do Prazer!	¡Conseguiste el Anillo celeste del Placer!	Du hast den Ring des Vergnügen erhalten!	Zdobyto Pierścień Przyjemności!	獲得歡愉之戒！	Zevk Yüzüğünü aldın!	Du fick Ringen av Nöje!	Вы получили голубое мировое кольцо!
unlock_ring_skeleton_dome	You got the Ring of Wishes!		願いのリングゲット!	¡Has obtenido el Anillo de la Ambición!	Tu à obtenu le Ring Secret Blanc !	Hai ottenuto l'Anello dei Desideri!	Você obteve o Anel dos Desejos!	¡Conseguiste el Anillo blanco de los Deseos!	Du hast den Ring der Wünsche erhalten!	Zdobyto Pierścień Życzeń!	獲得願望之戒！	Dilek Yüzüğünü aldın!	Du fick Ringen av Önskningar!	Вы получили белое мировое кольцо!
unlock_ring_night_palace	You got the Ring of Sadness!		悲しみのリングゲット!	¡Has obtenido el Anillo de la Tristeza!	Tu à obtenu le Ring Secret Violet ! 	Hai ottenuto l'Anello della Tristezza!	Você obteve o Anel da Tristeza!	¡Conseguiste el Anillo morado de la Tristeza!	Du hast den Ring der Trauer erhalten!	Zdobyto Pierścień Smutku!	獲得悲戚之戒！	Üzüntü Yüzüğünü aldın!	Du fick Ringen av Sorg!	Вы получили фиолетовое мировое кольцо!
unlock_minigame	A new mini-game has been\nadded to the Party Mode!		パーティーモードに新しいミニゲームが追加されました！	Has desbloqueado un nuevo\nminijuego del modo multijugador.	Un nouveau mini-jeu dans le mode multijoueurs.	Un nuovo mini-gioco è stato\naggiunto alla Modalità Party	Um novo minigame foi\nadicionado ao Modo Festa.	¡Se añadió un nuevo minijuego al modo fiesta!	Ein neues Minispiel wurde zum Partymodus hinzugefügt!	Nowa mini-gra została dodana do Trybu Imprezowego!	派對模式新增一項小遊戲。	Parti Moduna yeni\nbir mini oyun eklendi.	Ett nytt minispel har blivit\ntillagt till Party Läget.	Новая мини-игра добавлена в режим """Вечеринка"""
unlock_fire_soul	You got a Fire S@ul!		Fire S@ul ゲット!	¡Has obtenido un Alma Ígnea! @	Tu as obtenu une Âme de Feu ! @	Hai ottenuto una Anima Infu@cata! 	Você obteve uma Alma de F@go!	¡Conseguiste un Alma de fueg@!	Feuerseele bek@mmen!	Zdobyto @gnistą Duszę!	得到一枚焰魂@!	Ateş R@hu'nu aldın!	Du fick en Eld S@äl!	Получена Душа @гня!
unlock_time_attack	Time Attack Mode is now available.		タイムアタックモードが追加！\nメインメニューから選べます。				O modo Contra o Tempo está disponível	Ya está disponible el modo contrarreloj.				Artık Zamana Karşı Yarış\nmodunu oynayabilirsin.	Tidsattack är nu tillgängligt.	Теперь доступен режим """Забег на время"""!
														
														
mission_tutorial01	Paragraph 01		第01節	Parágrafo 01	Paragraphe 01	Paragrafo 01	Parágrafo 01	Párrafo 01	Paragraph 01	Paragraf 01	第01節	Paragraf 01	Paragraf 01	Параграф 01
mission_tutorial02	Paragraph 02		第02節	Parágrafo 02	Paragraphe 02	Paragrafo 02	Parágrafo 02	Párrafo 02	Paragraph 02	Paragraf 02	第02節	Paragraf 02	Paragraf 02	Параграф 02
mission_tutorial03	Paragraph 03		第03節	Parágrafo 03	Paragraphe 03	Paragrafo 03	Parágrafo 03	Párrafo 03	Paragraph 03	Paragraf 03	第03節	Paragraf 03	Paragraf 03	Параграф 03
mission_tutorial04	Paragraph 04		第04節	Parágrafo 04	Paragraphe 04	Paragrafo 04	Parágrafo 04	Párrafo 04	Paragraph 04	Paragraf 04	第04節	Paragraf 04	Paragraf 04	Параграф 04
mission_tutorial05	Paragraph 05		第05節	Parágrafo 05	Paragraphe 05	Paragrafo 05	Parágrafo 05	Párrafo 05	Paragraph 05	Paragraf 05	第05節	Paragraf 05	Paragraf 05	Параграф 05
mission_tutorial06	Paragraph 06		第06節	Parágrafo 06	Paragraphe 06	Paragrafo 06	Parágrafo 06	Párrafo 06	Paragraph 06	Paragraf 06	第06節	Paragraf 06	Paragraf 06	Параграф 06
mission_tutorial07	Paragraph 07		第07節	Parágrafo 07	Paragraphe 07	Paragrafo 07	Parágrafo 07	Párrafo 07	Paragraph 07	Paragraf 07	第07節	Paragraf 07	Paragraf 07	Параграф 07
mission_tutorial08	Paragraph 08		第08節	Parágrafo 08	Paragraphe 08	Paragrafo 08	Parágrafo 08	Párrafo 08	Paragraph 08	Paragraf 08	第08節	Paragraf 08	Paragraf 08	Параграф 08
mission_tutorial09	Paragraph 09		第09節	Parágrafo 09	Paragraphe 09	Paragrafo 09	Parágrafo 09	Párrafo 09	Paragraph 09	Paragraf 09	第09節	Paragraf 09	Paragraf 09	Параграф 09
mission_tutorial10	Paragraph 10		第10節	Parágrafo 10	Paragraphe 10	Paragrafo 10	Parágrafo 10	Párrafo 10	Paragraph 10	Paragraf 10	第10節	Paragraf 10	Paragraf 10	Параграф 10
mission_tutorial11	Paragraph 11		第11節	Parágrafo 11	Paragraphe 11	Paragrafo 11	Parágrafo 11	Párrafo 11	Paragraph 11	Paragraf 11	第11節	Paragraf 11	Paragraf 11	Параграф 11
mission_tutorial12	Paragraph 12		第12節	Parágrafo 12	Paragraphe 12	Paragrafo 12	Parágrafo 12	Párrafo 12	Paragraph 12	Paragraf 12	第12節	Paragraf 12	Paragraf 12	Параграф 12
mission_tutorial13	Paragraph 13		第13節	Parágrafo 13	Paragraphe 13	Paragrafo 13	Parágrafo 13	Párrafo 13	Paragraph 13	Paragraf 13	第13節	Paragraf 13	Paragraf 13	Параграф 13
mission_tutorial14	Paragraph 14		第14節	Parágrafo 14	Paragraphe 14	Paragrafo 14	Parágrafo 14	Párrafo 14	Paragraph 14	Paragraf 14	第14節	Paragraf 14	Paragraf 14	Параграф 14
mission_tutorial15	Paragraph 15		第15節	Parágrafo 15	Paragraphe 15	Paragrafo 15	Parágrafo 15	Párrafo 15	Paragraph 15	Paragraf 15	第15節	Paragraf 15	Paragraf 15	Параграф 15
mission_tutorial16	Paragraph 16		第16節	Parágrafo 16	Paragraphe 16	Paragrafo 16	Parágrafo 16	Párrafo 16	Paragraph 16	Paragraf 16	第16節	Paragraf 16	Paragraf 16	Параграф 16
mission_tutorial17	Paragraph 17		第17節	Parágrafo 17	Paragraphe 17	Paragrafo 17	Parágrafo 17	Párrafo 17	Paragraph 17	Paragraf 17	第17節	Paragraf 17	Paragraf 17	Параграф 17
mission_tutorial18	Paragraph 18		第18節	Parágrafo 18	Paragraphe 18	Paragrafo 18	Parágrafo 18	Párrafo 18	Paragraph 18	Paragraf 18	第18節	Paragraf 18	Paragraf 18	Параграф 18
mission_tutorial19	Paragraph 19		第19節	Parágrafo 19	Paragraphe 19	Paragrafo 19	Parágrafo 19	Párrafo 19	Paragraph 19	Paragraf 19	第19節	Paragraf 19	Paragraf 19	Параграф 19
mission_tutorial20	Paragraph 20		第20節	Parágrafo 20	Paragraphe 20	Paragrafo 20	Parágrafo 20	Párrafo 20	Paragraph 20	Paragraf 20	第20節	Paragraf 20	Paragraf 20	Параграф 20
mission_tutorial21	Paragraph 21		第21節	Parágrafo 21	Paragraphe 21	Paragrafo 21	Parágrafo 21	Párrafo 21	Paragraph 21	Paragraf 21	第21節	Paragraf 21	Paragraf 21	Параграф 21
														
mission_locked	??????		??????	¿¿¿???	??????	???????	??????	¿¿¿???	??????	??????	??????	??????	??????	??????
mission_goal	Go for the Goal		ゴー　フォー　ザ　ゴール	Llega a la Meta	Va à l'objectif !	Vai verso il Traguardo	Chegue ao Objetivo	Llega a la meta	Erreiche das Ziel	Dobiegnij do Mety	前往終點	Hedefe Git	Sikta på Målet	Добраться до финиша
mission_special	Special Challenge		スペシャル　チャレンジ	Desafío Especial	Mission Spéciale !	Sfida Speciale	Desafio Especial	Reto especial	Sondermission	Specjalne Wyzwanie	特殊挑戰	Özel Mücadele	Specialutmaning	Специальный вызов
mission_deathless	Diehard Challenge		ダイハード　チャレンジ	Desafío de Supervivencia	Mission sans prendre de dégâts 	Sfida dell'Ostinato	Desafio da Imortalidade	Reto intransigente	Überlebenskampf	Wyzwanie Zagorzałego	不死挑戰	Ölümcül Mücadele	Tuff Utmaning	Остаться в живых
mission_perfect	Perfect Challenge		パーフェクト　チャレンジ	Desafío de Perfección	Challenge parfait 	Sfida Perfetta	Desafio da Perfeição	Reto perfecto	Perfekte Mission	Perfekcyjne Wyzwanie	完美挑戰	Kusursuz Mücadele	Perfekt Utmaning	Идеальный вызов
mission_time	Beat the Clock		ビート　ザ　クロック	Contrarreloj	Bats le contre-la-montre 	Batti Il Tempo	Vença o Relógio	Vence al reloj	Gegen die Zeit	Wyścig z Czasem	限時通關	Saati Yen	Slå Klockan	Игра на время
mission_enemy	Rampage		ランページ！	Combate	Carnage 	Scatenati	Fúria	¡Masacre!	Randale	Demolka	亂鬥	Öfke	Härjning	Ярость!
mission_enemyless	Stealth Attack		ステルス　アタック	Incursión Sigilosa	Attaque furtive	Attacco Furtivo	Ataque Furtivo	Ataque sigiloso	Heimlicher Angriff	Dyskretny Atak	奇襲	Gizli Saldırı	Smygande Attack	Скрытая атака
mission_race	Head to Head		ヘード　トゥ　ヘード	Cara a cara	Tête à tête	Testa a Testa	Confronto Direto	Frente a frente	Kopf an Kopf	Łeb w Łeb	賽跑	Kafa Kafaya	Huvud mot Huvud	Один на один
mission_ring	Collect Rings		コレクト　リング	Acumula Anillos	Collecte les rings 	Colleziona Anelli	Colete Anéis	Reúne Anillos	Ringe sammeln	Zbierz Pierścienie	收集金環	Yüzükleri Toplama	Samla Ringar	Собрать кольца
mission_ringless	Hands Off		ハンド　オフ	Suelta Eso	Ne touche pas	Giù le Mani	Mãos Vazias	No toques	Hände weg	Łapy Precz	不碰金環	Eller Kapalı	Håll Händerna Borta	С пустыми руками
mission_ring_chain	Chain of Rings		チェイン　オブ　リングス	Cadenas de Anillos	Chaîne de Rings 	Concatena gli Anelli	Sequência de Anéis	Cadena de Anillos	Ringkette	Łańcuch Pierścieni	連續獲得金環	Yüzük Zinciri	Kedja av Ringar	Цепь из колец
mission_pearless	No Pearls		ノー　パール	Nada de Perlas	Pas de Perles 	Senza Perle	Sem Pérolas	Sin Perlas	Keine Perlen	Bez Pereł	不碰魂珠	İnci Yok	Inga Pärlor	Без жемчужин
mission_boss	Defeat the Boss		ディフィート　ザ　ボス	Derrota al Jefe	Bats le boss 	Sconfiggi il Boss	Derrote o Chefe	Vence al jefe	Besiege den Boss	Pokonaj Bossa	擊敗Boss	Bossu Yen	Slå Bossen	Дуэль с боссом
mission_last	Last Chapter		ラスト　チャプター	Capítulo Final	Dernier Chapitre 	Ultimo Capitolo	Último Capítulo	Último capítulo	Letztes Kapitel	Ostatni Rozdział	最終章	Son Bölüm	Sista Kapitel	Последняя глава
														
mission_description_locked	This mission is not available yet.		このミッションはオープンされていません。	Esta misión aún no está disponible.	Cettte mission n'est pas encore disponible.	Questa missione non è ancora disponibile.	Esta missão ainda não está disponível.	Está misión aún no está disponible.	Diese Mission ist noch nicht verfügbar.	Ta misja nie jest jeszcze dostępna.	此任務尚未開放。	Bu görev henüz ulaşılabilir değil.	Det här uppdraget är inte tillgängligt än. 	Эта миссия пока недоступна.
mission_description_goal	Reach the goal!		ゴールに向かえ！			Raggiungi il Traguardo	Alcance o Objetivo!	¡Llega a la meta!	Erreiche das Ziel!	Dotrzyj do mety!	前往終點！	Hedefe ulaş!	Nå Målet!	
mission_description_charge_jump	Use Charge Jumps\nto reach the goal!		チャージジャンプを使い\nゴールに向かえ！			Usa i Salti Caricati\nper raggiungere il traguardo!	Use pulos carregados para alcançar o objetivo!	¡Usa saltos cargados\npara llegar a la meta!	Nutze aufgeladene Sprünge, um das Ziel zu erreichen!	Użyj Ładowanych Skoków\naby dotrzeć do mety!	使用蓄力跳躍\n前往終點吧！	Hedefe ulaşmak için\nŞarjlı Zıplamaları kullan!	Använd Laddningshopp\nför att nå målet!	
mission_description_jump_dash	Use Jump Dashes\nto reach the goal!		ジャンプダッシュを使い\nゴールに向かえ！			Usa i Salti Scatto\nper raggiungere il traguardo!	Use Investidas para alcançar o objetivo!	¡Usa Arranques en salto\npara llegar a la meta!	Nutze Jump Dashs,\num das Ziel zu erreichen!	Użyj Skoków Pędowych\naby dotrzeć do mety!	使用跳躍衝刺\n前往終點吧！	Hedefe ulaşmak için\nZıplama Atılımlarını kullan!	Använd Hopprusningar\nför att nå målet!	
mission_description_homing_attack	Use the Homing Attack\nto defeat 10 enemies!		ホーミングアタックで\nマジンを１０体倒せ！			Usa l'Attacco a Ricerca\nper sconfiggere 10 nemici!	Use o Ataque Teleguiado para derrotar 10 inimigos!	¡Usa Ataques teledirigidos\npara vencer 10 enemigos!	Nutze die Homing Attack,\num 10 Gegner zu besiegen!	Użyj Ataku Naprowadzającego\naby pokonać 10 przeciwników!	使用追蹤攻擊\n打倒10位敵人吧！	10 düşman yenmek için\nGüdümlü Saldırı kullan!	Använd Homingattacken\nför att nå målet!	
mission_description_brake	Use Braking\nto reach the goal!		ブレーキを使い\nゴールに向かえ！			Usa il Freno\nper raggiungere il traguardo!	Use o Freio para alcançar o objetivo!	¡Usa el frenado\npara llegar a la meta!	Nutze Bremsen,\num das Ziel zu erreichen!	Użyj Hamowania\naby dotrzeć do mety!	使用煞車\n前往終點吧！	Hedefe ulaşmak için\nfrenlemeyi kullan!	Använd Bromsning\nför att nå målet!	
mission_description_backstep	Use Backstep\nto gather 25 rings!		バックステープを使い\nリングを２５個集め！			Usa il Passo all'Indietro\nper collezionare 25 Anelli!	Use a Esquiva para coletar 25 anéis!	¡Usa pasos hacia atrás\npara juntar 25 Anillos!	Nutze Rückschritt,\num 25 Ringe zu sammeln!	Użyj Kroku Wstecz\naby zebrać 25 pierścieni!	使用退步\n前往終點吧！	25 tane yüzük toplamak için\ngeri adımları kullan!	Använd Baksteg\nför att samla 25 ringar!	
mission_description_accel_jump	Use Short Jumps\nto reach the goal!		小ジャンプを使い\nゴールに向かえ！			Usa il Salto Accelerato\n per raggiungere il traguardo!	Use o Salto Acelerado para alcançar o objetivo!	¡Da brinquitos\npara llegar a la meta!	Nutze Beschleunigkeitssprünge,\num das Ziel zu erreichen!	Użyj Skoku Akceleracyjnego\naby dotrzeć do mety!	使用加速跳躍\n前往終點吧！	Hedefe ulaşmak için\nHızlandırma Zıplamasını kullan!	Använd Accelerationshopp\nför att nå målet!	
mission_description_grind	Use Grinding\nto reach the goal!		グラインドを使い\nゴールに向かえ！			Usa il Grinding sulle Ringhiere\nper raggiungere il traguardo!	Deslize nos trilhos para alcançar o objetivo!	¡Deslízate en rieles\npara llegar a la meta!	Nutze Grinding,\num das Ziel zu erreichen!	Użyj Szynowania\naby dotrzeć do mety!	使用滑軌\n前往終點吧！	Hedefe ulaşmak için\nTaşlama kullan!	Använd Grinding\nför att nå målet!	
mission_description_speed_break	Use Speed Break\nto reach the goal!		スピードブレイクを使い\nゴールに向かえ！			Usa la Rottura della Velocità\nper raggiungere il traguardo!	Use o Impulso Veloz para alcançar o objetivo!	¡Usa el Speed Break para llegar a la meta!	Nutze Speed Break,\num das Ziel zu erreichen!	Użyj Zryw Pędu\naby dotrzeć do mety!	使用速度突破\n前往終點吧！	Hedefe ulaşmak için\nHız Kırmayı kullan!	Använd Fartbrytning\nför att nå målet!	
mission_description_time_break	Use Time Break\nto reach the goal!		タイムブレイクを使い\nゴールに向かえ！			Usa la Rottura del Tempo\nper raggiungere il traguardo!	Use o Atraso Temporal para alcançar o objetivo!	¡Usa el Time Break para llegar a la meta!	Nutze Time Break,\num das Ziel zu erreichen!	Użyj Zryw Czasu\naby dotrzeć do mety!	使用時間突破\n前往終點吧！	Hedefe ulaşmak için\nZaman Dondurmayı kullan!	Använd Tidsbrytning\nför att nå målet!	
mission_description_volcano_slider	Use Volcano Slider\nto defeat 3 enemies!		ボルカノスライダーで\nマジンを３体倒せ！			Usa lo Scivolamento Volcano\nper sconfiggere 3 nemici!	Use o Deslizamento Vulcânico para derrotar 3 inimigos!	¡Usa el Derrape vulcano\npara vencer 3 enemigos!	Nutze Vulkan-Rutscher,\num 3 Gegner zu besiegen!	Użyj Wulkanicznego Ślizgu\naby pokonać 3 przeciwników!	使用火山滑行\n打倒3位敵人吧！	3 düşman yenmek için\nVolkan Kayıcı kullan!	Använd Vulkanslider\nför att besegra 3 fiender!	
mission_description_perfect_homing_attack	Use Perfect Homing Attacks\nto defeat 3 enemies!		パーフェクトストライクで\nマジンを３体倒せ！			Usa l'Attacco a Ricerca Perfetto\nper sconfiggere 3 nemici!	Use Ataques Teleguiados Perfeitos para derrotar 3 inimigos!	¡Usa Ataques teledirigidos perfectos\npara vencer 3 enemigos!	Nutze Perfekte Homing Attacks,\num 3 Gegner zu besiegen!	Użyj Perfekcyjnego Ataku Naprowadzającego\naby pokonać 3 przeciwników!	使用完美追蹤攻擊\n打倒3位敵人吧！	3 düşman yenmek için\nKusursuz Güdümlü Saldırı kullan!	Använd Perkfekta Homing Attacker\nför att besegra 3 fiender!	
mission_description_fire_gaze	Use Fire Gaze\nto break 20 boxes!		フャイヤーゲイズを使い\n木箱を２０個壊せ！			Usa Sguardo Infuocato\nper rompere 20 scatole!	Use o Olhar Ardente para quebrar 20 caixas!	¡Usa la Mirada de fuego\npara romper 20 cajas!	Nutze Feuerblick,\num 20 Kisten zu zerbrechen!	Użyj Ogniste Spojrzenie\naby zniszczyć 20 pudełek!		20 kutuyu kırmak için\nAteş Bakışı'nı kullan!	Använd Eldblick\för att ha sönder 20 lådor!	
mission_description_down_cancel	Use Down Cancel\nto reach the goal!		ダウンキャンセルを使い\nゴールに向かえ！			Usa Down Cancel\nper raggiungere il traguardo!	Use a Retomada para alcançar o objetivo!	¡Cancela los daños recibidos\ny llega a la meta!	Nutze Knockdown Abbruch,\num das Ziel zu erreichen!	Użyj Anulowanie Powalenia\naby dotrzeć do mety!	使用追蹤攻擊\n前往終點吧！	Hedefe ulaşmak için\nAşağı İptal özelliğini kullan!	Använd Ned Avbrytning\nför att nå målet!	
mission_description_backflip	Use Backflip\nto gather 25 rings!		バックフリップを使い\nリングを２５個集め！			Usa Backflip\nper collezionare 25 anellI!	Use a Esquiva para trás para coletar 25 anéis!	¡Haz volteretas hacia atrás\npara reunir 25 Anillos!	Nutze Rückwärtssalto,\num 25 Ringe zu sammeln!	Użyj Przewrotu w Tył\naby zebrać 25 pierścieni!	使用翻跟斗\n來收集25枚金環吧！	25 tane yüzük toplamak için\nters taklaları kullan!	Använd Bakåtvolt\nför att samla 25 ringar!	
mission_description_splash_jump	Use Splash Jump\nto reach the goal!		スプラッシュジャンプを使い\nゴールに向かえ！			Usa Salto Splash\nper raggiungere il traguardo!	Use o Salto Suplementar para alcançar o objetivo!	¡Usa el Salto chapoteador\npara llegar a la meta!	Nutze Splash Jump,\num das Ziel zu erreichen!	Użyj Skoku Rozpryskowego\naby dotrzeć do mety!		Hedefe ulaşmak için\nÇırpınma Zıplaması kullan!	Använd Plaskhopp\nför att nå målet!	
mission_description_rocket_start	Use Rocket Start\nto reach the goal!		ロケットスタートを使い\nゴールに向かえ！			Usa Inizio a Razzo\nper raggiungere il traguardo!	Use a Largada Foguete para alcançar o objetivo!	¡Usa el Inicio cohete\npara llegar a la meta!	Nutze Raketen-Start,\num das Ziel zu erreichen!	Użyj Rakietowy Start\naby dotrzeć do mety!		Hedefe ulaşmak için\nRoket Başlangıcı kullan!	Använd Raketstart\nför att nå målet!	
mission_description_quick_step	Use Quick Step\nto reach the goal!		クイックステップを使い\nゴールに向かえ！			Usa Passo Veloce\nper raggiungere il traguardo!	Use o Deslocamento Rápido para alcançar o objetivo!	¡Usa el Paso rápido\npara llegar a la meta!	Nutze Quick Step,\num das Ziel zu erreichen!	Użyj Szybkiego Kroku\naby dotrzeć do mety!		Hedefe ulaşmak için\nHızlı Adımları kullan!	Använd Snabbsteg\nför att nå målet!	
mission_description_quick_slide	Use Quick Slide\nto reach the goal!		クイックスライドを使い\nゴールに向かえ！			Usa Scivolata Veloce\n per raggiungere il traguardo!	Use o Deslizamento Rápido para alcançar o objetivo!	¡Usa el Deslizamiento rápido\npara llegar a la meta!	Nutze Quick Slide,\num das Ziel zu erreichen!	Użyj Szybkiego Wślizgu\naby dotrzeć do mety!		Hedefe ulaşmak için\nHızlı Kaymayı kullan!	Använd Snabbglid\för att nå målet!	
mission_description_time_attack1	Clear the stage\nas quickly as possible!		タイムアタック　１\nステージを最速で駆けめけろ！			Completa il livello\n il più velocemente possibile!	Complete a fase\no mais rápido possível!	Contrarreloj 1: ¡Recorre el nivel\ntan rápido como puedas!	Schließe das Level so\nschnell wie möglich ab!	Ukończ etap\ntak szybko, jak możesz!	以最快速度通關吧！	Olabildiğince hızlı şekilde\nbölümü bitir!	Klara banan\nså snabbt som möjligt!	
mission_description_time_attack2	Clear the stage\nas quickly as possible!		タイムアタック　２\nステージを最速で駆けめけろ！			Completa il livello\n il più velocemente possibile!	Complete a fase\no mais rápido possível!	Contrarreloj 2: ¡Recorre el nivel\ntan rápido como puedas!	Schließe das Level so\nschnell wie möglich ab!	Ukończ etap\ntak szybko, jak możesz!	以最快速度通關吧！	Olabildiğince hızlı şekilde\nbölümü bitir!	Klara banan\nså snabbt som möjligt!	
														
mission_description_deathless	Don't Get Defeated!		1度もたおれずに進め！	¡No Seas Derrotado!	Ne perds pas!	Non Farti Sconfiggere!	Mantenha-se Vivo!	¡Avanza sin ser derrotado!	Lass dich nicht besiegen!	Nie Daj Się Pokonać!	別被擊倒！	Yenilme!	Bli Inte Besegrad!	Пройдите, ни разу не умерев!
mission_description_perfect	Don't Take Any Damage!		ダメージをうけずに進め！	¡No Sufras Ningún Daño!	Ne prends aucun dégât !	Non Subire Nessun Danno!	Não Tome Dano!	¡No recibas daño!	Erleide keinen Schaden!	Nie Odnieś Żadnych Obrażeń!	別受到任何攻擊！	Hiç Hasar Alma!	Ta Ingen Skada!	Пройдите, не получив урон!
mission_description_race	Beat Uhu to the Goal!		ウーフーより先にゴールへ！	¡Llega a la Meta antes que Uhu!	Bats Uhu le génie du vent !	Batti Uhu fino al Traguardo!	Vença Uhu na Corrida!	¡Llega antes que Uhu a la meta!	Erreiche das Ziel vor Uhu!	Pokonaj Uhu w Wyścigu!	比烏福先到終點！	Hedef için Uhu'yu yen!	Slå Uhu Till Målet!	Доберитесь до финиша раньше Уху!
mission_description_ringless	Finish With 0 Rings!		リング0個でゴールへ進め！	¡Cruza la Meta con 0 Anillos!	Termine avec 0 Rings !	Concludi Senza Anelli!	Termine Com 0 Anéis!	¡Termina sin Anillos!	Beende mit 0 Ringen!	Skończ z 0 Pierścieniami!	以0枚金環通關！	0 Yüzükle Bitir!	Slutför Med 0 Ringar!	Доберитесь до финиша без колец!
mission_description_pearless	Don't Collect Any Pearls!		パールを取らずに進め！	¡No Obtengas Ninguna Perla!	Ne récupère aucune perle !	Non Collezionare Perle!	Não Colete Nenhuma Pérola!	¡No juntes ni una Perla!	Sammle keine Perlen!	Nie Zbierz Żadnej Perły!	別收集任何魂珠！	Hiçbir İnci Toplama!	Samla Inga Pärlor!	Пройдите, не собирая жемчужины!
mission_description_enemyless	Don't Defeat Any Enemies!		マジンをたおさずにいそげ！	¡No Derrotes a Ningún Enemigo!	Ne bat aucun ennemi !	Non Sconfiggere Nemici!	Não Derrote Nenhum Inimigo!	¡No venzas a ningún enemigo!	Besiege keine Gegner!	Nie Pokonaj Żadnego Przeciwnika!	別擊敗任何敵人！	Hiçbir Düşman Yenme!	Besegra Inga Fiender!	Пройдите, не убив ни одного злого духа!
														
mission_description_enemy_1	Defeat 1 Enemy!		マジンを1体たおせ！	¡Derrota a un Enemigo!	Bats 1 ennemi !	Sconfiggi 1 Nemico!	Derrote 1 Inimigo!	¡Derrota 1 enemigo!	Besiege 1 Gegner!	Pokonaj 1 Przeciwnika!	擊敗1個敵人！	1 Düşman Yen!	Besegra 1 Fiende!	Одолейте одного злого духа!
mission_description_enemy_10	Defeat 10 Enemies!		マジンを10体たおせ！	¡Derrota a 10 Enemigos!	Bats 10 ennemis !	Sconfiggi 10 Nemici!	Derrote 10 Inimigos!	¡Derrota 10 enemigos!	Besiege 10 Gegner!	Pokonaj 10 Przeciwników!	擊敗10個敵人！	10 Düşman Yen!	Besegra 10 Fiender!	Одолейте 10 злых духов!
mission_description_enemy_15	Defeat 15 Enemies!		マジンを15体たおせ！	¡Derrota a 15 Enemigos!	Bats 15 ennemis !	Sconfiggi 15 Nemici!	Derrote 15 Inimigos!	¡Derrota 15 enemigos!	Besiege 15 Gegner!	Pokonaj 15 Przeciwników!	擊敗15個敵人！	15 Düşman Yen!	Besegra 15 Fiender!	Одолейте 15 злых духов!
mission_description_enemy_20	Defeat 20 Enemies!		マジンを20体たおせ！	¡Derrota a 20 Enemigos!	Bats 20 ennemis !	Sconfiggi 20 Nemici!	Derrote 20 Inimigos!	¡Derrota 20 enemigos!	Besiege 20 Gegner!	Pokonaj 20 Przeciwników!	擊敗20個敵人！	20 Düşman Yen!	Besegra 20 Fiender!	Одолейте 20 злых духов!
mission_description_enemy_40	Defeat 40 Enemies!		マジンを40体たおせ！	¡Derrota a 40 Enemigos!	Bats 40 ennemis !	Sconfiggi 40 Nemici!	Derrote 40 Inimigos!	¡Derrota 40 enemigos!	Besiege 40 Gegner!	Pokonaj 40 Przeciwników!	擊敗40個敵人！	40 Düşman Yen!	Besegra 40 Fiender!	Одолейте 40 злых духов!
														
mission_description_ring_10	Gather 10 Rings!		リングを10個あつめろ！	¡Acumula 10 Anillos!	Récupère 10 Rings !	Ottieni 10 Anelli!	Colete 10 Anéis!	¡Junta 10 Anillos!	Sammle 10 Ringe!	Zbierz 10 Pierścieni!	收集10枚金環！	10 Yüzük Topla!	Samla 10 Ringar!	Соберите 10 колец!
mission_description_ring_25	Gather 25 Rings!		リングを25個あつめろ！	¡Acumula 25 Anillos!	Récupère 25 Rings !	Ottieni 25 Anelli!	Colete 25 Anéis!	¡Junta 25 Anillos!	Sammle 25 Ringe!	Zbierz 25 Pierścieni!	收集25枚金環！	25 Yüzük Topla!	Samla 25 Ringar!	Соберите 25 колец!
mission_description_ring_50	Gather 50 Rings!		リングを50個あつめろ！	¡Acumula 50 Anillos!	Récupère 50 Rings !	Ottieni 50 Anelli!	Colete 50 Anéis!	¡Junta 50 Anillos!	Sammle 50 Ringe!	Zbierz 50 Pierścieni!	收集50枚金環！	50 Yüzük Topla!	Samla 50 Ringar!	Соберите 50 колец!
mission_description_ring_80	Gather 80 Rings!		リングを80個あつめろ！	¡Acumula 80 Anillos!	Récupère 80 Rings !	Ottieni 80 Anelli!	Colete 80 Anéis!	¡Junta 80 Anillos!	Sammle 80 Ringe!	Zbierz 80 Pierścieni!	收集80枚金環！	80 Yüzük Topla!	Samla 80 Ringar!	Соберите 80 колец!
mission_description_ring_99	Gather 99 Rings!		リングを99個あつめろ！	¡Acumula 99 Anillos!	Récupère 99 Rings !	Ottieni 99 Anelli!	Colete 99 Anéis!	¡Junta 99 Anillos!	Sammle 99 Ringe!	Zbierz 99 Pierścieni!	收集99枚金環！	99 Yüzük Topla!	Samla 99 Ringar!	Соберите 99 колец!
mission_description_ring_100	Gather 100 Rings!		リングを100個あつめろ！	¡Acumula 100 Anillos!	Récupère 100 Rings 	Ottieni 100 Anelli!	Colete 100 Anéis!	¡Junta 100 Anillos!	Sammle 100 Ringe!	Zbierz 100 Pierścieni!	收集100枚金環！	100 Yüzük Topla!	Samla 100 Ringar!	Соберите 100 колец!
														
mission_description_ring_chain_30	Chain Together 30 Rings!		リングチェインを30チェイン決めろ！	¡Encadena 30 Anillos!	Enchaîne 30 Rings ! 	Concatena 30 Anelli!	Sequencie 30 Anéis!	¡Consigue 30 cadenas de Anillos!	Kette 30 Ringe aneinander!	Zbierz 30 Pierścieni w Łańcuchu!	連續獲得30枚金環吧！	30 Yüzğü Birbirine Bağla!	Kedja Ihop 30 Ringar!	Соберите 30 цепей из колец!
mission_description_ring_chain_50	Chain Together 50 Rings!		リングチェインを50チェイン決めろ！	¡Encadena 50 Anillos!	Enchaîne 50 Rings ! 	Concatena 50 Anelli!	Sequencie 50 Anéis!	¡Consigue 50 cadenas de Anillos!	Kette 50 Ringe aneinander!	Zbierz 50 Pierścieni w Łańcuchu!	連續獲得50枚金環吧！	50 Yüzğü Birbirine Bağla!	Kedja Ihop 50 Ringar!	Соберите 50 цепей из колец!
mission_description_ring_chain_60	Chain Together 60 Rings!		リングチェインを60チェイン決めろ！	¡Encadena 60 Anillos!	Enchaîne 60 Rings ! 	Concatena 60 Anelli!	Sequencie 60 Anéis!	¡Consigue 60 cadenas de Anillos!	Kette 60 Ringe aneinander!	Zbierz 60 Pierścieni w Łańcuchu!	連續獲得60枚金環吧！	60 Yüzğü Birbirine Bağla!	Kedja Ihop 60 Ringar!	Соберите 60 цепей из колец!
mission_description_ring_chain_100	Chain Together 100 Rings!		リングチェインを100チェイン決めろ！	¡Encadena 100 Anillos!	Enchaîne 100 Rings ! 	Concatena 100 Anelli!	Sequencie 100 Anéis!	¡Consigue 100 cadenas de Anillos!	Kette 100 Ringe aneinander!	Zbierz 100 Pierścieni w Łańcuchu!	連續獲得100枚金環吧！	100 Yüzğü Birbirine Bağla!	Kedja Ihop 100 Ringar!	Соберите 100 цепей из колец!
														
mission_description_time_45	Finish Within 45 Seconds!		45秒以内に進め！	¡Llega a la Meta en menos de 45 Segundos!	Termine en moins de 45 secondes !	Concludi Entro 45 Secondi!	Termine em 45 Segundos!	¡Termina en menos de 45 segundos!	Beende in 45 Sekunden!	Skończ w 45 Sekund!	45秒以內完成關卡！	45 Saniye İçinde Bitir!	Slutför Inom 45 Sekunder!	Доберитесь до финиша за 45 секунд!
mission_description_time_90	Finish Within 90 Seconds!		90秒以内に進め！	¡Llega a la Meta en menos de 90 Segundos!	Termine en moins de 90 secondes !	Concludi Entro 90 Secondi!	Termine em 90 Segundos!	¡Termina en menos de 90 segundos!	Beende in 90 Sekunden!	Skończ w 90 Sekund!	90秒以內完成關卡！	90 Saniye İçinde Bitir!	Slutför Inom 90 Sekunder!	Доберитесь до финиша за 90 секунд!
mission_description_time_100	Finish Within 100 Seconds!		100秒以内に進め！	¡Llega a la Meta en menos de 100 Segundos!	Termine en moins de 100 secondes !	Concludi Entro 100 Secondi!	Termine em 100 Segundos!	¡Termina en menos de 100 segundos!	Beende in 100 Sekunden!	Skończ w 100 Sekund!	100秒以內完成關卡！	100 Saniye İçinde Bitir!	Slutför Inom 100 Sekunder!	Доберитесь до финиша за 100 секунд!
mission_description_time_120	Finish Within 120 Seconds!		120秒以内に進め！	¡Llega a la Meta en menos de 120 Segundos!	Termine en moins de 120 secondes !	Concludi Entro 120 Secondi!	Termine em 120 Segundos!	¡Termina en menos de 120 segundos!	Beende in 120 Sekunden!	Skończ w 120 Sekund!	120秒以內完成關卡！	120 Saniye İçinde Bitir!	Slutför Inom 120 Sekunder!	Доберитесь до финиша за 120 секунд!
														
mission_description_lp_main	Find Erazor Djinn!		イレイザー・ジンを探しだせ！				Encontre o Erazor Djinn!	¡Encuentra a Erazor, el Genio!	Finde den Erazor Djinn!	Znajdż Erazora Dżina!		Erazor Cini Bul!		Найдите Эрейзора Джинна!
mission_description_so_main	Head to King Shahryar's Palace!		シャフリヤール王宮へいそげ！	¡Dirígete al Palacio del Sultán Shahriar!	Pars au Palais du Roi Shahyar ! 	Vai verso il Palazzo del Re Shahriyar!	Encontre o Palácio do Rei Xariar!	¡Ve al palacio del sultán Shahriar!	Gehe zu König Shahryas Palast!	Udaj się do Pałacu Króla Shahryar'a!	抵達山魯亞爾國王的宮殿！	Kral Shahyar'ın Sarayına Git!	Gå till Kung Shahryars Palats!	Дойдите до дворца царя Шахрияра!
mission_description_so_jar	Break 5 Jars!		ツボを5個こわせ！	¡Rompe 5 Jarrones!	Casse 5 Jarres !	Rompi 5 Anfore!	Quebre 5 Vasos!	¡Rompe 5 jarrones!	Zerbrich 5 Krüge!	Zniszcz 5 Dzbanków!	打破5個陶壺！	5 Kavanoz Kır!	Slå Sönder 5 Krukor!	Разбейте 5 кувшинов!
mission_description_so_jarless	Don't Break Any Jars!		ツボをわらずに進め！	¡No Rompas Ningún Jarrón!	Ne casse aucune jarre !	Non Rompere Nessuna Anfora!	Não Quebre Nenhum Vaso!	¡No rompas ningún jarrón!	Zerbrich keine Krüge!	Nie Zniszcz Żadnych Dzbanków!	不要打破任何陶壺！	Hiçbir Kavanoz Kırma!	Slå Inte Sönder Några Krukor!	Пройдите, не разбив ни одного кувшина!
mission_description_so_boss	Battle! Sand Scorpion!		対決!サンドスコーピオン！	¡Lucha contra el Escorpión de las Arenas!	Bats le Scorpion de Sable ! 	Battaglia Contro lo Scorpione delle Sabbie!	Derrote Sand Scorpion!	¡Pelea! ¡Es el Escorpión de la Arena!	Kämpfe! Sand Scorpion!	Bitwa! Skorpion Piaskowy!	對決！沙漠巨蠍！	Dövüş! Kum Akrebiyle!	Strid! Sandskorpionen!	Битва с песчаным скорпионом!
														
mission_description_dj_main	Follow the Pterosaur!		いそいで翼竜を追え！	¡Sigue al Pterosaurio!	Suis le Ptétosaure ! 	Segui Il Pterosauro!	Siga o Pterossauro!	¡Deprisa, sigue al pterosaurio!	Verfolge den Flugsaurier!	Podążaj za Pterozaurem!	追上翼龍！	Pterosaur'u takip et!	Följ efter Pterosaurien!	Поскорее догоните птерозавра!
mission_description_dj_genie_eggs	Smash 5 Spirit Eggs!		マジンの卵を5個こわせ！	¡Rompe 5 Huevos de Espíritu!	Brise 5 Esprits d'oeufs ! 	Distruggi 5 Uova di Spirito!	Destrua 5 Ovos Espirituais!	¡Rompe 5 huevos de majin!	Zerschlage 5 Seeleneier!	Rozbij 5 Duchowych Jaj!	打碎5個精靈蛋！	5 Ruh Yumurtası Kır!	Krossa 5 Andeägg!	Разбейте 5 яиц злого духа!
mission_description_dj_dino_eggs	Return the Dinosaur Eggs to their nests!		恐竜の巣に卵を運べ！	¡Recupera los Huevos de Dinosaurio!	Remettez les œufs de dinosaures dans leurs nids !	Restituisci le Uova di Dinosauro ai loro nidi!	Recupere os Ovos de Dinossauro!	¡Lleva los huevos al nido del dinosaurio!	Bringe die Dinosaurier Eier zum Nest!	Zwróć Jaja Dinozaurów do ich gniazd!	把恐龍蛋放回巢穴！	Dinozor Yumurtalarını yuvalarına geri koy!	Lämna tillbaka Dinosaurieäggen till deras bon!	Отнесите яйца в гнездо динозавра!
														
mission_description_ef_main	Head to the Center!		最深部へいそげ！	¡Dirígete al Núcleo!	Pars au Centre ! 	Dirigiti al Centro!	Vá para o Centro!	¡Corre a las profundidades!	Gehe zum Kern der Fabrik!	Udaj się do Centrum!	抵達最深處！	Merkeze Git!	Gå till Mitten!	Пройдите вглубь дворца!
mission_description_ef_time	Find the Exit in Time!		時間内に出口へいそげ！	¡Llega a la Salida dentro del Tiempo Límite!	Trouve la sortie avant le temps imparti ! 	Trova l'Uscita in Tempo!	Encontre a Saída a Tempo!	¡Corre y llega a tiempo a la salida!	Finde rechtzeitig den Ausgang!	Znajdź Wyjście na Czas!	在時限內抵達出口！	Zamanında Çıkışı Bul!	Hitta Utgången i Tid!	Найдите выход за отведённое время!
mission_description_ef_boss	Battle! Ifrit Golem!		対決!イフリートゴーレム！	¡Lucha contra el Gólem Ifrit!	Bats le Golem Ifrit ! 	Battaglia Contro il Golem Ifrit!	Derrote Ifrit Golem!	¡Pelea! ¡Es el Ifrit Gólem!	Kämpfe! Ifrit Golem!	Bitwa! Golem Ifrit!	對決！伊弗利特巨像！	Dövüş! İfrit Golemiyle!	Strid! Ifrit-Golemen!	Битва с Ифритом!
														
mission_description_lr_main	Find Sinbad!		シンドバッドを探しだせ！	¡Encuentra a Simbad!	Trouve Sinbad ! 	Trova Sinbad!	Encontre Simbad!	¡Encuentra a Simbad!	Finde Sindbad!	Znajdź Sinbada!	尋找辛巴達！	Sinbad'i Bul!	Hitta Sinbad!	Найдите Синдбада!
mission_description_lr_cage	Open Sinbad's Cage!		シンドバッドの牢をあけろ！	¡Libera a Simbad de su Jaula!	Ouvre la Cage de Sinbad ! 	Apri la Gabbia di Sinbad!	Abra a Jaula de Simbad!	¡Abre la celda de Simbad!	Öffne Sindbads Käfig!	Otwórz Klatkę Sinbada!	打開辛巴達的牢籠！	Sinbad'in Kafesini Aç!	Öppna Sinbads Bur!	Откройте клетку с Синдбадом!
														
mission_description_ps_main	Follow the Pirates!		嵐の海をこえ海賊団を追え！	¡Sigue a los Piratas!	Suis les Pirates ! 	Segui i Pirati!	Siga os Piratas!	¡Sigue a los piratas por los mares tormentosos!	Folge den Piraten!	Podążaj za Piratami!	在波濤洶湧的海域中追上海賊團！	Korsanları Takip Et!	Följ efter Piraterna!	Преодолейте морской шторм\nи догоните пиратов!
mission_description_ps_boss	Battle! Captain Bemoth!		対決!キャプテンベモス！	¡Lucha contra el Capitán Bimoz!	Affronte le Capitaine Bemoth ! 	Battaglia Contro il Capitano Bemoth!	Derrote Captain Bemoth!	¡Pelea! ¡Es el Capitán Bémot!	Kämpfe! Captain Bemoth!	Bitwa! Kapitan Bemoth!	對決！貝摩斯船長！	Dövüş! Kaptan Bemothla!	Strid! Kapten Bemoth!	Битва с капитаном Бемотом!
														
mission_description_sd_main	Find King Solomon!		ソロモン王をさがせ！	¡Encuentra al Rey Salomón!	Trouve le Roi Salomon !	Trova il Re Salomone!	Encontre o Rei Salomão!	¡Encuentra al Rey Salomón!	Finde König Solomon!	Znajdź Króla Solomona!	尋找所羅門王！	Kral Solomon'u Bul!	Hitta Kung Solomon!	Найдите царя Соломона!
mission_description_sd_bones	Find the King's Bones!		骸骨王の骨をあつめろ！	¡Encuentra los Huesos del Rey!	Suis les os du Roi ! 	Trova le Ossa del Re	Encontre os Ossos do Rei!	¡Recoge el esqueleto del rey!	Finde die Knochen des Königs!	Znajdź Kości Króla!	尋找骷髏王的骨骸！	Kral'ın Kemiklerini Bul!	Hitta Kungens Ben!	Соберите кости царя!
					 									
mission_description_np_main	Sneak Into the Palace!		宮殿の最深部へ突入しろ！	¡Infíltrate en el Palacio!	Infiltre toi dans le Palais ! 	Infiltrati nel Palazzo!	Invada o Palácio!	¡Irrumpe en lo profundo del palacio!	Schleiche durch den Palast!	Zakradnij Się do Pałacu!	潛入宮殿的最深處！	Saraya Gizlice Gir!	Smyg In till Palatset!	Проникните во дворец!
mission_description_np_boss	Battle! Erazor Djinn!		対決!イレイザー・ジン！	¡Lucha contra el Erazor el Yinn!	Affronte Erazor Djinn ! 	Battaglia contro Erazor Djinn!	Derrote o Erazor Djinn!	¡Pelea! ¡Es Erazor, el Genio!	Kämpfe! Erazor Djinn!	Bitwa! Erazor Dżin!	對決！伊萊薩！	Dövüş! Erazor Djinle!	Strid! Erazor-Djinn!	Битва с Эрейзором Джинном!
mission_description_np_last	It's the Final Battle!		ラスト　チャプター！	¡La Batalla Final!	Le Combat Final !	È la Battaglia Finale!	A Batalha Final!	¡Último capítulo!	Der finale Kampf!	Bitwa Ostateczna!	最終對決！	Bu Son Dövüş!	Det är Sista Striden!	Последняя глава
														
														
common_start_so	Let's go, Shahra!		いくぜシャーラ！	¡Vamos, Shara!	Allons-y Shahra !	Andiamo Shahra!	Vamos nessa, Shahra!	¡Vamos, Shahra!	Fertig, Shahra?!	Do dzieła, Shahra!	走吧，夏拉！	Hadi gidelim Shahra!	Låt oss gå, Shahra!	Погнали, Шахра!
common_start2_so	All right,\nlet's get started!		それじゃあ　はじめるとするか！	¡Venga!,\n¡a por todas!	D'accord, commençons ! 	Bene,\niniziamo!	Beleza, \npartiu!	Muy bien, ¡empecemos!	OK, lass uns loslegen!	W porządku,\nzaczynajmy!	好，我們開始吧！	Pekala,\nhadi başlayalım!	Okej, \nlåt oss börja!	Ну что ж, начнём?
common_start3_so	All right,\nlet's go!		気合入れていくぜ！	Bien,\n¡allá vamos!	Très bien,\n c'est parti !	Bene,\nAndiamo!	Beleza, \nvamos nessa!	¡Manos a la obra!	OK, los geht's!	W porządku,\ndo dzieła!	好，我們走吧！	Pekala,\nhadi gidelim!	Okej, \nlåt oss gå!	Я приложу все усилия!
common_start4_so	Here we go, Shahra!		飛ばすぜシャーラ！	¡Al lío, Shara!	On y va, Shahra !	Ci siamo Shahra!	Lá vamos nós, Shahra!	¡Sígueme, Shahra!	Auf geht's, Shahra!	Ruszamy, Shahra!	走囉，夏拉！	İşte gidiyoruz, Shahra!	Här kör vi, Shahra!	Шахра, я полетел!
common_start_sh	Be careful, Sonic!		気をつけてねソニック！	¡Ten cuidado, Sonic!	Sois prudent, Sonic !	Sta attento Sonic!	Cuidado, Sonic!	¡Ten cuidado, Sonic!	Sei vorsichtig, Sonic!	Ostrożnie, Sonic!	要小心喔，索尼克！	Dikkatli ol, Sonic!	Var försiktig, Sonic!	Будь осторожен, Соник!
common_start2_sh	Good luck, Sonic!		がんばってねソンック！	¡Mucha suerte, Sonic!	Bonne chance Sonic !	Buona fortuna, Sonic!	Boa sorte, Sonic!	¡Da lo mejor, Sonic!	Viel Glück, Sonic!	Powodzenia, Sonic!	祝好運，索尼克！	İyi şanslar, Sonic!	Lycka till, Sonic!	Удачи, Соник!
common_start3_sh	This is going to be fun!		期待してるわよ！	¡Esto promete!	Ca va être amusant ! 	Questo sarà divertente!	Isso vai ser divertido!	¡Cuento contigo!	Das wird ein Spaß!	To będzie świetna zabawa!	這下好玩囉！	Bu eğlenceli olacak!	Det här kommer att bli kul!	Я надеюсь на тебя!
common_start4_sh	Sonic, slow down!		ほどほどにねソニック！	Sonic,\n¡no vayas tan rápido!	Sonic, ralenti !	Sonic, rallenta!	Calma, Sonic!	¡Tranquilo, Sonic!	Sonic, nicht so schnell!	Sonic, zwolnij!	索尼克，慢點！	Sonic, yavaşla!	Sonic, sakta ner!	Соник, притормози!
common_advice_so	What should we do, Shahra?		どうするシャーラ？	¿Y ahora qué, Shara?	Que devrions-nous faire, Shahra ?	Cosa dovremmo fare, Shahra?	O que vamos fazer, Shahra?	¿Qué hacemos, Shahra?	Was jetzt, Shahra?	Co powinniśmy zrobić, Shahra?	夏拉，我們該怎麼辦？	Ne yapmalıyız, Shahra!	Vad borde vi göra, Shahra!	Что будем делать, Шахра?
common_advice_sh	Keep going, of course!		もちろん　行くしかないででっしょう！	¡Hemos de seguir avanzando!	On continue, bien sûr !	Continuare, ovviamente!	Seguir adiante, é claro!	¡Obvio, sólo podemos seguir!	Weiterlaufen, natürlich.	Nie zwalniać tempa, oczywiście!	當然是繼續走囉！	Devam etmeliyiz, elbette!	Fortsätta, så klart!	Конечно идти! Другого выхода нет!
common_resolution_so	Let's do it!		一気にいくぜ！！	¡A por todas!	Allons-y !	Facciamolo!	Vamos nessa!	¡¡Démoslo todo!!	Na dann los!	Zróbmy to!	來做吧！	Hadi yapalım!	Låt oss göra det!	Сделаю всё сразу!
common_resolution_sh	Hey Sonic, wait!		ちょっ！　まってよソニック！！	¡Eh, Sonic!; ¡espera!	Hey Sonic, attends !	Ehi Sonic, aspetta!	Ei Sonic, espera!	Esp... ¡Espera, Sonic!	H-hey! Sonic, warte!	Hej Sonic, czekaj!	嘿索尼克，等等啊！	Hey Sonic, bekle!	Hörru Sonic, vänta!	Стой, Соник! Подожди!
common_unknown_so	What is it?		なんだこれ？	¿Qué pasa?	Qu'y a-t-il ?	Che cos'è?	O que foi?	¿Qué es esto?	Was ist das?	Co to jest?	怎麼了？	Bu nedir?	Vad är det?	Это ещё что?
common_unknown_sh	Hmm...What's that?		お　なにかしら？	Hum... ¿Qué es eso?	Hmm... Qu'est-ce que c'est ?	Hmm...Cos'è quello?	Hmm... O que é isso?	Oh... ¿Qué es eso?	Hmm...Was ist das?	Hmm... Co to?	嗯…那是什麼？	Hmm... Bu da ne?	Hmm... Vad är det där?	Хм? Что это?
common_confused_so	Hey! What's going on?		ヘーイ　なんだこりゃ？	¡Eh!, ¿que está pasando?	Hé! Que se passe-t-il ?	Ehi! Cosa sta succedendo?	Ei! O que tá rolando?	¡Ey, ¿qué es esto?!	Hey! Was geht denn hier ab?!	Hej! Co jest grane?	嘿！怎麼回事？	Hey! Neler oluyor?	Hörru! Vad är det som händer?	Эй, а это ещё что?
common_confused_sh	I think there's something we can do here.		ためしに何かしてみたら？	Debe de haber algo que podamos hacer...	Je pense que nous pouvons faire quelque chose ici.	Penso che ci sia qualcosa che possiamo fare qui.	Acho que tem algo que podemos fazer aqui.	¿Hay algo que quieras intentar?	Ich denke es gibt hier etwas, was wir tun können.	Myślę, że jest tu coś, co możemy zrobić.	我覺得我們可以在這裡做些什麼事。	Sanırım burada yapabileceğimiz bir şey var.	Jag tror det är något vi kan göra här.	Попробуй что-нибудь сделать.
common_concern_sh	Are you okay, Sonic?		大丈夫ソニック？	¿Estás bien, Sonic?	Ça va, Sonic ?	Stai bene, Sonic?	Você está bem, Sonic?	¿Estás bien, Sonic?	Alles in Ordnung, Sonic?	Nic ci nie jest, Sonic?	索尼克，你沒事吧？	İyi misin, Sonic?	Är du okej, Sonic?	Соник, всё хорошо?
common_concern2_sh	Don't strain yourself too much.		飛ばしすぎないでよ？	No te fuerzes hasta el límite.	Ne te fatigue pas trop !	Non sforzarti troppo.	Evite se esforçar demais.	No vayas tan rápido, ¿sí?	Überanstrenge dich nicht!	Nie nadwyrężaj się tak..	別做過頭囉。	Kendinizi çok fazla zorlama.	Änsträng dig inte för myckert!	Не лети так быстро!
common_confident_so	Just leave it to me!		なーにまかせとけって！	¡Tú déjamelo a mí!	Laisse-moi faire ! 	Lascia fare a me!	Deixa comigo!	¡Yo me encargo!	Ich mach das schon!	Po prostu zostaw to mnie!	就交給我吧！	Sadece bana bırak!	Bara lämna det till mig!	Конечно! Положись на меня!
common_goal_so	Let's head for the goal!		ゴールまで突っ走るぜ！	¡Dirijámonos a la meta!	Direction droit au but !	Andiamo verso il traguardo!	Partiu pro objetivo!	¡Corramos a la meta!	Wir sind schon fast da!	Ruszajmy do mety!	我們趕往終點吧！	Hadi hedefe gidelim!	Låt oss gå till målet!	Я бегу к финишу со всех ног!
common_dizzy_so	Wahoo!		ヒヤッホー！	¡Toma ya!	Wahoo !	Wahoo!	Wahoo!	¡Guajúu!	Wahuu!	Łuhu!	哇呼！	Wahoo!	Wahoo!	Ву-ху!
common_dizzy2_so	Yeah, excellent!		ＹＥＡＨ！　ゴキゲンだぜ！	¡Sí! ¡Genial!	Ouais,excellent ! 	Sì, eccellente!	É isso aí!	¡Sí! ¡Súper bien!	Yeah, nur weiter so!	Tak, super!	Yeah！完美！	Evet, mükemmel!	Ja, utmärkt!	Йе-е-е-е! Отлично!
common_dizzy3_so	Yahoo!		ＹＡＨＯＯ！	¡Qué pasada!	Yahoo !	Yahoo!	Yahoo!	¡Yajúu!	Yahoo!	Juhu!	呀呼！	Yahoo!	Yahoo!	Йее-хуу!
common_dizzy_sh	Ahhhh!\nI'm getting dizzy!		やーっ！　目が回る～！！	¡Aaah!\n¡Qué mareo!	Ahhh !\nJ'ai le vertige !	Ahhhh!\nHo le vertigini!	Ahhhh!\nEu tô ficando zonza!	¡Ah... estoy mareada!	Aaaah! Mir wird schwindlig!	Ahhhh!\nKręci mi się w głowie!	啊啊！我要暈了！	Ahhh!\nSersemliyorum!	Ahhhh!\nJag börjar bli yr!	Уа-а-а! Голова кружится!
common_dizzy2_sh	Eeeek!		きゃー！！	¡Aaah!	Je crois que je vais vomir...	Eeeek!	Aaaah!	¡Ay...!	Aaaah!	Aaaah!	伊呀呀！！	Eeeek!	Eeeek!	А-а-а-а-а!
common_dizzy3_sh	Wh-whooaa!		ちょ　ちょっとー！！	¡Aaah!	Ouah !	Wh-whoaa!	Aaaah!	¡E-Espera...!	Wh-whoaa!	Aaaah!	哇啊啊！	Wh-whooaa!	Wh-whooaa!	Уа-а-а!
common_secret_so	Yes! I knew it!		ＹＥＳ！　思ってとりだ	¡Sí! ¡Lo sabía!	Ouais ! Je le savais !	Sì, lo sapevo!	Isso! Sabia!	¡Sí, justo como imaginé!	Yes! Wie ich's mir dachte!	Tak! Wiedziałem!	讚啦！我就知道！	Evet! Biliyordum!	Ja! Jag visste det!	Да! Как я и думал!
common_secret_sh	You're lucky, Sonic!		ラッキーねソニック！	¡Qué suerte tienes, Sonic!	Tu es chanceux Sonic ! 	Sei fortunato Sonic!	Você é sortudo, Sonic!	¡Eres un suertudo, Sonic!	Du hast Glück, Sonic!	Szczęściarz z Ciebie, Sonic!	索尼克你真幸運！	Şanslısın, Sonic!	Du har tur, Sonic!	Повезло, Соник!
common_collect_so	Heheh, I'll take that!		へへ　いただきだぜ！	¡Ja,ja! ¡Me quedo con eso!	Héhé, je prend ça ! 	Heheh, questo lo prendo io!	Heheh, bobeou, dançou! 	Jeje. ¡Me lo llevo!	Hehe. Wenn's sonst keiner will!	Heh, wezmę to Sobie!	嘿，簡單啦！	Heheh, bunu alacağım!	Heheh, den tar jag!	Ха-ха, эту игру выиграл я!
common_collect_sh	Good job!		やるじゃない！	¡Bien hecho!	Bon travail !	Ottimo lavoro!	Bom trabalho!	¡Nada mal!	Gut gemacht!	Dobra robota!	做得好！	İyi iş!	Bra jobbat!	Ты молодец!
common_caution_so	Shahra, watch out!		来るぞ！　シャーラ！	¡Cuidado, Shara!	Shahra, attention !	Shahra, attenta!	Shahra, cuidado!	¡Nos atacan, Shahra!	Shahra, pass auf!	Shahra, uważaj!	夏拉，小心！	Shahra, dikkat et!	Shahra, akta dig!	Они наступают, Шахра!
common_caution_sh	Ahhh!		うわっ！！	¡Aaah!	Ahhh!	Ahhh!	Ahhh!	¡Guaah...!	Aah!	Ahhh!	啊啊啊！	Ahhh!	Ahhh!	А-а-а-а!
common_caution2_so	Let's be careful here.		ちょい気をつけていくか	Tengamos cuidado ahora.	Faisons attention ici.	Facciamo attenzione qui.	Vamos com cuidado aqui.	Aquí tengamos cuidado...	Hier passen wir lieber auf.	Badżmy tutaj ostrożni.	我們小心點過去吧。	Hadi burada dikkatli olalım.	Låt oss vara försiktiga här.	Постараюсь быть осторожным.
common_caution2_sh	Proceed with caution.		ここからは慎重にいきましょ	Avanza con cuidado.	Avançons attentivement.	Procedi con cautela.	Avance com cuidado.	Hay que avanzar con más cuidado.	Sei vorsichtig hier.	Postępuj ostrożnie.	慎重地前進吧。	Dikkatli ilerle.	Forsätt med varsamhet.	А теперь сосредоточься!
common_jump_so	Jump!		とぶぜ！	¡Salta!	Saute ! 	Salta!	Pula!	¡A volar!	Spring!	Skacz!	跳！	Zıpla!	Hopp!	Я полетел!
common_jump2_so	Yahoo!		ＹＡＨＯＯ！	¡Toma ya!	Yahoo !	Yahoo!	Yahoo!	¡Yajúu!	Yahoo!	Jupi!	呀呼！	Yahoo!	Yahoo!	Йее-хуу!
common_jump_sh	Okay!		ＯＫ！	¡Bien!	Ok ! 	Ok!	Ok!	¡Okey!	OK!	Okej!	OK！	Tamam!	Okej!	Окей!
common_jump2_sh	Hyahhh!		ひゃああああ	¡Aaah!	Hyahhh !	Hyahhh!	Riahhh!	¡Jíaaah!	Jaaaa!	Hyahhh!	哈呀啊啊！	Hyahhh!	Hyahhh!	И-а-а-а!
common_fall_so	Whoa!			¡Hala!	Ouah !	Whoa!	Uou!	¡Guau...!	Whoa!	Łoł!	哇嗚！	Whoa!	Whoa!	Уа-а-а-а!
common_fall2_so	Look out below!		急降下だぜ！	¡Mira abajo!	Regarde en-dessous ! 	Attenzione in basso!	Cuidado, aí em baixo!	¡Está bastante alto!	Vorsicht, da unten!	Uwaga na dole!	下面的小心！	Aşağa bak!	See upp där nere!	Резкий спуск!
common_fall_sh	We're falling!		おちるわ！	¡Nos caemos!	On tombe !	Stiamo cadendo!	Estamos caindo!	¡Nos caemos!	Wir fallen!	Spadamy!	我們要摔下去了！	Düşüyoruz!	Vi faller!	Ты падаешь!
common_fall2_sh	Ahhhh!		やーん！	¡Aaah!	Ahhh !	Ahhhh!	Ahhhh!	¡Aaah...!	Aaah!	Ahhhh!	啊啊啊！	Ahhhh!	Ahhhh! 	А-а-а-а-а!
common_recovery_so	Heh, no problem!		どうってことないさ！	¡Je! ¡Sin un rasguño!	Hehe, aucun problème !	Heh, nessun problema!	Heh, sem problemas!	¡No fue para tanto!	Ha! Kein Problem!	Heh, żaden problem!	嘿，沒問題啦！	Heh, sıkıntı yok!	Heh, inga problem!	Всё обошлось!
common_recovery2_so	Had me worried there for a second.		ちょっと　今のはやばかったかな	Que susto me acabo de llevar...	J'ai eu peur sur le coup.	Mi hai fatto preoccupare lì per un attimo.	Fiquei preocupado por um instante.	Vaya, la vimos cerca...	Woah. Knappe Kiste, dass!	Martwiłem się tam przez chwilę.	害我擔心了一下呢。	Beni biraz olsun endişelendirdin.	Du gjorde mig orolig för en stund där.	Да, это было опасно!
common_recovery_sh	That was close!		あぶなかったわね！	¡Por poco!	C'est pas passé loin !	Per un pelo!	Essa foi por pouco!	¡Por poco!	Das war knapp!	Było blisko!	剛才好險！	Bu yakındı!	Det var nära!	Это было опасно!
common_recovery2_sh	Talk about a close call!		危機一髪ってカンジね	¡Ha estado cerca!	Quelle situation !	Parlando di situazioni rischiose!	Essa foi por um triz!	Estuvo cerca, ¿no?	Das war eine knappe Sache!	O mały włos!	真是好險呢！	Çok yakın bir tehlikeden bahsediyoruz!	Snacka om nära ögat!	Ты был на волоске!
common_worry_so	Hey, don't worry!			Hey, ¡no te preocupes!	Hey, t'inquiète !	Ehi, non preoccuparti!	Ei, não se preocupa!	¡No te preocupes!	Hey, mach dir keinen Kopf!	Hej, nie martw się!	嘿，別擔心啦！	Hey, endişelenme!	Hörru, oroa dig inte!	Не беспокойся!
common_worry_sh	Sonic, are you alright?		ちょっと　大丈夫ソニック？	Sonic, ¿estás bien?	Sonic, ça va ?	Sonic, Stai bene?	Sonic, você está bem?	Oye, ¿estás bien, Sonic?	Sonic, geht es dir gut?	Sonic, wszystko w porządku?	索尼克，你還好嗎？	Sonic, iyi misin?	Sonic, är du okej!	Соник, ты в порядке?
common_lap_sh	That's one lap!		一周したわね	¡Ya llevas una vuelta!	C'était le premier tour !	Questo è un giro!	Completamos uma volta!	¡Completamos una vuelta!	Das war eine Runde!	To było pierwsze okrążenie!	一圈完成！	Bu bir tur!	Det var ett varv!	Ты сделал круг!
common_lap_so	One down, more to go!		みたいだな！	Esa es la primera;\n¡a por la siguiente!	Un de moins, au suivant !	Uno giù, passiamo al prossimo!	Um já foi, e lá vem mais!	¡Eso parece!	Erste Runde, abgehakt!	Jedno z głowy, więcej przed nami!	再來繼續把剩下的跑完！	Biri gitti, daha gidilecek var!	En avklarad, flera kvar!	Похоже на то!
common_end_so	All right!		ＡＬＬ　ＲＩＧＨＴ！	¡Nada mal!	Super !	Bene!	Beleza!	¡Muy bien!	OK!	Jasne!	好耶！	Pekala!	Okej!	Хорошо!
common_end_sh	Just a little more, Sonic!		あと少しよソニック！	¡Ya casi está. Sonic!	Ce n'est plus très loin, Sonic !	Ancora un pochino, Sonic!	Só mais um pouco, Sonic!	¡Sólo un poco más, Sonic!	Nicht nachlassen, Sonic!	Jeszcze tylko troszkę, Sonic!	就快了索尼克！	Sadece biraz daha, Sonic!	Bara lite till, Sonic!	Ещё немного, Соник!
common_halfway_so	Roger that!		りょうかい	¡Recibido!	Compris !	Ricevuto!	Entendido!	¡Entendido!	Alles klar!	Przyjąłem!	收到！	Anlaşıldı!	Uppfattat!	Понял!
common_halfway_sh	We're about halfway!		今大体半部でとこね	¡Vamos por la mitad!	On est presque à la moitié !	Siamo a metà!	Estamos na metade do caminho!	¡Llevamos casi la mitad del camino!	Wir sind etwa halbwegs fertig!	Jesteśmy mniej więcej w połowie!	我們剩一半了！	Yarısındayız!	Vi är ungefär halvvägs!	Осталась примерно половина!
common_encourage_so	All right already!		やれやれだぜ全く！	¡Venga, vamos!	Allez, c'est parti !	Dai, andiamo!	Vamos nessa!	¡Esto es un fastidio!	Ist ja gut!	No, dalej!	知道了！	Pekala o zaman!	Nu räcker det!	Давай-давай!
common_encourage_sh	Keep going, Sonic!		まだまだあるわよソニック！	¡No te rindas, Sonic!	Continue, Sonic !	Continua, Sonic!	Continue, Sonic!	¡Aún hay más, Sonic!	Weiter, Sonic!	Tak trzymaj, Sonic!	繼續啊，索尼克！	Devam et, Sonic!	Fortsätt framåt, Sonic!	Ещё не всё, Соник!
common_up_so	Let's go up.		この上行ってみよう	Vayamos hacia arriba.	Montons.	Andiamo su.	Vamos subir.	Hay que subir.	Da oben geht's weiter.	Chodżmy na górę.	我們上去吧。	Hadi yukarı çıkalım.	Låt oss gå uppåt.	Попробуем забраться наверх?
common_up_sh	Try going up there.		ねぇ、上に行ってみましょう	Prueba subir ahí arriba.	Essaie de monter là-bas.	Prova ad andare lì sopra.	Tente ir lá em cima.	Oye, subamos allá.	Versuche nach oben zu gehen.	Spróbuj wejść na górę.	我們試試看上去吧	Buradan yukarı çıkmayı dene.	Prova att gå upp där!	Давай попробуем забраться наверх.
common_up2_so	Maybe we should go up here.		この先で　上に行ってみるか	Quizás deberíamos subir ahí.	On pourrait monter par là.	Forse dovremmo andare quassù.	Talvez a gente devesse subir aqui.	¿Deberíamos subir?	Hmm, da oben könnte was sein!	Może powinniśmy wejść na górę.	或許我們該從這裡上去。	Belki buradan yukarı çıkmalıyız.	Vi kanske borde gå upp där.	Попробуем залезть наверх?
common_up2_sh	Let's try going up here.		この先で　上に行ってみましょう	Probemos subir ahí arriba.	Essayons de monter par là.	Proviamo ad andare quassù.	Vamos tentar subir aqui.	Sigamos por arriba.	Lass uns versuchen nach oben zu gehen.	Spróbujmy wejść na górę.	我們試試看從這裡上去吧	Hadi buradan yukarı çıkmayı deneyelim.	Vi provar att gå upp där!	Попробуй залезть наверх!
common_down_so	We should go down.		ここで　降りてみるか	Deberíamos bajar.	On devrait descendre.	Dovremmo andare giù.	Vamos descer.	¿Y si bajamos?	Da unten ist ein Weg.	Powinniśmy zejść na dół.	我們下去吧。	Aşağı inmeliyiz.	Vi borde gå ner!	Попробуем спуститься отсюда?
common_down_sh	Let's try going down.		ここから　降りてみましょう	Probemos bajar.	Essayons de descendre.	Proviamo ad andare giù.	Tente ir lá em baixo.	Bajemos allá.	Lass uns versuchen nach unten zu gehen.	Spróbujmy zejść na dół.	我們下去看看吧。	Hadi aşağı inelim.	Vi provar att gå ner!	Попробуй спуститься отсюда!
common_down2_so	Maybe we should go down here.		この先で　下に行ってみるか	Quizás deberíamos bajar.	On pourrait descendre ici.	Forse dovremmo andare quaggiù.	Talvez a gente devesse ir aqui em baixo.	¿Deberíamos bajar?	Vielleicht sollten wir hier heruntergehen.	Może powinniśmy zejść na dół.	我們或許該從這裡下去。	Belki buradan aşağı inmeliyiz.	Vi kankse borde gå ner där!	Попробуем спуститься?
common_down2_sh	Let's try going down here.		この先で　下に降りてみましょう	Probemos bajar allí.	Tentons de descendre là.	Proviamo ad andare quaggiù.	Vamos tentar descer aqui.	Sigamos por abajo.	Lass uns hier versuchen nach unten zu gehen.	Spróbujmy tam zejść.	我們從這裡下去看看吧。	Hadi aşağı inmeyi deneyelim.	Vi provar att gå ner här.	Попробуй спуститься!
common_feeling_so	I have a bad feeling about this.		イヤなの感がするぜ	Esto me da mala espina.	Ça ne me dit rien qui vaille.	Ho un brutto presentimento a riguardo.	Isso não tá me cheirando bem.	Tengo un mal presentimiento.	Ich hab ein schlechtes Gefühl bei der Sache.	Coś mi tu śmierdzi.	我對這有股不妙的感覺。	Bunun hakkında kötü hislerim var.	Jag har en dålig känsla för det här.	У меня плохое предчувствие.
common_feeling_sh	I've got a bad feeling.\nBe careful.		イヤなの感がするわ\n気をつけて！	Tengo un mal presentimiento.\nTen cuidado.	J'ai un mauvais pressentiment.\nSois prudent.	Ho un brutto presentimento.\nSta attento.	Estou com um mal pressentimento.\nCuidado.	Tengo un mal presentimiento.\n¡Ten cuidado!	Mir ist ganz mulmig. Sei vorsichtig!	Obawiam się.\nUważaj.	我有股不妙的感覺。小心！	Kötü hislerim var.\nDikkatli ol.	Jag har en dålig känsla. \nVar försiktig!	У меня плохое предчувствие!\nБудь осторожен!
common_heights_so	Woah. Don't want to fall, here.		落ちないように気をつけなきゃな	¡Uf! Será mejor no caerse.	Woah. Évitons de tomber ici.	Woah. Di certo non voglio cadere qui.	Uou. Eu que não quero cair aqui.	Tengamos cuidado de no caer.	Woah. Hier leg ich mich lieber nicht ab.	Łał. Tutaj nie chcesz spaść.	哇喔。別摔下去了。	Woah. Buradan düşmek istemem.	Woah. Vill inte ramla ner, här. 	Надо быть осторожным, чтобы не упасть.
common_heights_sh	Be careful not to fall.		落ちないように気をつけてよね	Ten cuidado de no caerte.	Prends garde à ne pas tomber.	Sta attento a non cadere.	Cuidado para não cair.	Ten cuidado de no caer.	Pass auf, dass du nicht fällst.	Uważaj aby nie spaść.	小心不要摔下去。	Dikkatli ol, düşme.	Va försiktig så du inte ramlar!	Будь осторожен, не упади!
														
common_enemy_so	Hey look, we have company!		ハン　おいでなすったぜ！	¡Mira!; ¡tenemos compañía!	Hey, nous avons de la compagnie !	Ehi guarda, abbiamo compagnia!	Ei olha, a gente tem companhia!	Jum, ¡vinieron!	Hey, scheint als hätten wir Besuch!	Hej, spójrz, mamy towarzystwo!	看啊，有人來囉！	Hey bakın, misafirlerimiz var!	Hörru titta, vi har sällskap!	Ха, а вот и враги!
common_enemy2_so	Well, look who's here!		お　いたいた！	Vaya, vaya,\n¡mira quién está aquí!	Regarde qui voilà !	Bene bene, guarda chi abbiamo qui!	Ora ora, olha só quem tá aqui!	Oh, ¡vaya, vaya!	Ach, sieh mal einer an!	No proszę, kogo my tu mamy!	哈，看看是誰來了！	Vay, bakın burada kimler var!	Men, titta vem som är här!	О, нашёл!
common_enemy3_so	Hmph! More pests!		へ　ざこが！	¡Hum! ¡Más alimañas!	Mmph ! Encore des ennuis !	Hmph! Più scocciature!	Hum! Mais pestes!	Je, ¡qué escoria!	Hmpf! Mehr Ungeziefer!	Hmph! Więcej szkodników!	哼！還有雜兵啊！	Hmph! Daha fazla haşare!	Hmph! Fler odjur!	Ха! Мелюзга!
common_enemy4_so	Heh, I'll take you all on!		へ　いくらでも来いってんだ！	¡Je! ¡Puedo con todos vosotros!	Hé, vous allez tous perdre !	Heh, vi posso sconfiggere tutti!	Heh, eu dou conta de todos vocês!	Je, ¡los venceré a todos!	Heh, macht 'nen Abgang!	Heh, wszystkimi Się zajmę!	嘿，讓我來對付你們！	Heh, hepinizi yeneceğim!	Heh, jag tar er allihop!	Ха, нападайте сколько влезет!
common_enemy5_so	Whoa! They're over here too?		おっと！　こっちにもおでましか？	¡Hala! ¿Hay más por aquí?	Whoa ! Ils sont là aussi ?	Whoa! Sono anche qui?	Uou, eles estão aqui também?	¡Uf! ¿También están aquí?	Oh! Hier sind also auch welche?!	Łoł! Tutaj też są?	哇嗚！它們也在這裡？	Whoa! Onlar da mı burada?	Whoa! Dem är här också?	Ой, они и тут тоже!
common_enemy6_so	Looks like we've got our hands full.		まとめて相手になってやるぜ！	Vaya... enemigos, ¡qué no falten!	On ne manque pas d'adversaires.	Sembra che siamo impegnati.	Isso vai dar trabalho.	¡Puedo con todos ustedes!	Scheint als hätten wir alle Hände voll zu tun.	Wygląda na to,\nże mamy ręcę pełne roboty.	看樣子要忙得不可開交了。	Anlaşılan işimiz çok zor.	Ser ut som att vi har händerna fulla.	Да я разом вас всех одолею!
common_enemy7_so	How many of these guys are there?!		ゾロゾロでてきやがって！	¿Los enemigos no se acaban nunca, o qué?	Combien de ces types y a-t-il ?!	Quanti di questi tizi ci sono?!	Quantos desses caras ainda faltam?!	¡Vienen uno tras de otro!	Wie viele sind das denn?!	Ile tych gości tu jest?!	到底有多少人啊？！	Bunlardan kaç tane var?!	Hur många av dem här typerna finns det?	Появляются один за другим!
common_enemy8_so	Aha! Trying to block my way, huh?		おっと！　通せんぼってわけかい	¡Ajá! Conque bloqueando el camino, ¿eh?	Aha ! On essaie de m'arrêter, hein ?	AHA! Cerchi di intralciarmi, eh?	Ahá! Tentando bloquear o meu caminho, né?	¡Oh! Conque una barricada, ¿eh?	Aha! Du lässt mich wohl nicht durch, was?	Aha! Chcesz mi zablokować drogę, co?	啊哈！想要擋路是吧？	Aha! Yolumu kapatmaya çalışıyorsunuz, huh?	Aha! Försöker blockera vägen, huh?	Вот как! Пытаетесь преградить мне путь?
common_enemy_sh	Erazor's henchmen!		イレイザーの手下よ！	¡Los esbirros de Erazor!	Les sbires d'Erazor !	Gli scagnozzi di Erazor!	Lacaios do Erazor!	¡Secuaces de Erazor!	Erazors Handlager!	Sługusy Erazora!	是伊萊薩的手下！	Erazor'un adamları!	Erazors hantlangare!	Это подчинённые Эрейзора!
common_enemy2_sh	Look out, Sonic!		気をつけてソニック！	¡Cuidado, Sonic!	Sonic, regarde !	Attento Sonic!	Cuidado, Sonic!	¡Cuidado, Sonic!	Pass auf, Sonic!	Uważaj, Sonic!	索尼克要小心啊！	Dikkat et, Sonic!	Akta dig, Sonic!	Будь осторожен, Соник!
common_enemy3_sh	Go get them, Sonic!		たのんでわよソニック！	¡A por ellos, Sonic!	Vas-y, Sonic !	Vai a prenderli Sonic!	Pega eles, Sonic!	¡Véncelos, Sonic!	Räum sie aus dem Weg, Sonic!	Dorwij ich, Sonic!	打倒它們吧，索尼克！	Onları hallet, Sonic!	Gå och ta dem, Sonic!	Рассчитываю на тебя, Соник!
common_enemy4_sh	Don't get too cocky, Sonic.		あんまり調子にのらないでよソニック	No te confíes demasiado, Sonic.	Ne sois pas téméraire, Sonic.	Non essere troppo spavaldo, Sonic.	Não se empolga demais, Sonic!	No flashees tanto, Sonic.	Sei nicht zu übermütig, Sonic.	Nie bądż taki zarozumiały, Sonic.	別太過自信了，索尼克！	Çok emin olma, Sonic!	Bli inte för kaxig, Sonic!	Не слишком увлекайся, Соник!
common_enemy5_sh	Ah-Sonic, watch out!		きゃ！　ソニック来たわよ！	Ah- ¡Sonic! ¡Cuidado!	Ah-Sonic, attention !	Ah-Sonic attento!	Ah-Sonic, cuidado!	¡Ah! ¡Sonic, están aquí!	Aaah! Sonic, pass auf!	Ah-Sonic, uważaj!	啊！索尼克，小心！	Ah-Sonic, dikkat et!	Ah-Sonic, akta dig!	А-а-а! Соник, будь осторожен!
common_enemy6_sh	Sonic, are we going to be okay?		大丈夫なのソニック？	Sonic, ¿saldrá todo bien?	Sonic, est-ce qu'on va s'en sortir ?	Sonic, staremo bene?	Sonic, nós vamos ficar bem?	¿Estaremos bien, Sonic!	Sonic, schaffst du das?	Sonic, nic nam nie będzie?	索尼克，我們這樣沒事吧？	Sonic, iyi olacak mıyız?	Sonic, kommer vi att klara oss?	Соник, ты справишься?
common_enemy7_sh	There's no end to them!		キリがないわね！	¡No paran de aparecer!	Ça n'en finit pas !	Vai a prenderli, Sonic!	Eles não acabam nunca!	Parece interminable, ¿no?	Sie nehmen kein Ende!	Nie ma ich końca!	它們有完沒完啊！	Bunların sonu yok!	Det finns inget slut på dem!	Да им конца и края нет!
common_enemy8_sh	Take them out, Sonic!		やっちゃってソニック！	¡Acaba con ellos, Sonic!	Élimine-les, Sonic !	Sconfiggili Sonic!	Dê um fim neles, Sonic!	¡Adelante, Sonic!	Besiege sie, Sonic!	Załatw ich, Sonic!	幹掉它們吧，索尼克！	Bunları hallet, Sonic!	Slå ut dem, Sonic!	Вперёд, Соник!
common_victory_so	Ha, that was a piece of cake!		ハン！　たいしたことないねえ	¡Ja! ¡Fue pan comido!	Ha, c'était du gâteau !	Ha, è stata una passeggiata!	Há, foi moleza!	¡Ja! ¡No fue gran cosa!	Ha, war ja ein Kinderspiel!	Ha, bułka z masłem!	哈！易如反掌！	Ha, çantada keklikti!	Ha, det där var lätt som en plätt!	Ха, да они слабаки!
common_victory2_so	Is that all you spirits can do?		マジンってのは\nこの程度のモンなのか？	¿Es eso todo lo que podéis hacer?	C'est tout ce que vous pouvez faire ?	È tutto qua quello che voi spiriti sapete fare?	Isso é tudo o que vocês espíritos conseguem fazer?	¿Es todo lo que pueden hacer, majin?	Was, mehr habt ihr Geister nicht drauf?	Tylko na tyle was stać, duszki?	精靈的程度就到這裡而已嗎？	Siz ruhların yapabileceği hepsi bu mu?	Är det allt ni andar kan göra?	Все злые духи такие?
common_victory3_so	Whew, that was pretty rough!		ヒュー！　いまのはちょいと\nてこずったかな	Uf, ¡no estado nada fácil!	Fiou, ce n'était pas facile !	Fiuu, è stato piuttosto duro!	Ufa, essa foi ossada!	¡Uf! Fue algo difícil.	Puh! Das war ganz schön knapp!	Fiu, niełatwe to było!	呼！真不容易！	Whew, bu çok zordu!	Whew, det var ganska svårt!	Фуф! Сейчас было сложновато!
common_victory4_so	Hey, those guys were no sweat!		あんなヤツラ楽勝だぜ！	Hey, ¡esos no se andaban con bromas!	Hey, ces types tombent sans effort !	Ehi, quei tipi non erano affatto forti!	Ei, esses caras foram moleza!	¡Esos no se andaban con rodeos!	Hey, Bringt das nächste mal Verstärkung mit!	Hej, ci goście to bułka z masłem!	嘿，那些傢伙真不好惹！	Hey, bu adamlar hiç de fena değilmiş!	Hörru, dem där typerna var ingen match!	Да их победить проще простого!
common_victory5_so	Hey, no problem.\nTrust me!		Ｎｏ　ｐｒｏｂｌｅｍ！　もんだいないて！	¡Ja! ¡Sin problema!\n¡Tú confía en mí!	Hey, pas de problème.\nFais-moi confiance !	Ehi, nessun problema.\nFidati di me!	Ei, sem problema.\nConfie em mim!	¡Sin problema!\nNo costó nada.	Hey, kein Problem.\nVertrau mir!	Hej, żaden problem.\nZaufaj mi!	嘿，別擔心！相信我吧！	Hey, sıkıntı yok.\nGüven bana!	Du, inga problem.\nLita på mig!	Нет проблем!\nЯ сказал нет проблем!
common_victory_sh	Great job, Sonic!		すごいわソニック！	¡Bien hecho, Sonic!	Bien joué, Sonic !	Ottimo lavoro, Sonic.	Bom trabalho, Sonic!	¡Genial, Sonic!	Das war toll, Sonic!	Dobra robota, Sonic!	做得好，索尼克！	İyi iş, Sonic!	Bra jobbat, Sonic!	Ты крутой, Соник!
common_victory2_sh	Stay on guard, Sonic.\nThere are others to worry about.		油断しないで！\nマジンは他にもいるのよ	Estate atento, Sonic.\nSiempre hay algún otro al achecho.	Reste sur tes guardes, Sonic.\nIl y en a encore d'autres.	In guardia Sonic.\nC'è ne sono altri di cui preoccuparsi.	Fique atento, Sonic. Ainda há outros\ncom quem se preocupar.	¡No bajes la guardia!\nAún hay majin ahí afuera.	Bleib wachsam, Sonic.\nDas war bloß ein Vorgeschmack.	Stój na straży, Sonic.\nTrzeba się zająć innymi.	別鬆懈了，索尼克！還有其他精靈得擔心呢。	Gardını indirme, Sonic!\nEndişelenecek başka şeyler de var.	Var på din vakt, Sonic.\nDet finns andra att oroa sig för!	Не расслабляйся!\nЕсть и другие злые духи!
common_victory3_sh	Sonic, are you hurt?		ケガはないソニック？	Sonic, ¿estás bien?	Sonic, tu es blessé ?	Sonic, sei ferito?	Sonic, você se machucou?	¿Estás herido, Sonic?	Sonic, bist du verletzt?	Sonic, stała ci się krzywda?	索尼克，你受傷了嗎？	Sonic, incindin mi?	Sonic, är du skadad?	Соник, ты не ранен?
common_victory4_sh	Way to go, Sonic!		やるじゃないソニック！	¡Nada mal, Sonic!	Pas mal, Sonic !	Ben fatto, Sonic!	É isso aí, Sonic!	No estuvo mal, Sonic.	Weiter so, Sonic!	Tak trzymać, Sonic!	做得好，索尼克！	Devam et, Sonic!	Så ska det se ut, Sonic!	Молодец, Соник!
common_victory5_sh	Sonic, that one was pretty close!		ちょっと！　今のわあぶかったじゃないのソニック！	Sonic; ¡por los pelos!	Sonic, ça n'est pas passé loin !	Sonic, per poco non ci prendeva!	Sonic, essa foi por pouco!	Oye... ¿no crees que estuvo cerca, Sonic?	Sonic, das war sehr knapp!	Sonic, było bardzo blisko!	索尼克，剛才真是好險！	Sonic, bu çok yakındı!	Sonic, den där var ganska nära!	Кошмар!\nСейчас было очень опасно, Соник!
														
common_red_majin_sh	Watch out, the red spirits can breath fire.		赤いマジン炎を吐くから\n気をつけて！	Ten cuidado,\nlos espíritus rojos escupen fuego.	Attention, les esprits rouges crachent du feu.	Attento, gli spiriti rossi possono sputare fuoco.	Cuidado, os espíritos vermelhos cospem fogo.	Cuidado, los majin rojos\nlanzan fuego.	Vorsicht! Die roten Geister\nspeien Feuer!	Uważaj, czerwone duchy potrafią ziać ogniem.	小心！那些紅色精靈會噴火！	Dikkat et, kırmızı ruhlar ateş üfleyebilir.	Akta dig, dem röda andarna kan andas eld.	Красные злые духи извергают пламя.\nБудь осторожен!
common_enemy_pearl_sh	Sonic, you can get pearls\nby defeating those spirits!		マジンを倒すとパールが手に入るわよソニック	¡Sonic, puedes obtener perlas\nderrotando a espíritus!	Sonic, tu peux obtenir des perles\nen éliminant ces esprits !	Sonic, puoi ottenere perle\nsconfiggendo quegli spiriti!	Sonic, você pode coletar\npérolas ao derrotar espíritos!	Derrota a los majin para\nobtener Perlas, Sonic.	Sonic, du erhältst Perlen,\nwenn du diese Geister besiegst!	Sonic, możesz zdobywać perły\npokonując te duchy!	索尼克，你可以從那些被打倒的精靈中獲得魂珠！	Sonic bu ruhları yenerek\ninciler alabilirsin!	Sonic, du kan få pärlor\ngenom att besegra dem där andarna!	Если одолеть злого духа,\nто получишь жемчужины, Соник!
common_enemy_lock_sh	You need to defeat the spirits, Sonic.			Tienes que derrotar a los espíritus, Sonic.	Tu dois vaincre ces esprits, Sonic.	Devi sconfiggere gli spiriti Sonic.	Você precisa derrotar os espíritos, Sonic.	Tenemos que vencer a esos majin, Sonic.	Du musst diese Geister besiegen, Sonic.	Musisz pokonać te duchy, Sonic.	你得打敗那些精靈。	Ruhları yenmen lazım, Sonic.	Du måste besegra andarna, Sonic.	Сначала одолей злого духа, Соник!
common_enemy_lock2_sh	Defeat all the spirits first, Sonic.			Primero vence a todos los espíritus, Sonic.	Élimine d'abord tous ces esprits, Sonic.	Prima sconfiggi tutti gli spiriti Sonic.	Derrote todos os espíritos primeiro, Sonic.	Venzamos primero a todos los majin, Sonic.	Besiege zuerst alle Geister, Sonic.	Najpierw pokonaj wszystkie duchy, Sonic.	索尼克，先把那些精靈打倒。	Önce tüm ruhları yen, Sonic.	Besegra alla andarna först, Sonic.	Сначала одолей злых духов, Соник!
														
common_hint_ring_sh	If you have at least one ring,\nyou can get hit without being hurt.		このリングが一個でもあれば\nダメージをうけてもミスにならないわよ	Siempre que te quede algún anillo,\npuedes recibir daños sin ser derrotado.	Si tu as au moins un ring,\ntu peux être touché sans te blesser.	Se hai almeno un anello,\npuoi essere colpito senza farti male.	Se você tiver ao menos 1 anel,\nvocê pode sofrer dano sem ser derrotado.	Mientras tengas uno de estos Anillos,\nsobrevivirás aunque te golpeen.	Wenn du mind. einen Ring hast,\nkönnen dir Treffer nichts anhaben.	Jeśli masz przynajmniej jeden pierścień,\nnie stanie ci się krzywda.	如果你至少有一個金環，就能被攻擊而不被打倒。	En azından bir yüzüğün varsa,\nyaralanmadan vurulabilirsin.	Om du har minst en ring,\nså kan du bli träffad utan att ta skada.	Если у тебя будет хотя бы одно кольцо,\nдаже получив урон, ты не проиграешь.
common_hint_fire_soul_sh	This red ring is a Fire Soul.		この赤いリングはファイヤーソウルよ	Ese anillo rojo es un Alma Ígnea.	Cet ring rouge est une Âme de Feu.	Questo anello rosso è una Anima Infuocata.	Este anel vermelho é uma Alma de Fogo.	Este anillo rojo es un Alma de fuego.	Bei diesem roten Ring handelt es\nsich um eine Feuerseele.	Ten czerwony pierścień to Ognista Dusza.	那個紅環叫做焰魂。	Bu kırmızı yüzük bir Ateş Ruhu.	Den röda ringen är en Eldsjäl.	Это красное кольцо - Душа огня.
common_hint_treasure_sh	That is a Treasure Box.\nOpen it up and see what's inside!		アレは宝箱よ\n中身は開けてのお楽しみ！	¡Un Cofre del Tesoro!\n¡Ábrelo y mira que hay dentro!	C'est un Coffre au Trésor !\nOuvre-le et regarde dedans !	Quella è una Cassa del Tesoro.\nAprila per vedere cosa c'è dentro!	Isso é um Baú de Tesouro!\nAbra-o e veja o que tem dentro!	¡Es un cofre del tesoro!\n¡Lo que hay es una sorpresa, así que ábrelo!	Eine Schatztruhe! Mach sie auf,\num zu sehen, was drin ist!	Tam jest skrzynia skarbów.\nOtwórz ją i zobacz, co jest w środku!	這是一個藏寶箱，打開來看裡面有什麼吧！	Bu bir Hazine Sandığı.\nAç ve içinde ne olduğunu gör!	Det där är en Skattlåda.\nÖppna den och se vad som finns inutti!	Это сундук с сокровищами!\nИнтересно, что же там внутри!
common_hint_thorn_spring_sh	You can use your Homing Attack\non the balls that don't have spikes.		あの鉄球　トゲのないほうは\nホーミングアタックできそうよ	Puedes usar tu Ataque Teledirigido\nen las bolas sin pinchos.	Tu peux utiliser l'Attaque Téléguidée\nsur les balles qui n'ont pas de pointes.	Puoi usare il tuo Attacco a Ricerca\nnelle palle senza spine.	Você pode usar seu Ataque Teleguiado\nnas esferas sem espinhos.	Puedes usar tu Ataque teledirigido\nen esas bolas de hierro sin picos.	Benutze deine Homing Attack\nauf den Bällen, die keine Stacheln haben.	Możesz użyć Ataku Naprowadzającego\nna kulach, które nie mają kolców.	你可以對沒有尖刺的鐵球使用追蹤攻擊。	Dikeni olmayan toplara\nGüdümlü Saldırı kullanabilirsin.	Du kan använda din Homingattack\npå bollarna som inte har spikar.	Можно сделать Самонаводящуюся атаку\nпо тем железным шарам без шипов.
common_hint_pot_sh	Press [button_action] to fly upwards.		アクションボータンを押すと羽ばたいて\n上に飛べるわよ	Agita el Mando de Wii\narriba y abajo para ascender.	Bouge la Télécommande Wii de haut en bas pour voler.	Premi [button_action] per ascendere.	Pressione o Botão de Ação para levantar voo.	Presiona [button_action] para batir las alas y subir.	Drücke den Action-Knopf, um hochzufliegen.	Aby wznieść się w górę,\nwciśnij [button_action].	按下動作鍵讓陶壺往上飛。	Yukarı doğru uçmak için Wii\nRemote'u yukarı ve aşağı hareket ettir.	Tryck på Handlingsknappen för att flyga uppåt. 	Если нажать кнопку действия, то кувшин\nначнёт махать крыльями и взлетит.
common_hint_pot_exit_sh	Press [button_jump] to get off of the Flying Pot.		壺から出るときはジャンプボタンね	Pulsa el botón de Salto para salir del jarrón.	Appuie sur le Bouton de Saut pour sortir du Pot Volant.	Premi [button_jump] per uscire dal Vaso Volante.	Pressione o Botão de Pular para sair do Jarro Voador.	Presiona [button_jump] para salir del jarrón volador.	Drücke den Sprung-Knopf, um\naus dem Topf herauszuspringen.	Naciśnij [button_jump],\naby wyjść z Latającej Wazy.	按下跳躍鍵來跳出飛天陶壺。	Uçan Kazan'dan inmek için Zıplama Düğmesine bas.	Tryck på Hoppknappen för att gå av den Flygande Krukan.	Чтобы вылезти из кувшина, нажмите кнопку прыжка.
common_hint_pot_tilt_sh	You can tilt left and right\nto move when flying.		飛んでる間は\n左右に移動もできるわよ	Puedes inclinarte a los\nlados mientras vuelas.	Incline la Télécommande\nà droite et à gauche pour te diriger en vol.	Puoi inclinarti a sinistra e destra\nper muoverti mentre voli.	Você pode ir para a esquerda e direita enquanto voa.	También puedes moverte a la\nizquierda o derecha mientras vuelas.	Neige dich links und rechts,\num dich beim Fliegen zu bewegen.	Przechyl się na lewo lub prawo,\naby poruszyć się podczas latania.	你可以在飛翔時左右傾斜移動。	Uçarken hareket etmek için\nsola ve sağa eğilebilirsin.	Du kan luta vänster och höger\nför att förflytta dig när du flyger.	Во время полёта наклоняйте левый стик, чтобы перемещаться вправо и влево.
common_hint_catapult_sh	Get on the catapult and tilt up and down\nin the direction you want to go.		カタパルトを傾けると傾けて方へ飛び出すわよ	Sube a la catapulta e inclina el Mando de Wii hacia ti mismo.	Monte sur la catapulte\net incline la Télécommande vers toi.	Sali sulla catapulta e\ninclina in su o giù nella direzione in cui vuoi andare.	Suba na catapulta e incline para cima e para baixo\nna direção em que quiser ir.	Sube a la catapulta e inclínala tan\narriba o abajo como quieras ir.	Stell dich aufs Katapult und neige hoch und runter\num die Flugbahn zu bestimmen.	Wejdż na katapultę i przechyl się w górę i dół,\nzależy w jakim kierunku chcesz.	搭上投石機後，將WII搖桿向前傾向自己。	Mancınığa bin ve Wii Remote'u\nkendine doğru eğ.	Hoppa på katapulten och luta upp och ner\nåt det hållet som du vill gå.	Если встать на катапульту и наклонить\nвверх и вниз, то прыгнете в ту сторону,\nкуда вы её наклонили.
common_hint_catapult2_sh	Press [button_action]\nto launch yourself off.		遠くまで飛んでいけそうよ	Muévelo de nuevo rápidamente para salir disparado.	Incline-la rapidement en avant pour te projeter.	Premi [button_action]\nper lanciarti via.	Mova-o rapidamente para frente novamente para se lançar.	Presiona [button_action] para lanzarte lejos.	Drücke [button_action], um\ndich durch die Luft zu katapultieren.	Wciśnij [button_action],\naby się wystrzelić.	再快速往前移動就能將你飛射出去。	Kendini fırlatmak için tekrar hızla ileri doğru hareket et.	Snabbt luta den framåt igen\nför att skjuta iväg dig.	Если нажмёшь кнопку действия,\nто сможешь улететь далеко!
common_hint_catapult3_sh	This catapult looks like it works\nat a different angle than the last.		さっきのカタパルト　傾ける角度で\nズイブン飛距離が違うみたいね	Esta catapulta parace funcionar con\nun ángulo diferente a la anterior.	On dirait que cette catapulte\na un angle différent de la précédente.	Questa catapulta sembra che funzioni\n ad un angolo differente rispetto all'ultima.	Parece que essa catapulta funciona\ncom um ângulo diferente da anterior.	Parece que la distancia a la que te mandará\nesta catapulta depende del ángulo que le des.	Dieses Katapult arbeitet in einem\nanderen Winkel als das letzte.	Wygląda na to, że ta katapulta działa\npod innym kątem niż poprzednia.	剛才的投石機，飛行距離似乎會根據傾斜角度而改變。	Bu mancınık, bir öncekinden farklı bir açıyla çalışıyor gibi görünüyor.	Den här katapulten ser ut att funka\ni en annan vinkel än den andra.	В зависимости от угла наклона катапульты\nможно улететь на разное расстояние.
common_hint_jump_carpet_sh	If you do a Homing Attack while flying\nhigh up on the carpet,		高く跳ね上がったときに\nホーミングアタックすると	Si realizas un Ataque Teledirigido\nmientras vuelas en la alfombra,	Si tu fais une Attaque Téléguidée\n en hauteur sur le tapis,	Se fai un Attacco a Ricerca mentre voli\nsopra un tappeto,	Se você realizar um Ataque Teleguiado\nenquanto estiver no tapete,	Si usas el Ataque teledirigido mientras vas volando,	Falls du eine Homing Attack benutzt,\nwährend du auf dem Teppich fliegst,	Jeśli wykonasz Atak Naprowadzający,\nlecąc wysoko na dywanie,	如果你在高空中對飛毯使出追蹤攻擊，	Halının üzerinde yüksekte uçarken bir Güdümlü Saldırı yaparsan,	Om du gör en Homingattack när du flyger\n högt upp på mattan,	Если сделать Самонаводящуюся атаку,\nкогда ковёр поднялся высоко,
common_hint_jump_carpet2_sh	You can make it go even higher.		さらに高く跳ね上がっていくみたいよ\nこの絨毯	Podrás llevarla aún más alto.	Tu peux le faire aller encore plus haut.	Puoi mandarlo ancora più in alto.	Você poderá ir ainda mais alto.	harás que la alfombra vuele aún más alto.	kannst du noch höher fliegen.	Możesz wznieść się jeszcze wyżej.	就能讓你跳得更高。	Daha da yükseğe çıkarabilirsin.	Så kan du göra att den går ännu högre.	он поднимется ещё выше!
common_hint_majin_stone_sh	This stone is full of genie magic.		これはマジンの魔法が掛かった石よ	Esta piedra está llena de\nmagia espiritual.	Cette pierre est pleine de magie de génie.	Questa pietra è piena di magia di genio.	Esta pedra está cheia\nde magia espiritual.	Esta piedra está encantada\npor magia de los majin.	Dieser Stein ist voller Geistermagie.	Ten kamień jest przepełniony magią dżina.	這顆石頭充滿著精靈的魔法。	Bu taş tamamen Cin Sihriyle dolu.	Den här stenen är full av andmagi.	Это камень, заколдованный злым духом.
common_hint_spikes_sh	Watch out for those spikes, Sonic!		トゲに気をつけてねソニック！	¡Atento a esos pinchos, Sonic!	Attention à ces pointes, Sonic !	Sta attento a quelle spine, Sonic!	Cuidado com os espinhos, Sonic!	¡Cuidado con las púas, Sonic!	Sonic, pass auf diese Stacheln auf!	Uważaj na te kolce, Sonic!	索尼克小心那些尖刺！	Dikenlere dikkat et, Sonic!	Akta dig för dem där spikarna, Sonic!	Соник, будь осторожен, там шипы!
common_hint_flames_sh	Sonic, watch out for the flames!		ホノオに気をつけてねソニック！	¡Sonic, cuidado con las llamas!	Sonic, fais attention aux flammes !	Sonic, sta attento a quelle fiamme!	Sonic, cuidado com as chamas!	¡Cuidado con las llamas, Sonic!	Pass auf die Flammen auf, Sonic!	Sonic, uważaj na płomienie!	索尼克小心那些火焰！	Sonic, ateşlere dikkat et!	Sonic, akta dig för eldflammorna!	Соник, будь осторожен, там пламя!
common_hint_spikeball_sh	Watch out for the balls with spikes on them, Sonic!		あのトゲ鉄球に気をつけてソニック！	¡Estate atento a las bolas con pinchos, Sonic!	Fais attention aux balles avec des pointes, Sonic !	Sta attento alle palle chiodate, Sonic!	Cuidado com as esferas com espinhos, Sonic!	¡Cuidado con las bolas de hierro con picos, Sonic!	Vorsicht vor diesen Stachelbällen, Sonic!	Uważaj na kule z kolcami, Sonic!	索尼克小心那些尖刺鐵球！	Dikenli toplara dikkat et, Sonic!	Akta dig för bollarna med spikar, Sonic!	Соник, будь осторожен!\nТам железные шары с шипами!
common_hint_ball_spin_sh	Is there a way to keep these\nfrom spinning so fast?		もっと鉄球の回転が\nゆっくりにならないかしら	¿Habrá alguna forma de ralentizar\nsu rotación?	Peut-on les empêcher\nde tourner si rapidement ?	C'è un modo per farle\nsmettere di girare così velocemente?	Será que há um jeito\npra fazer girar mais lento?	¿Será posible hacer que gire\nmás lento la bola de hierro?	Könnten wir das Ding vielleicht\nirgendwie verlangsamen?	Jest jakiś sposób, żeby przestały się\ntak szybko kręcić?	有辦法讓這些鐵球不要轉得這麼快嗎？	Bunların bu kadar hızlı dönmesini\nengellemenin bir yolu var mı?	Finns det något sätt att förhindra dem här\nfrån att snurra så snabbt?	Нельзя ли сделать так, чтобы\nжелезные шары вращались помедленнее?
common_hint_ball_spin_so	This would be easier if these\nwere spinning around more slowly.		もうちょっと回転がゆっくりなら\n楽勝なんだかな	Esto sería más fácil si\ngirasen más lento.	Ce serait plus facile\ns'ils tournaient plus lentement.	Sarebbe più semplice se\ngirassero lentamente.	Isso seria mais fácil se\nestivessem girando mais lentamente.	Si girara un poco más lento,\nsería pan comido.	Das wäre einfacher, wenn es sich langsamer drehen würden.	Byłoby to łatwiejsze, gdyby\nwolniej się kręciły.	這些東西轉得慢一些的話，事情就簡單多了。	Eğer bunlar daha yavaş dönüyor\nolsaydı bu daha kolay olurdu.	Det här vore lättare om dem här\nsnurrade långsammare.	Вращались бы они помедленнее,\nя бы легко с ними разобрался.
														
														
														
														
														
common_hint_murmur_sh	(Murmur...\nHey Sonic, listen to this.)		（ヒソヒソ…\nねぇねぇソニック、ちょっと耳をかして）	(Murmuro...\nEh, Sonic, escúchame un segundo.)	(Murmure...\nHey Sonic, écoute.)	(Mormorio...\nEhi Sonic, ascolta.)	(Murmuro...\nEi Sonic, escute isso.)	(*susurro*... Oye, Sonic,\npréstame atención un momento).	(Psst...\nHey Sonic, hör mal zu.)	(Szmer...\nHej Sonic, słuchaj tego).	（悄悄地…\n欸欸索尼克，聽我說一下。）	(Hırıltı....\nHey Sonic, şunu dinle.)	(Murmur...\n Hörru Sonic, lystna på det här.)	(шёпотом...\nСоник, послушай меня)
common_hint_uhu_sh	(This orb of light is the Wind Genie\nUhu, known for his speed.)		（この光の球が、\n最速と名高い\n風マジン「ウーフー」ね…）	(Este orbe de luz es el Genio del Viento,\nUhu, conocido por su velocidad.)	(Cette orbe de lumière, c'est le Génie du Vent\nUhu, connu pour sa vitesse.)	(Questa sfera di luce, è il Genio del Vento\nUhu, conosciuto per la sua velocità.)	(Este orbe de luz é o Gênio do Vento,\nUhu, conhecido por sua velocidade.)	(Esta bola de luz es el veloz y\nfamoso majin del viento, Uhu...)	(Diese Lichtkugel ist der Windgeist Uhu,\nbekannt für sein Tempo.)	(Ta kula światła, to Dżin Wiatru Uhu,\nznany ze swojej prędkości.)	（那顆光球啊，是號稱速度最快的風系精靈「烏福」。）	(Bu ışık küresi, hızıyla bilinen\nRüzgar Cini Uhu'dur.)	(Den här kulan av ljus är Vind Anden\nUhu, som är känd för sin hastighet.)	(Этот шар света - дух ветра Уху, который\nзнаменит самой быстрой скоростью)
														
														
														
warning_nomods	NO MODS INSTALLED		MODはインストールされていません			NESSUNA MOD INSTALLATA	NENHUM MOD INSTALADO	NO HAY MODS INSTALADOS	KEINE MODS INSTALLIERT	BRAK ZAINSTALOWANYCH MODYFIKACJI	沒有安裝模組	HİÇBİR MOD YÜKLENMEDİ	INGA MODS ÄR INSTALLERADE	МОДЫ НЕ УСТАНОВЛЕНЫ
warning_nomods_description	No level mods are installed.		レベルMODはインストールされていません。			Nessuna mod per i livelli è installata.	Não há mods de fases instalados.	No hay mods de niveles instalados	Keine Level-Mods sind installiert.	Nie zainstalowano modyfikacji etapów.	沒有安裝關卡模組。	Herhangi bir seviye modu yüklü değil.	Inga banmods är installerade.	Моды уровней не установлены.
														
														
world_mods	Mods					Mod	Mods	Mods	Mods	Modyfikacje	模組	Modlar	Mods	Моды
world_mods_description	Play modded levels					Gioca Livelli Moddati	Jogue fases de mods	Jugar niveles añadidos por mods	Spiele modifizierte Levels	Zagraj w zmodyfikowane etapy	遊玩模組關卡	Modlanmış seviyeleri oyna	Spela moddade banor	Играйте в моды уровней
lost_prologue	Lost Prologue		ロスト　プロローグ	Prólogo Perdido	Lost Prologue	Prologo Perduto	Lost Prologue	Prólogo perdido	Lost Prologue	Zaginiony Prolog	失落序章	Kayıp Giriş	Förlorad Prolog	Потерянный пролог
lost_prologue_description	The beginning of the end.		失われいく序章。	El comienzo del fin.	Le début de la fin.	L'inizio della fine.	O começo do fim.	El prólogo que se desvanece.	Der Anfang vom Ende.	Początek końca.	終焉之始。	Sonun Başlangıcı.	Starten av slutet.	Исчезающее предисловие.
lp_strafe_sh	Press left or right\nto change direction.		左右に押すと\n左右移動できるわよ			Premi a sinistra o a destra\nper cambiare direzione.	Inclinar para esquerda ou direita irá te mover para essa direção.	Inclina a la izquierda o derecha\npara ir en dicha dirección.	Drücke links und rechts,\num dich in diese Richtungen zu bewegen.	Wciśnij lewy lub prawy aby zmienić kierunek.	按下左或右來改變方向。	Yön değiştirmek için\nsola veya sağa bas.	Tryck på vänster eller höger\nför att byta riktning.	
lp_jump_sh	Press [button_jump] to jump!		 [button_jump] を押すと　ジャンプよ！			Premi [button_jump] per saltare!	Aperte [button_jump] para pular!	Presiona [button_jump] para saltar.	Drücke [button_jump], um zu springen!	Wciśnij [button_jump] aby skoczyć!	按下 [button_jump] 進行跳躍！	Zıplamak için\n[button_jump]'a bas.	Tryck på [button_jump] för att hoppa!	
lp_full_jump_sh	Hold [button_jump] down\nand you can jump higher!		 [button_jump] を長く押すほど\n高くジャンプできるわよ			Tieni premuto [button_jump] per più tempo e potrai saltare più in alto!	Segure [button_jump] para pular mais alto!	¡Mantén presionado [button_jump] para saltar más alto!	Halte [button_jump] gedrückt, um höher zu springen!	Przytrzymaj [button_jump] aby skoczyć wyżej!	按住 [button_jump] ，\n你就可以跳得更高！	[button_jump] tuşunu basılı tutarak daha yükseğe zıplayabilirsin!	Håll ner [button_jump] \noch du kan hoppa högre!	
lp_lockon_sh	You can do a Homing Attack while jumping\nwhen the lock-on mark appears.		ジャンプ中　ロックオンマークがでたら\nホーミングアタックできる合図よ			Puoi fare un Attacco Ricercato mentre stai saltando\n una volta che appare l'Indicatore d'Aggancio. 	Você pode realizar um Ataque Teleguiado enquanto pula\nquando a mira aparecer.	¡Puedes hacer un Ataque teledirigido al saltar\ncuando la retícula aparezca!	Wenn das Visier erscheint, kannst du eine\nHoming Attack während eines Sprungs machen.	Możesz wykonać Atak Naprowadzający\npodczas skoku jak pokaże się celownik.	跳躍途中當準星出現時，你可以使用追蹤攻擊。	Odaklanabilir işaret çıktığı zaman\nzıplarken Güdümlü Saldırı yapabilirsin.	Du kan utföra en Homing Attack medan du hoppar\nnär låsmärket visas.	Если во время прыжка появится прицел,\nвы сможете применить Самонаводящуюся атаку.
lp_lockon2_sh	When the lock-on mark changes\nfrom green to red, Press [button_attack] quickly.		ロックオンマークが緑から赤に\n変わったら [button_attack] を押してね			Quando l'Indicatore d'Aggancio cambia\nda verde a rosso, Premi [button_attack].	Aperte [button_attack] quando a mira mudar de verde para vermelho.	Presiona [button_attack] cuando la retícula\ncambie de verde a rojo.	Drücke [button_attack] sobald sich\ndas Visier von grün zu rot ändert.	Kiedy celownik zmieni się z\nzielonego na czerwony, Wciśnij [button_jump].	當準星從綠色變為紅色時，\n按下 [button_attack] 。	Odaklanabilir işaret yeşilden kırmızıya\ndöndüğü zaman [button_jump]  bas.	När låsmarkeringen ändras\nfrån grönt till rött, Tryck på [button_attack].	
lp_brake_sh	Press [button_brake] to brake!		 [button_brake] ボタンを押すとブレーキだよ！			Premi [button_brake] per frenare!	Aperte [button_brake] para freiar!		Drücke [button_brake], um zu bremsen!			Fren yapmak için [button_brake] düğmesine bas!	Tryck på [button_brake] för att bromsa!	
lp_backstep_sh	Hold back to back up.		後ろに押すと後ろに移動できるわ			Premi indietro per andare indietro.	Segure para trás para recuar.		Halte nach hinten, um rückwärts zu gehen.			Geriye doğru basılı tutarak geri sar.	Håll bakåt för att backa.	
lp_grind_sh	You can grind on places that\nhave squared edges.		四角い角のある場所にのると\nグラインドできることがあるわ			Puoi grindare sui posti\n che hanno i bordi squadrati.	Você pode deslizar em trilhos\ncom pontas quadradas.	¡Puedes deslizarte en superficies con bordes cuadrados!	An Stellen mit quadratischen Kanten kann man grinden.	Możesz szynować na miejscach,\nktóre mają kanciaste brzegi.	你可以在方形邊緣的地方進行滑軌。	Kare kenarlı yerlerde\ntaşlama yapabilirsiniz.		Запрыгните на рельсы,\nчтобы скользить по ним.
lp_jumpdash_sh	While Jumping, press [button_attack] to perform a Jump Dash.		ジャンプ中に [button_attack] 押すと\nジャンプダッシュよ			Mentre Salti, premi [button_attack] per fare un Salto Scattante.	Enquanto estiver pulando, aperte [button_attack] para fazer uma Investida.	¡Durante el salto, presiona [button_jump] otra vez\npara hacer un Arranque en salto!	Drücke [button_attack] während eines Sprungs erneut,\num einen Jump Dash auszuführen.	Podczas Skoku, wciśnij [button_attack] aby wykonać Skok Pędowy.	跳躍時，按下 [button_attack] 使用跳躍衝刺。	Bir Zıpplama Atılması yapmak için için zıplarken [button_attack]'a bas.	Medan du hoppar, tryck på [button_attack] för att utföra en Hopprusning.	
lp_enemychain_sh	(Defeating multiple enemies\nwill start an Enemy Chain.)		「敵を早く倒すと\n敵チェーンが始まるよ」			Sconfiggi più nemici velocemente\nper iniziare una Catena di Nemici.	Derrote vários inimigos sem pisar no chão para iniciar uma Sequência de Inimigos.	Vence a varios enemigos sin tocar el suelo para iniciar\nuna Cadena de enemigos.	Besiege mehrere Gegner auf einmal,\num eine Gegner-Combo zu starten.	Szybko pokonaj kilku przeciwników\naby odpalić Łańcuch Przeciwników.	快速打倒數個敵人以開始攻擊連鎖。	Bir Düşman Zinciri başlatmak için\nhızlıca bir sürü düşman yen.	Besegra flera fiender snabbt\nför att starta en Fiendekedja.	
lp_enemychain2_sh	(Your chain will reset after\nlanding on the ground.)		「地面に着地すると、\nチェーンがリセットするわ」			La tua catena si azzererà appena atterri sul pavimento.	Sua sequência reinicia após pisar no chão.	Tu cadena se reiniciará al tocar el suelo.	Die Combo stoppt sobald du den Boden berührst.	Twój łańcuch się wyłączy po wylądowanu na ziemie.	攻擊連鎖會在著地時重置。	Yere indikten sonra zincir başa döner.	Din kedja återställs efter att du landat på marken.	
lp_ring_chain_sh	(Collect Rings to start a Ring Chain.)		「リングを集めると\nリングチェーンが始まるよ」			Collezionare anelli inizierà una Catena di Anelli.	Pegue anéis em sequência para iniciar uma Sequência de Anéis.	Junta Anillos en sucesión rápida\npara iniciar una Cadena de Anillos.	Sammle schnell Ringe, um eine Ringkette zu starten.	Zbieraj Pierścienie aby odpalić Łańcuch Pierścieni.	收集金環以開始金環連鎖。	Bi Yüzük Zinciri başlatmak için Yüzükler topla.	Samla ringar för att starta en Ringkedja.	
lp_ring_chain2_sh	(After a Ring Chain ends,\nyou will get a score bonus based on its length.)		「チェイン終わり時に\nリングボーナスできるわ」			Dopo che finisce una Catena di Anelli,\nriceverai un bonus che è determinato dalla sua lunghezza.	Após a Sequência de Anéis acabar, você ganhará\num bonus de pontuação baseado no tamanho da sequência.	Al terminar una Cadena de Anillos,\obtendrás puntos dependiendo de su duración.	Je nachdem wie viele du gesammelt hast,\nwirst du mit Punkten für die Ringkette belohnt.	Kiedy Łańcuch Pierścieni się skończy,\ndostaniesz bonusowe punkty na podstawie jego długości.	當金環連鎖停止時，\n會依據連鎖持續時間長短給予分數獎勵。	Yüzük zinciri sona erdiğinde, uzunluğuna\nbağlı olarak puan bonusu alacaksın.	När en Ringkedja tar slut\nfår du en poängbonus baserat på dess längd.	
lp_adv_grind_sh	(Press [button_action] when Grinding\nto maintain your speed.)		「グラインディング中に [button_action] を押して\nスピードを保るよ」			Premi [button_action] mentre stai Grindando per mantenere la tua velocità.	Aperte [button_action] enquanto estiver deslizando para manter sua velocidade.	Presiona [button_action] al deslizarte\npara mantener tu velocidad.	Drücke [button_action] während Grinding,\num deine Geschwindigkeit zu behalten.	Wciśnij [button_action] podczas Szynowania\naby utrzymać swoją prędkość.	在滑軌時，按下 [button_action] 以維持你的速度。	Öğütme işlemi sırasında hızınızı korumak için [button_action] düğmesine bas.	Tryck på [button_action] när du Glider för att bibehålla din hastighet.	
lp_adv_grind2_sh	(Hold [button_action] before releasing\nand you can go even faster.)		「 [button_action] を長く押すと\nさらにスピードを上がってできるわ」			Tieni premuto [button_action] prima di rilasciare e potrai andare ancora più veloce.	Segure [button_action] antes de solta-lo e você ganhará mais velocidade.	Mantén [button_action] antes de soltarlo\ny podrás ir más rápido.	Halte [button_action] etwas länger gedrückt bevor du loslässt,\num dich noch schneller zu bewegen.	Trzymaj [button_action] przed puszczeniem\naby nabrać więcej prędkości.	按住 [button_action] 直到放開前，你可以走得更快。	[button_action] tuşunu basılı tutarak bıraktığınızda daha da hızlı gidebilirsin.	Håll [button_action] nedtryckt innan du släpper knappen så kan du gå ännu snabbare.	
lp_adv_grindstep_sh	(Press [button_jump] while holding left or right\nto do a Grind Step.)		「左右を押すときに [button_jump] を押すと\nグラインドステップよ」			Premi [button_action] mentre tieni premuto verso sinistra o destra per fare un Grind Step.	Aperte [button_jump] enquanto se move para esquerda ou direita para fazer um Deslocamento em Trilho.	Presiona [button_jump] mientras inclinas\na la izquierda o derecha para cambiar de riel.	Drücke [button_jump] während man\nlinks oder rechts hält, um einen Grind Step auszuführen.	Wciśnij [button_jump] podczas przechylania się na lewo lub prawo aby wykonać Krok Szynowy.	按住左或右時，按下 [button_action] 就能換軌。	Öğütme Adımı yapmak için sol veya sağ tuşu basılı tutarken [button_jump] tuşuna bas.	Tryck på [button_jump] medan du håller vänster eller höger för att utföra ett Glidsteg.	
lp_adv_grindstep2_sh	(Press [button_action] during a Grind Step\nto land onto a nearby rail.)		「グラインドステップ中に[button_attack]を押すと\n近くのレールに着地するできるわ」			Premi [button_action] durante un Grind Step per atterrare su una ringhiera vicina.	Aperte [button_action] durante o Deslocamento em Trilho para aterrissar em um trilho abaixo de você.	Al cambiar de riel, presiona [button_action]\njusto encima del riel para aterrizar en él.	Drücke [button_action], um nach einem Grind Step\nauf einem anderen Gleis in der Nähe zu landen.	Wciśnij [button_action] podczas Kroku Szynowego\naby wylądować na kolejną szynę.	在換軌時按下 [button_action] ，就能降落在鄰近的軌道上。	Öğütme Adımı sırasında [button_action] tuşuna basarak yakındaki bir rayın üzerine inebilirsin.	Tryck på [button_action] under ett Glidsteg för att landa på ett närliggande räcke.	
lp_adv_grindstep3_sh	(You will get a score bonus\nif you perform a Grind Step successfully.)		グラインドステップが成功すると\nステップボーナスできるわ			Avrai un punteggio bonus se fai un Grind Step con successo.	Você ganhará um bonus de pontuação se realizar um Deslocamento em Trilho corretamente.	Obtendrás puntos extra si cambias de riel exitosamente.	Du wirst mit vielen Punkten belohnt,\nwenn du den Grind Step erfolgreich anwendest.	Dostaniesz bonusowe punkty za poprawnie wykonany Krok Szynowy.	成功進行換軌就能獲得獎勵分數。	Bir "Öğütme Adımı"nı başarıyla tamamlarsanız puan bonusu kazanacaksın. 	Du får en poängbonus om du lyckas utföra ett Glidsteg	
lp_adv_accel_jump_sh	Quickly press and release [button_jump]\nto do an Small Jump.		 [button_jump] を軽く押すと\n小ジャンプよ			Premi [button_jump] mentre ti muovi in avanti\nper fare un Salto Accelerato. 	Aperte e solte [button_jump] rapidamente\npara fazer um Salto Acelerado.	¡Presiona ligeramente y suelta [button_jump]\npara dar un brinquito!	Halte vorwärts und drücke [button_jump] kurz,\num einen Beschleunigungssprung zu machen.	Podczas chodzenia do przodu wciśnij [button_jump]\naby wykonac Skok Akceleracyjny.	按住前方並輕按 [button_jump] ，\n便能使用加速跳躍。	İleriye doğru basılı tut ve Hızlanma Zıplaması \nyapmak için [button_jump] düğmesine dokun.	Håll framåt och tryck på [button_jump]\nför att göra ett Accelerationshopp.	
lp_adv_accel_jump2_sh	(A Short Jump can quickly\nbring you to top speed.)		「小ジャンプはさっそく高速ができるわ」			Un Salto Accelerato può velocemente portarti alla tua velocità massima.	Um Salto Acelerado fará você ganhar velocidade máxima rapidamente.	¡Los brinquitos pueden ayudarte a llegar rápido a tu velocidad máxima!	Ein Beschleunigungssprung bringt dich\nsehr schnell auf deine Höchstgeschwindigkeit.	Skok Akceleracyjny może szybko przywrócić Cię do maksymalnej prędkości.	使用加速跳躍就可以快速地達到最高速度。	Hızlanma atlayışı seni hızla en yüksek hıza ulaştırabilir.	Ett Accelerationshopp kan snabbt ta dig upp till toppfart.	
lp_pearls_sh	Collecting Pearls will fill up your soul gauge.		パールをとると　ソウルゲージがたまっていくわ			Collezzionare Perle ti riempirà la Barra dell'Anima.	Coletar Pérolas encherá sua Barra Espiritual.	Recoger Perlas llenará gradualmente tu\nMedidor de almas.	Sammle Peerlen, um deine Soul Gauge aufzufüllen.	Zberanie Pereł zapełni twój Pasek Dusz.	收集魂珠會累積魂力量表。	İnci toplamak ruh göstergeni dolduracaktır.	Att samla Pärlor kommer att fylla din själsmätare.	Когда собираете жемчужины,\nнакапливается шкала души.
lp_speedbreak_desc_sh	You can run ultra fast\nwhen performing a Speed Break.		スピードブレイク中は\n超高速で走ることができるわ			Puoi correre super veloce\nmentre attivi una Rottura di Velocità.	Você pode correr muito rápido quando realizar um Impulso Veloz.	Con el Speed Break puedes alcanzar\nvelocidades muy altas.	Du kannst ultraschnell rennen, wenn du einen Speed Break ausführst.	Możesz biec ultra szybko podczas wykonywania Zrywu Pędu.	使用速度突破就能以超快速度衝刺。	Hız kesme hareketi yaptığında\nultra hızlı koşabilirsiniz.	Du kan springa ultrasnabbt\nnär du gör en Fartbrytning.	
lp_speedbreak_input_sh	When your soul gauge has power,\npress [button_speedbreak] and hold to do a Speed Break.		ソウルゲージが溜まってときに\n [button_speedbreak] を押すとスピードブレイクよ			Quando la tua Barra dell'Anima ha abbastanza potenza,\mpremi [button_speedbreak] per attivare la Rottura della Velocità	Quando sua Barra Espiritual tiver energia,\naperte [button_speedbreak] para realizar Impulso Veloz.	Cuando el Medidor de almas tenga carga, presiona\n[button_speedbreak] para realizar un Speed Break.	Sobald deine Soul Gauge Kraft erlangt,\nkannst du Speed Break mit [button_speedbreak] aktivieren.	Kiedy twój Pasek Dusz się podświetli,\nwciśnij [button_speedbreak] aby wykonać Zryw Pędu.	當你的魂力量表有足夠的能量時，\n按下 [button_speedbreak] 就能使用速度突破。	Ruh göstergen dolu olduğunda, Hız Kırma\nyapmak için [button_speedbreak] düğmesine bas.	När din själsmätare har fått energi,\ntryck på [button_speedbreak] för att göra en Fartbrytning.	
lp_timebreak_desc_sh	During Time Break, everything around you will slow down.		タイムブレイク中は　まわりの時間を\nゆっくりにすることができるわ			Durante una Rottura del Tempo, tutto quello che hai intorno rallenterà.	Durante o Atraso Temporal, tudo ao seu redor ficará mais lento.	Con el Time Break puedes ralentizar\ntodo tu entorno.	Im Time Break verlangsamt sich alles um dich herum.	Podczas Zrywu Czasu wszystko wokół Ciebie się zwolni.	使用速度突破時，\n你周遭的一切事物都會慢下來。	Zaman Duraklaması sırasında çevrendeki her şey yavaşlayacak.	Under Tidsbrytningen, kommer allt runt omkring dig att sakta ner.	Во время замедления вокруг\nостанавливается время.
lp_timebreak_input_sh	When your soul gauge has power,\npress [button_timebreak] and hold to do a Time Break.		ソウルゲージが溜まってときに\n [button_timebreak] を押すとタイムブレイクよ			Quando la tua Barra dell'Anima ha abbastanza potenza,\mpremi [button_timebreak] per attivare la Rottura del Tempo.	Quando sua Barra Espiritual tiver energia,\naperte [button_timebreak] para realizar Atraso Temporal.	Cuando el Medidor de almas tenga carga, presiona\n[button_speedbreak] para realizar un Time Break.	Sobald deine Soul Gauge Kraft erlangt,\nkannst du Time Break mit [button_timebreak] aktivieren.	Kiedy twój Pasek Dusz się podświetli,\nwciśnij [button_timebreak] aby wykonać Zryw Czasu.	當你的魂力量表有足夠能量時，\n按下 [button_timebreak] 就能使用時間突破。	Ruh göstergen dolu olduğunda, Zaman Kırılması\nyapmak için [button_timebreak] düğmesine bas.	När din själsmätare har fått energi,\ntryck på [button_timebreak] för att göra en Tidsbrytning.	
lp_perfect_homing_attack_sh	Press [button_attack] when the green marks overlap\nthe red circle to perform a Perfect Homing Attack.		緑マークが赤い円と重なった時に [button_attack]  を押すと\nパーフェクトホーミングアタックよ			Per effettuare un Attacco Mirato Perfetto, premi [button_attack]\nquando l'indicatore d'aggancio verde sovrappone con il cerchio rosso. 	Para realizar um Ataque Teleguiado Perfeito, aperte [button_attack]\nquando as marcas verdes entrarem no circulo vermelho.	Para realizar un Ataque teledirigido perfecto, presiona [button_attack]\ncuando las guías verdes estén sobre\nel círculo rojo.	Wende eine Perfekte Homing Attack an, indem du [button_attack] drückst\nsobald sich der grüne und der rote Kreis überlappen.	Aby wykonać Perfekcyjny Atak Naprowadzający,\nwciśnij [button_attack] kiedy zielony znak najedzie na czerwone kółko.	當綠色的符號跟紅色的圓圈重疊時，\n [button_attack] 就能發動完美追蹤攻擊。	Kusursuz Güdümlü Saldırı gerçekleştirmek için, yeşil\nişaretler kırmızı dairenin üzerine geldiğinde [button_attack] düğmesine bas.	Tryck på [button_attack] när de gröna markeringarna överlappar\nden röda cirkeln för att utföra en Perfekt Målsökande Attack.	
lp_perfect_homing_attack2_sh	Perfect Homing Attacks travel faster and\ndo more damage than regular Homing Attacks.		「ホーミングアタックより移動速度が速く\n攻撃力が増加する」			L'Attacco Mirato Perfetto viaggia più velocemente e fà più danno degli Attacchi Mirati normali.	Ataques Teleguiados Perfeitos são mais rápidos\ne causam mais dano do que Ataques Teleguiados.	Los Ataques teledirigidos perfectos son más rápidos\ny hacen más daño que los normales.	Perfekte Homing Attacks sind schneller und\nfügen Gegnern mehr Schaden zu als reguläre Homing Attacks.	Perfekcyjny Atak Naprowadzający jest szybszy\ni zadaje więcej obrażeń od zwykłego Ataku Naprowadzającego.	完美追蹤攻擊比普通追蹤攻擊移動速度更快，\n攻擊力也更高。	Kusursuz Güdümlü Saldırılar, normal Güdümlü Saldırılardan\ndaha hızlı ilerler ve daha fazla hasar verir.	Perfekta Målsökande Attacker färdas snabbare och\ngör mer skada än vanliga Målsökande Attacker.	
lp_perfect_homing_attack3_sh	They also increase your defense while they are active.		「パーフェクトホーミングアタック中\n防御力が追加されるよ」			Ti aumentano anche la difesa mentre sono attivi.	Eles também aumentam sua defesa enquanto estiverem ativos.	También aumentan tu defensa mientras los realizas.	Währenddessen steigern sie auch deine Verteidigung.	Zwiększają one również twoją obronę podczas gdy są aktywne.	你的防禦力也會在發動過程中提高。	Aktif oldukları süre boyunca savunmanı da artırırlar.	De stärker också ditt försvar medan de är aktiva.	
lp_volcano_slider_sh	Hold down [button_crouch] to slide.		[button_crouch] を押し続けると\nスライディングよ			Tieni premuto [button_crouch] quando ti muovi per scivolare.	Segure [button_crouch] enquanto estiver em movimento para deslizar.		Halte beim Bewegen [button_action] gedrückt, um zu rutschen.		在移動時按住 [button_crouch] 就能滑行。	Hareket halindeyken [button_crouch] düğmesini basılı tutarak kay.	Håll [button_crouch] medan du Rör Dig för att glida.	Удерживайте кнопку действия, чтобы скользить.
lp_volcano_slider2_sh	While sliding, you can damage enemies\nand break obstacles.		スライディング中　敵や障害物に\nダメージを与えることができるわ			Mentre Scivoli, puoi danneggiare i nemici\ne gli ostacoli.	Enquanto estiver deslizando, você pode danificar inimigos\ne quebrar obstaculos.		Beim Rutschen kannst du Gegner angreifen und Hindernisse zerstören.		滑行時，你可以攻擊敵人\n並打碎障礙物。	Kayma hareketi yaparken düşmanlara hasar verebilir ve engelleri kırabilirsin.	När du glider så kan du skada fiender\noch bryta hinder.	Во время скольжения вы можете наносить\nурон врагам и препятствиям.
lp_fire_gaze_sh	Press [button_action] while Jumping\nto attack straight down!		ジャンプ中に [button_action] を押すと\n真下に攻撃することができるわ！			Premi [button_action] mentre Salti per andare dritto in giù!	Aperte [button_action] durante um pulo para descer reto!	¡Presiona [button_action] mientras saltas\npara dar un pisotón!	Drücke [button_action] in der Luft, um zu Stampfen!	Wciśnij [button_action] podczas Skakania\naby zaatakować prosto w dół!	跳躍時按下 [button_action] ，\n就能垂直向下攻擊！	Zıplarken [button_action] tuşuna basarak doğrudan aşağı doğru saldır!	Tryck på [button_action] medan du Hoppar för att attackera rakt ner!	Нажмите кнопку действия во время прыжка,\nчтобы выполнить растаптывание!
lp_down_cancel_sh	If you get knocked back, press [button_jump],\nand you'll flip back upright in no time!		ダメージで吹き飛ばされている間に [button_jump] を押すと\nすぐに体勢を立て直すことができるわ			Se vieni respinto, premi [button_jump],\ne ti rialzerai in piedi in un istante!	Caso seja jogado para trás, aperte [button_jump],\npara se recuperar!	¡Si te derriban, presiona [button_jump] y\nte levantarás de inmediato!	Falls du zurückgeschlagen wirst, drücke [button_jump],\ndamit du im Nu wieder aufrecht stehst!	Jeśli zostaniesz powalony, wciśnij [button_jump]\naby wstać od razu na nogi!	被攻擊打飛時，\n按下 [button_jump] 就能立刻重整姿態！	Geriye doğru savrulursan, [button_jump] tuşuna\nbas ve anında tekrar dik pozisyona geçersin!	Om du blir bakåtslagen, tryck på [button_jump],\nså ställs du upp på nolltid!	Если вас отбросит назад от удара, нажмите\nкнопку прыжка, чтобы сразу встать!
lp_backflip_sh	If you press [button_jump] while moving backwards,\nyou can leap back quickly.		後ろに移動中に [button_jump] を軽くちょんと押すと\n素早く　後ろに移動できるわ			Se premi [button_jump] mentre ti stai muovendo all'indietro,\npuoi balzare indietro velocemente.	Se você apertar [button_jump] enquanto se move para trás,\nvocê pode saltar para trás rapidamente.	Si presionas [button_jump] mientras vas hacia atrás\npodrás saltar hacia atrás rápido.	Falls du im Rückwärtsgang [button_jump] drückst,\nkannst du schnell zurückspringen.	Jeśli wciśniesz [button_jump] podczas ruszania się do tyłu, możesz szybko skoczyć do tyłu.	往後移動時，按下 [button_jump] 就能快速地往後跳。	Geriye doğru hareket ederken [button_jump]\ntuşuna basarsan, hızlıca geriye sıçrayabilirsin.	Om du trycker på [button_jump] medan du rör dig bakåt,\nså kan du hoppa bakåt snabbt.	Двигаясь назад, нажмите кнопку прыжка,\nчтобы сделать прыжок назад.
lp_splash_jump_sh	If you do a Jump Dash and hit a wall,\nyou can flip right over it.		ジャンプダッシュで壁に当てると\nそのまま壁を飛び越えることができるわよ			Se fai un Salto Scattante e colpisci un muro,\n potrai saltarla.	Se você fizer uma Investida e acertar uma parede,\nvocê fará um pulo extra.	Si chocas contra una pared con un Arranque en salto,\npuedes saltarla.	Wenn du einen Jump Dash ausführst und eine Wand triffst,\nkannst du darüber springen.	Jeśli wykonasz Skok Pędowy i uderzysz nim w ścianę,\nmożesz przez nią przeskoczyć.	如果跳躍衝刺撞到牆，\n就能直接跳過去。	Eğer zıplayarak hızlanırken duvara çarparsan,\nduvarın üzerinden takla atabilirsin.	Om du gör en Hopprusning och träffar en vägg,\nså kan du volta rakt över den.	Если во время рывка в прыжке попасть\nв стену, то сможете преодолеть стену.
lp_quickstep_sh	(Press [button_step_left]/[button_step_right] while moving forward\nto quickly step left or right.)		「前進しながら [button_step_left] / [button_step_right] を押すと\n左右にステップするわ」			Premi [button_step_left] [button_step_right] mentre ti muovi in avanti\nper fare un passo veloce a sinistra o a destra.	Aperte [button_step_left] [button_step_right] enquanto se move para frente\npara se deslocar rápidamente para esquerda ou direita.	Presiona [button_step_left] o [button_step_right] mientras avanzas\npara dar un paso en esa dirección.	Drücke [button_step_left] [button_step_right] während du dich nach vorn bewegst,\num schnell nach links oder rechts zu schreiten.	Wciśnij [button_step_left] [button_step_right] podczas ruszania się do przodu\naby zrobić szybki krok w lewo lub prawo.	往前移動時，按下 [button_step_left]/[button_step_right] \n就能快速地移動至左或右。	İleri doğru hareket ederken sola veya sağa hızlıca adım atmak\niçin [button_step_left] [button_step_right] tuşlarına bas.	Tryck på [button_step_left]/[button_step_right] medan du rör dig framåt\nför att snabbt stega åt vänster eller höger.	Нажимайте кнопки отскок вправо или влево\nво время движения вперёд, чтобы быстро\nсделать отскок вправо или влево.
lp_quickslide_sh	(Hold [button_step_left]/[button_step_right] while moving forward\nto slide left or right.)		「前進しながら [button_step_left] / [button_step_right] を押し続けると\n左右にスライドするわ」			Tieni premuto [button_step_left] [button_step_right] mentre ti muovi in avanti\nper scivolare a sinistra o a destra.	Aperte e segure [button_step_left] [button_step_right] enquanto se move para frente\npara deslizar para esquerda ou direita.	Presiona y mantén [button_step_left] o [button_step_right] mientras avanzas\npara deslizarte en esa dirección.	Halte [button_step_left] [button_step_right] gedrückt, während du\ndich nach vorn bewegst, um nach links oder rechts zu rutschen.	Wciśnij i trzymaj [button_step_left] [button_step_right] podczas ruszania się do przodu\naby ślizgać się w lewo lub prawo.	往前移動時，按住 [button_step_left]/[button_step_right] \n就能滑行至左或右。	İleri doğru hareket ederken [button_step_left] [button_step_right]\ntuşlarına basılı tutarak sola veya sağa kaydır.	Håll [button_step_left]/[button_step_right] nedtryckt medan du rör dig framåt\nför att glida åt vänster eller höger.	Нажмите и удерживайте кнопки отскок\nвправо или влево во время движения вперёд,\nчтобы сделать скольжение вправо или влево.
														
														
														
sand_oasis	Sand Oasis		サンド　オアシス	Oasis de Arena	Sand Oasis	Oasi Sabbiose	Sand Oasis	Oasis Arenoso	Sand Oasis	Piaszczysta Oaza	沙漠綠洲	Kum Vahası	Sandoas	Песчаный оазис
sand_oasis_description	A desert strewn about with ruins.		砂漠にひろがる遺跡群。	Un desierto cubierto de ruinas.	Un désert rempli de ruines.	Un deserto con rovine sparse dappertutto.	Um deserto repleto de ruínas.	Un conjunto de ruinas que se extiende por el desierto.	Die von Ruinen übersäte Wüste.	Pustynia usiana ruinami.	佈滿遺跡的沙漠。	Harabelerle dolu bir çöl.	En öken spridd med ruiner.	Руины, простирающиеся по пустыне.
oas_opening_so	First, let's find the king's palace.		まずは王宮を目指すんだよな	Busquemos el palacio del Sultán.	Trouvons d'abord le palais du roi.	Come prima cosa, troviamo il palazzo del re.	Pra começar, vamos achar o palácio do rei.	Primero, vayamos al palacio real.	Lass uns zuerst den Palast des\nKönigs finden.	Najpierw znajdżmy pałac króla.	首先，我們得找到王宮。	Önce kralın sarayını bulalım.	Först, låt oss hitta kungens palats.	Сначала нам надо\nв царский дворец, да?
oas_opening_sh	Yes, let's hurry!		そう　急ぎましょ！	Sí, ¡démonos prisa!	Dépêchons-nous !	Sì, sbrighiamoci!	Sim, vamos logo!	¡Sí, démonos prisa!	Genau, beeilen wir uns!	Tak, pośpieszmy się!	沒錯，我們得動作快！	Evet, hadi acele edelim!	Ja, låt oss skynda på!	Да! Надо поторопиться!
oas_pillar_sh	That pillar is being manipulated by magic! Look out!		魔法で柱が動き始めています!\n気をつけて！	¡Cuidado! ¡Están manipulando los pilares con magia!	Ce pillier est manipulé par magie ! Attention !	Quel pilastro sta venendo manipolato dalla magia! Fai attenzione!	Aquele pilar está sendo manipulado por magia! Cuidado!	¡Los pilares se mueven por arte de magia!\n¡Cuidado con ellos!	Die Säulen werden durch\nZauberei bewegt! Sieh nur!	Te filary są manipulowane przez magię! Uważaj!	小心！柱子被魔法操控住了！	O sütun sihirle manipüle ediliyor! Dikkat et!	Den där pelaren manipuleras av magi! Se upp!	Колонны начали двигаться из-за магии!\nБудь осторожен!
oas_uturn_sh	It's a dead end!		ちょっ　この先は壁よ！	¡Un callejón sin salida!	C'est une impasse !	È un vicolo cieco!	É um beco sem saída!	¡Espera! ¡Hay una pared adelante!	Hier geht's nicht weiter!	To ślepy zaułek!	前面是死路啊！	Çıkmaz yol!	Det är en återvändsgränd!	Стой, впереди стена!
oas_uturn_so	Whoops! Time to make a U-turn!		ちょっとUターンするぜ	¡Ups! ¡Habrá que tomar una curva!	Oups ! Temps de faire demi-tour !	Ops! Tempo di fare una inversione a U!	Oops! Hora de dar meia-volta!	Bueno, demos vuelta en U.	Huups! Kehrtwende!	Ups! Czas na mały U-nik!	嗚哇！那就讓我迴轉一下！	Whoops! U dönüşü yapma zamanı!	Whoops! Dags att göra en U-sväng!	Развернусь немного!
oas_interior_sh	It should be cooler inside.		中は涼しいわね	Ahí dentro hará menos calor.	Il devrait faire plus frais à l'intérieur.	Dovrebbe essere più freddo all'interno.	Deve estar mais fresquinho aqui dentro.	Adentro debe estar más fresco.	Drinnen ist es bestimmt kühler.	Powinno być chłodniej w środku.	裡面應該會涼快點。	İçerisi daha serin olmalı.	Det borde vara svalare på insidan.	Внутри должно быть прохладно.
oas_interior_so	Um...Doesn't quite look like it.		そーでも無いみたいだぜ	Pues... Me da que no.	Euh... On dirait que non.	Em...Non sembra affatto cosí.	Hmm... Pelo visto não é o caso.	Sí... Parece que no.	Ähm... Sieht nicht danach aus.	Em... Nie do końca na to wygląda.	呃…看樣子並沒有。	Hımm... Pek öyle görünmüyor.	Um...Ser inte direkt ut som det.	Эм... Не похоже, что это так.
oas_sandfall_event_sh	Huh? What?		な　何！？	¿Eh? ¿Qué?	Hein ? Quoi ?	Eh? Cosa?	Hã? O quê?	¡¿Q-Qué?!	Hä? Was?	Hę? Co?	欸？什麼！？	Huh? Ne?	Huh? Vadå?	Ч-что?!
oas_sandfall_event_so	Woah!		うぉー！	¡Hala!	Woah !	Woah!	Uou!	¡Guau!	Woah!	Ło!!	嗚喔！	Woah!	Woah!	Оу!
oas_sandfall_event2_so	Ha!		は!	¡Ja!	Ha !	Ha!	Há!	¡Ja!	Ha!	Ha!	哈！	Ha!	Ha!	Ха!
oas_sandfall_event3_so	Whew! That was a close one!		ヒュー！ 危機一髮だったな	¡Buf! ¡Por los pelos!	Fiou ! Ce n'est pas passé loin !	Fiuu! C'è mancato poco!	Ufa! Essa foi por pouco!	¡Fiu! ¡Estuvo cerca!	Puh! Das war knapp!	Fiu! O mały włos!	呼！真是千鈞一髮呢！	Whew! Bu çok yakındı!	Whew! Det var nära ögat!	Уф-ф-ф! Ещё чуть-чуть, и я бы всё!
oas_pier_sh	Just past that pier is the town.		あの桟橋を過ぎれば　すぐ街よ	Tras cruzar el muelle, llegaremos a la ciudad.	La ville se trouve après cette jetée.	Dopo quel molo c'è la città.	Logo após aquele cais está a cidade.	Pasando ese muelle, estaremos en la ciudad.	Die Stadt liegt direkt hinter\ndem Steg.	Tuż za molo znajduje się miasto.	經過那個碼頭就到城鎮裡了。	İskelenin hemen ilerisinde kasaba var.	Precis förbi den där piren ligger byn.	За мостом сразу будет город.
oas_town_so	A town! The king's palace must be close!		マジ？　そろそろ王宮を近いのか？	¿La ciudad?\nEstamos cerca del palacio, ¿no?	Une ville ! Le palais du roi doit être proche !	Una città! Il palazzo del re deve essere vicino!	Uma cidade! O palácio do rei deve estar por perto!	¿En serio?\n¿Estamos cerca del palacio real?	Ne Stadt? Dann kann der Palast ja auch nicht mehr weit sein!	Miasto! Pałac króla musi być blisko!	是城鎮！那宮殿肯定就在附近了！	Bir kasaba! Kralın sarayı yakında olmalı!	En by! Kungens palats måste vara nära.	Город! Царский дворец совсем близко!
oas_palace_so	There it is! I see it!		見えた！あれだな	¡Ahí está! ¡Ya puedo verlo!	Le voilà ! Je le vois !	Eccolo lí! Lo vedo!	Lá está! Posso vê-lo!	¡Ahí está! Ese es.	Da wären wir, Zeit "hallo" zu sagen!	Tam jest! Widzę go!	看啊！就是那個吧！	İşte orada! Görüyorum!	Där är den! Jag ser den!	Я вижу! Это же он?
oas_palace_sh	That's the king's palace!		あれ!あれが王宮よ	¡Ese!\n¡Ese es su palacio!	C'est le palais du roi !	Quello è il palazzo del re!	Aquele é o palácio do rei!	¡Sí, el palacio real!	Das ist der Palast des Königs!	To pałac króla!	那個就是王宮了！	Bu kral'ın sarayı!	Det där är kungens palats!	Да! Это царский дворец!
oas_return_sh	Are you ready?		準備連動は済んだ?	¿Estás preparado?	Prêt ?	Sei pronto?	Você está pronto?	¿Te sientes listo?	Bist du bereit?	Jesteś gotów?	準備好了嗎？	Hazır mısın?	Är du redo?	Ты подготовился?
oas_return_so	Shahra!\nLet me show you just how fast I am!		シャーラ!今からオレのスピードみせてやるぜ！	¡Shara,\nte enseñaré lo rapido que puedo llegar a ser!	Shahra!\nLaisse-moi te montrer ma vitesse !	Shahra!\nLascia che ti mostri quanto sono veloce!	Shahra!\nDeixa eu te mostrar o quão rápido eu sou!	¡Shahra, te mostraré lo rápido que soy!	Shahra! Du wirst dich noch\nwundern, was schnell überhaupt heißt!	Shahra!\nTylko zobacz jaki jestem szybki!	夏拉！\n讓我秀給你看我有多快吧！	Shahra!\nSana ne kadar hızlı olduğumu göstereyim!	Shahra\nLåt mig visa dig precis hur snabb jag är!	Шахра!\nСейчас я покажу тебе свою скорость!
														
														
oas_boss_intro_so	Aha, he seems pretty tough.\nAll right, let's do this!		ふーん　強そうだな\nかかってきな！	¡Hum!, parece un rival formidable.\nAsí que, ¡a por todas!	Aha, il a l'air féroce !\n Allez, c'est parti !	Aha, sembra abbastanza forte.\nBene, facciamolo!	Hah, ele tem cara de durão.\nBeleza, vamos nessa!	¡Jum, se ve fuerte!\n¡Pues hagámoslo!	Hm, der scheint mehr drauf zu haben als der Rest.\nAlso gut, los geht's!	Aha, wygląda na twardziela.\nW porządku, zróbmy to!	啊哈，看樣子不好惹呢。\n好啊，來做吧！	Aha, çok güçlü görünüyor.\nPekala, hadi bunu yapalım!	Aha, han verkar ganska tuff.\nOkej, nu kör vi!	Хм, а ты, похоже, сильный.\nИди сюда!
oas_boss_start_so	I don't suppose you'd listen if I asked you to stay away, huh?		 動機な…って言っても、聞いてくれそうにないな	No me harías ni caso si te pido que te marches, ¿eh?	Tu ne m'écouterais pas\n si je te demande de t'en aller, hein ?	Suppongo che non mi ascolteresti se ti dicessi di stare lontano, eh?	Eu não acho que você se afastaria se eu pedisse, né?	¡Bueno, no creo que sirva intentar razonar con él!	Ich gehe mal davon aus, dass du nicht mit dir sprechen lässt, huh?	Raczej się nie posłuchasz, jeśli poproszę \nżebyś się nie zbliżał, co?	我如果叫你走開，你應該不會照做，對吧？	Sana uzak durmanı söylesem beni dinlemezsin herhalde, değil mi?	Jag antar att du inte kommer lyssna om jag bad dig att hålla dig borta, huh?	Даже если я скажу ему отойти с дороги,\nя не думаю, что он послушается!
oas_boss_start_sh	I don't think asking it nicely will make it stay back.		こないで…っていてもわかってくれなそそよう！	No creo que se aleje si solo se lo pedimos amablemente...	Ce n'est pas en demandant poliment qu'il restera en arrière.	Non credo che chiedergli gentilemente lo farebbe stare indietro.	Não acho que pedir educadamente vá fazer ele manter distância.	¡Aunque pidas que se aleje, no creo que entienda!	Ich glaube nicht, dass wir es mit Worten besänftigen können.	Nie wydaje mi się, że jak ładnie poprosisz, to się wycofa.	我不認為好聲好氣的求它，會讓它走開。	Güzelce sormanın onu geri tutacağını sanmıyorum.	Jag tror inte att det hjälper att fråga snällt för att få den att hålla sig borta.	Даже если мы скажем ему не приходить,\nя не думаю, что он нас поймёт.
oas_boss_hint1_sh	Watch out for its tail attack!		しっぽの攻撃に気をつけて！	¡Atento a sus ataques con la cola!	Attention à sa queue !	Sta attento al suo attacco con la coda!	Cuidado com o ataque da cauda dele!	¡Cuidado cuando ataque con la cola!	Nimm dich vor seinem Stachel in Acht!	Uważaj na jego atak ogonem!	小心它的尾巴攻擊！	Kuyruk saldırısına dikkat et!	Akta dig för dess svansattack!	Осторожно, он атакует хвостом!
oas_boss_hint2_sh	The big eyeball on its back seems to be its weak point!		あの　背中の大きな目玉が\n弱点みたいよ！	¡El globo ocular de su espalda parece ser su punto débil!	Le gros oeil rouge dans son dos semble être son point faible !	Quel grosso occhio sulla schiena sembra essere il suo punto debole!	Parece que esse olho gigante nas costas dele é o ponto fraco!	¡Ese gran ojo que tiene en la\nespalda parece ser su punto débil!	Das große Auge auf seinem Rücken ist seine Schwachstelle!	To wielkie oko na jego plecach wygląda na słaby punkt!	在它背上的大眼球似乎是它的弱點！	Sırtındaki büyük göz onun zayıf noktası gibi görünüyor!	Den stora ögongloben på dess rygg verkar vara dess svaga punkt!	Похоже, что эти огромные глаза\nна спине - его слабое место!
oas_boss_hint3_sh	Try using the scorpion's tail to reach the eye on its back!		あのサソリのシッポを使って\n背中の目玉まで行けないかしら？	¡Prueba ir por su cola para llegar al ojo de su espalda!	Essaie d'utiliser la queue du scorpion pour atteindre son dos !	Prova ad usare la coda dello scorpione per raggiungere l'occhio sulla schiena!	Tente usar a cauda do escorpião para chegar ao olho nas costas dele!	¿Podrás usar su cola para alcanzar\nel ojo de su espalda?	Versuche über den Stachel des Skorpions das Auge zu erreichen!	Spróbuj dotrzeć do oka skorpiona używając jego ogona!	利用蠍子的尾巴來攻擊背上的眼睛吧！	Akrebin kuyruğunu kullanarak sırtındaki göze ulaşmayı dene!	Försök använda skorpionens svans för att nå ögat på dess rygg!	Можно ли добраться до глаз на спине,\nесли использовать его хвост?
oas_boss_hint4_sh	That huge eye just has to be its weak point.		やっぱり　あの大きな目玉が\n弱点なんじゃないかしら…？	Ese ojo tiene que ser su punto débil...	Cet oeil énorme est forcément son point faible.	Quel grosso occhio deve essere il suo punto debole.	Aquele olho gigante só pode ser o ponto fraco.	Supongo que ese ojo de la\nespalda es su punto débil.	Dieses große Auge da muss seine Schwachstelle sein.	To ogromne oko jak musi jego słabym punktem.	那顆大眼球肯定是它的弱點。	O kocaman göz onun zayıf noktası olmalı.	Det stora ögat bara måste vara dess svaga punkt.	Всё-таки, наверное, эти огромные\nглаза - его слабое место.
oas_boss_hit1_sh	Look, it's working!		すごい\nかなりきいてるみたいよ ！	¡Genial!	Regarde, ça fonctionne !	Guarda, sta funzionando!	Olha, tá funcionando!	¡Genial! ¡Parece que eso funciona!	Schau mal, es funktioniert!	Spójrz, to działa!	看啊，奏效了！	Bak, işe yarıyor!	Titta, det funkar!	Молодец! Похоже, это сработало!
oas_boss_hit1_so	That's it! The eye is its weak point!		やっぱりな!\nあの目が弱点ってわけか！	¡Lo sabía! ¡El ojo es su punto débil!	C'est ça ! L'oeil est son point faible !	Lo immaginavo! L'occhio è il suo punto debole!	Isso! O olho é o ponto fraco dele!	¡Lo sabia! ¡Ese ojo es su punto débil!	Das ist es! Das Auge ist sein Schwachpunkt!	To jest to! Oko jest jego słabym punktem!	幹得好！眼球果然就是弱點！	İşte bu! Göz zayıf kısmı!	Det är det! Ögat är dess svaga punkt!	И правда! Эти глаза действительно\nего слабое место!
oas_boss_hit2_so	This guy just doesn't give up!		クッ　しぶとい野郎だぜ！	¡No se da por vencido!	Ce type n'abandonne jamais !	Questo tipo non vuole proprio arrendersi!	Esse cara não desiste!	Mier... ¡Qué tipo más terco!	Der Dicke hatte wohl noch nicht genug!	Gość się po prostu nie poddaje!	這傢伙就是不肯放棄欸！	Bu adam pes etmeyecek!	Den här killen ger sig bara inte!	Чёрт! Какой он крепкий!
oas_boss_hit3_so	Looks like he can't take much more of this!		そろそろ終わりにしようか！	¡Parece que no puede aguantar mucho más!	On dirait qu'il n'en peut plus !	Sembra che non c'è la faccia più!	Parece que ele não vai durar muito!	¡Terminemos con esto rápido!	Nur noch ein bisschen!	Najwidoczniej dłużej tego nie wytrzyma!	看樣子它很快就要被打倒了！	Anlaşılan daha fazla dayanamayacak!	Ser ut som att han inte klarar mycket mer av det här!	Давай уже покончим с этим!
oas_boss_hit4_sh	Just one more hit!		もう一息ね！	¡Solo queda un último golpe!	Plus qu'un coup !	Solo un'altro colpo!	Só mais um acerto!	¡Sólo un poco más!	Ein Treffer noch!	Jeszcze jeden cios!	再一擊！	Sadece bir vuruş daha!	Bara en till träff!	Ещё немного!
oas_boss_defeat_so	Sorry, but you were in my way.		悪いな\n後がつかえているんだ！	Siento derrotarte; ¡no haberte cruzado conmigo!	Désolé, mais tu étais sur mon chemin.	Scusami, ma mi stavi intralciando.	Foi mal, mas você estava no meu caminho.	¡Perdona, pero tengo algo de prisa!	Sorry, man, aber du warst mir im Weg.	Sory, ale stałeś mi na drodzę.	抱歉啦，但擋路的人是你。	Üzgünüm, ama yolumdaydın.	Förlåt, men du var i min väg.	Извини, но меня уже ждут!
														
oas_idle_heat_so	It's so hot! Even my quills are sweating!		あつっ、トゲがジリジリするぜ！	¡Qué calor! ¡Me sudan hasta las púas!	Quelle chaleur ! Même mes épines suent !	Che caldo! Pure i miei aculei stanno sudando!	Tá tão quente! Até os meus espinhos estão suando!	¡Qué calor! ¡Se me queman las púas!	Es ist so heiß! Selbst meine Stacheln schwitzen!	Ale upał! Nawet kolce mi się pocą!	好熱啊！就連我的刺也都是汗！	Çok sıcak! Tüylerim bile terliyor!	Det är så varmt! Även mina taggar svettas!	Жарко! У меня дрожат иглы.
oas_idle_shoes_so	Man, I've got sand in my shoes!		たく、靴の中が砂だらけだぜ！	¡Jo!, ¡tengo los zapatos llenos de arena!	Ah, du sable est rentré dans mes chaussures !	Cavoli, Ho la sabbia nelle scarpe!	Mano, entrou até areia nos meus sapatos!	¡Rayos, se me metió arena a los zapatos!	Man, ich hab Sand in meinen Schuhen!	O chłopie, mam piasek w butach!	哎呀，沙子都跑進鞋子裡了！	Adamım, ayakkabıma kum girmiş!	Åh, Jag har fått sand i skorna!	Да блин, у меня в обуви куча песка!
oas_idle_beach_sh	The beach is so...		浜辺がこんな…	Esta playa es tan...	La plage est si...	La spiaggia è cosí...	Essa praia é tão...	Esta playa es...	Der Strand ist so...	Ta plaża jest taka...	這座沙灘好…	Sahil çok...	Stranden är så...	Какой красивый пляж...
oas_idle_sandfall_so	A waterfall? Made of sand?		砂の滝?	Una cascada... ¿de arena?	Une chute... de sable ?	Una cascata? Fatta di sabbia?	Uma cachoeira? Feita de areia?	¿Un cascada de arena?	Ein Wasserfall? Aus Sand?	Wodospad? Z piasku?	這是瀑布？流的都是沙欸？	Bir şelale mi? Kumdan yapılma mı?	Ett vattenfall? Gjort av sand?	Песчаный водопад?
oas_idle_sandfall_sh	Stay clear. This is no time for a sand bath!		ちょっと、滝に見とれてる場合じゃないでしょ！	¡Concéntrate, Sonic! ¡No es momento de tumbarse en la arena!	Attention, ce n'est pas le moment pour un bain de sable !	Fai il serio. Non è il momento di fare un bagno di sabbia!	Concentre-se. Não é hora de tomarmos banho de areia!	¡Oye, no es momento de admirar la cascada!	Bleib davon fern. Wir haben keine Zeit für ein Sandbad!	Ostrożnie. To nie czas na kapięl piaskową!	別太靠近了。現在沒有時間泡沙浴！	Uzak dur. Kum banyosu yapmanın zamanı değil!	Håll dig undan. Nu är ingen tid för ett sandbad!	Да блин!\nСейчас не время любоваться водопадом!
														
														
														
dinosaur_jungle	Dinosaur Jungle		ダイナソー　ジャングル	Jungla Jurásica	Dinosaur Jungle	Giungla dei Dinosauri	Dinosaur Jungle	Dino Jungla	Dinosaur Jungle	Dżungla Dinozaurów	恐龍叢林	Dinazor Ormanı	Dinosauriejungel	Джунгли динозавров
dinosaur_jungle_description	A forest dominated by ancient beasts.		恐竜が支配する森。	Un bosque dominado por bestias ancestrales.	Une forêt dominée par des bêtes anciennes.	Una giungla dominata da creatura antiche.	Uma floresta dominada pelas bestas ancestrais.	Una jungla dominada por dinosaurios.	Im Wald der Steinzeittiere.	Las opanowany przez starożytne bestie.	被恐龍支配的森林。	Antik canavarların egemen olduğu bir orman.	En skog dominerad av uråldriga odjur.	Лес, в котором господствуют динозавры.
din_event_trio_so	Whoa! Something's after us!		ウワォ！　なんか追ってきたぜ！	¡Eh! ¡Algo nos persigue!	Whoa ! Quelque chose nous suit !	WHOA! Qualcosa ci sta inseguendo!	Uou! Tem alguma coisa atrás da gente!	¡Guau! ¡Algo nos persigue!	Woah! Wir werden verfolgt!	Łoł! Coś nas goni!	嗚喔！有什麼東西在追我們！	Vay canına! Peşimizde birileri var!	Whoa! Nått är efter oss!	А-а-а! За мной кто-то гонится!
din_event_trio_sh	They're triceratops!\nAnd they're very angry!		トリケラトプスよ！\nひどく怒ってる！	¡Son triceratops!\n¡Y no están de buen humor!	Ce sont des tricératops ! Et très en colère !	Sono triceratopi!\nÈ sono molto arrabiati!	São tricerátopos!\nE eles estão muito zangados!	¡Triceratops! ¡Y muy enojados!	Das sind Triceratops!\nSie scheinen wütend zu sein!	To triceratopsy!\nI do tego są bardzo wściekłe!	是三角龍！\n它們好像很火大！	Onlar triceratopslar!\nVe çok kızgınlar!	Det är triceratopser!\nOch dem är väldigt arga!	Это трицератопсы!\nОни очень злые!
din_event_trio2_so	Wh-what did I do?		オレ　何かやったのか？	¿Y yo que he hecho?	Qu-qu'ai-je fait ?	Ma che cosa ho fatto?	O-o quê que eu fiz?	¿Les hicimos algo?	W-was hab ich denn getan?!	C-co ja im zrobiłem?	我— 我有做什麼事惹火它們嗎？	N-ne yaptım ben?	Va-vad har jag gjort?	А что я сделал-то?
din_event_trio2_sh	I don't know! Just run!		分からないわ！\n今はとにかく逃げましょう！！	¡No lo sé!; ¡tú corre!	Je ne sais pas, mais cours !	Non lo so! Corri e basta!	Eu não sei! Só corra!	¡Quién sabe, pero hay que huir de aquí!	Weiß ich doch nicht! Lauf!	Nie wiem! Po prostu biegnij!	我不知道！總之快跑啊！	Bilmiyorum! Sadece koş!	Jag vet inte! Spring bara!	Я не знаю!\nВ любом случае, сейчас надо бежать!
din_event_trio3_so	They just don't give up!		しつこいヤツラだぜ！	¡Parece que no se rinden!	Ils n'abandonnent pas facilement !	Non si arrendono proprio!	Eles não desistem!	¡Vaya que son tercos!	Die sind echt hartnäckig!	Nie poddają się!	它們真是死纏爛打欸！	Vazgeçmiyorlar!	Dem ger bara inte up!	Какие они настырные!
din_event_trio3_sh	If we can just get across the bridge\nup ahead, we should be okay!		この先の橋まで逃げきれば\nきっと大丈夫よ！	¡Su cruzamos el puente de ahí adelante\nestaremos a salvo!	Si on peut traverser le pont\n devant, on devrait s'en sortir !	Se riuscissimo a andare attraverso quel ponte\nlaggiù, dovremmo essere al sicuro!	Se nós passarmos pela ponte\nà frente, estaremos seguros!	¡Si cruzamos el puente de más adelante,\nestaremos bien!	Wenn wir die Brücke da vorn über-\nqueren, sind wir in Sicherheit!	Jeśli tylko przejdziemy przez tamten most,\nnic nam nie będzie!	我們若能逃到前面那座橋就沒事了！	Eğer ilerideki köprüyü\ngeçebilirsek, sorun olmaz!	Om vi bara kan komma över bron\ndär framme, så borde vi klara oss!	Если добежишь до моста впереди,\nто сможешь оторваться от них!
din_event_river_so	Uwaaah!\nNooooo!!		うわわわ！\nＮＯＯＯＯＯ！！	¡Aaaaah!\n¡¡Nooooo!!	Ouaaah !\nNooooon !!	UWAAAH!\nNOOOOO!!	Uaaaah!\nNãããão!	¡Aaaaah! ¡Nooooo!	Uwaaah!\nNeeeein!!	Uaaaah!\nNieeee!!	嗚啊啊啊！\n糟啦！！！	Uwaaah!\nHayıııır!!	Uwaaah\nNeeeeeej!!	А-а-а-а! Не-е-е-е-ет!
din_event_river_sh	Sonic!		ソニック！	¡Sonic!	Sonic !	SONIC!	Sonic!	¡Sonic!	Sonic!	Sonic!	索尼克！	Sonic!	Sonic!	Соник!
din_event_river2_so	Whew! That was a close one!		ヒュー！危機一髮だぜ！	¡Uf! ¡Ha estado cerca!	Pfiou ! On a eu chaud !	Fiuu! Per un pelo!	Ufa! Essa foi por pouco!	¡Oh, por un pelo de rana calva...!	Puh! Fast abgesoffen!	Uf! O mały włos!	呼！真是千鈞一髮呢！	Whew! Bu çok yakındı!	Whew! Det var nära ögat!	Уф-ф-ф! Ещё чуть-чуть, и я бы всё!
din_event_river2_sh	Sonic, can't you swim?		ソニックってもしかして泳げないの？	Sonic, ¿no sabes nadar?	Sonic, tu ne sais pas nager ?	Sonic, non riesci a nuotare?	Sonic, você não sabe nadar?	Sonic, ¿no sabes nadar?	Sonic, kannst du nicht schwimmen?!	Sonic, nie umiesz pływać?	索尼克，你難道不會游泳嗎？	Sonic, yüzme bilmiyor musun?	Sonic, kan inte du simma?	Соник, ты что, не умеешь плавать?
														
din_split_sh	The road splits in two, here.		道が分かれてるわ	Aquí el camino se divide en dos.	La route se sépare en deux.	La strada si divide in due qua.	O caminho aqui se divide em dois.	Hay una bifurcación.	Hier zweigt die Straße ab.	Droga nam się tutaj rozwidla.	這裡有岔路。	Yol burada ikiye ayrılıyor.	Vägen delas i två, här.	Здесь развилка.
din_split_so	Any advice on which way to go?		どっちがベターか教えてくれよ	¿Tienes idea de por dónde ir?	Une idée de quel chemin prendre ?	Qualche consiglio su quale andare?	Alguma dica para onde ir?	Dime qué camino es mejor.	Was denkst du, links oder rechts?	Jakieś porady gdzie mamy iść?	接下來該往哪邊走才好？	Hangi yoldan gitmeliyim konusunda bir tavsiyen var mı?	Några råd om vilken väg man ska gå?	Скажи, какой из путей лучше?
din_flower_sh	A flower...spirit?		花の…マジン？	Un espíritu... ¿floral?	Un esprit... floral ?	Uno spirito...floreale?	Um espírito... floral?	¿Una flor... majin?	Ein Blumen...geist?	Kwiecisty... duch?	是花的…精靈？	Bir çiçek...ruhu mu?	En blomster...ande?	Злой дух... цветов?
din_flower_so	Doesn't look very friendly.		厄介そうな面横えだぜ！	Me da que no está aquí para hacer amigos	Il n'a pas l'air très amical.	Non sembra molto amichevole.	Não parecem ser muito amigáveis.	¡Parece que será un dolor de cabeza!	Sieht nicht sehr freundlich aus.	Nie wygląda zbyt przyjaźnie.	看起來不太友善。	Çok arkadaşçıl gözükmüyor.	Ser inte så vänlig ut.	От него одни хлопоты!
														
din_event_apato_so	Oops!		Ｏｏｐｓ！	¡Ups!	Oups !	Oops!	Oops!	¡Ups!	Ups!	Ups!	糟了！	Oops!	Oops!	Ой!
din_event_apato2_so	Woah! Thanks!		いよっと！　サンキュー！	¡Vaya! ¡Gracias!	Ouah ! Merci !	Wow! Grazie!	Uou! Valeu!	¡Bien! ¡Gracias!	Woah! Danke!	Łoł! Dzięki!	嗚喔！謝啦！	Woah! Teşekkürler!	Woah! Tack!	Оп-ля! Спасибо!
														
din_rex_sh	I've got a bad feeling about this.		嫌な予感がするわ	Tengo un mal presentimiento...	J'ai un mauvais pressentiment.	Ho un brutto presentimento.	Tenho um mal pressentimento sobre isso.	Tengo un mal presentimiento.	Ich habe ein ungutes Gefühl.	Mam co do tego złe przeczucie.	我有個不好的感覺。	Bu konuda kötü hislerim var.	Jag har en dålig känsla för det här!	У меня плохое предчувствие.
din_rex_so	Uhh. My quills are starting to tingle...		ああ　背中のトゲがビリビリするぜ	Hum. Siento un hormigueo en las púas...	Euh. Mes épines commencent à picoter...	Emm. ho uno strano formicolio agli aculei...	Uhh. Meus espinhos estão formigando.	Ah, se me erizaron las púas de la espalda.	Uhh. Mir kribbelt's richtig in\nden Stacheln!	Emm. Mam ciary na kolcach...	呃… 我的刺開始在顫抖了…	Eee. Tüylerim karıncalanmaya başladı...	Uhh. Mina taggar börjar på att pirra...	А-а-а, у меня дрожат иглы на спине...
din_rex_lower_so	Whoooa! Out of the frying pan\nand into the fire, huh?		ウワーオ！\n一難去ってまた一難ってカンジ？	¡Hala! Esto se está\nponiendo de mal en peor, ¿eh?	Ouaaah ! Sorti de la poêle à frire\net maintenant dans le feu, hein ?	Whoooa! Dalla padella\nalla bracie, eh?	Uoooou! Indo de mal a pior, hã?	¡Guau! ¡Salimos de Guatemala,\nentramos en """Guate-peor"""!	Whoooa! Vom Regen in die Traufe, was?	Łoooł! Z patelni do oginia, co?	嗚哇！\n這就是一波未平一波又起的感覺嗎？	Whoooa! Kızgın tavadan çıkıp ateşe girdim, huh?	Whoooa! Ut ur stekpanan\noch in i elden, huh?	Уа-а-а!\nИз огня да в полымя?
din_rex_lower_sh	That about sums it up!		相当気が立ってるみたいね！	¡Tú lo has dicho!	C'est un bon résumé !	Beh questo lo abbrevia!	Falou e disse!	¡Sí que está enojado!	Das kannst du laut sagen!	No, to by się zgadzało!	說的對！	İşte her şey bu kadar!	Det sammanfattar det hela!	Похоже, он очень зол!
din_rex_tail_sh	Hey, look at its tail!		尻尾をよく見て！	¡Ten cuidado con su cola!	Hé, regarde sa queue !	Ehi, guarda alla sua coda!	Ei, cuidado com aquela cauda!	¡Fíjate en su cola!	Hey, achte auf sein Hinterteil!	Hej, spójrz na jego ogon!	注意它的尾巴！	Hey, kuyruğuna bak!	Hörru, titta på dess svans!	Следи за его хвостом!
din_rex_tail_so	Got it!		わかってるって！	¡Sí, lo sé!	Compris !	Capito!	Certo!	¡Entendido!	Verstanden!	Czaje!	知道了！	Anlaşıldı!	Uppfattat!	Да знаю я!
din_rex_upper_so	He seems pretty hungry!		相当腹ペコらしいな！	¡Parece hambriento!	Il a l'air bien affamé !	Sembra abbastanza affamato!	Ele parece estar bem esfomeado!	¡Parece muy hambriento!	Der Kleine scheint Appetit zu\nhaben!	Wygląda na głodnego!	它看樣子很餓！	Çok aç gözüküyor!	Han verkar ganska hungrig!	Кажется, кто-то проголодался!
din_rex_upper_sh	Then make sure he doesn't decide\nthat you're a snack!		かみ使れないように気をつけてね！	¡Pues asegúrate de no convertirte\n en su próxima merienda!	Alors fais en sorte qu'il ne te prenne pas\n pour son repas !	E allora non farli pensare\nche tu sia uno spuntino!	Então tenha certeza de que ele não\nvai achar que você é um lanche!	¡Intentemos no ser su aperitivo!	Dann pass auf, sonst knabbert er\ndich noch an!	To upewnij się, że nie zrobi\nz Ciebie przekąski!	那就不要讓它以為你是點心！	O zaman senin bir atıştırmalık\nolduğuna karar vermesin!	Se då till att han inte beslutar\natt du är ett mellanmål!	Смотри, чтобы он тебя не укусил!
														
din_flowers_so	So, feel like going\nto pick some flowers?		それじゃあお花摘みにでかけるか	Hum, podría pararme a recoger algunas flores.	Et si on allait cueillir des fleurs ?	Allora, vuoi andare\na prendere qualche fiore?	Então, o que acha de nós\ncolhermos algumas flores?	Bueno, ¿qué tal si recogemos unas flores?	Na, Lust ein paar\nBlümchen zu pflücken?	Więc, chcesz pozbierać\nparę kwiatków?	想來一起摘些花嗎？	Peki, gidip çiçek toplamaya\nne dersin?	Så, känner du för att gå och plocka några blommor?	Кажется, пора сорвать эти цветы!
din_flowers_sh	This is no time for goofing around!		もう！　ノンキなんだから！	¡No es momento para bromas!	Ce n'est pas le moment de rigoler !	Non è il momento di scherzare!	Isso não é hora pra besteiras!	¡Ash, tómalo en serio!	Wir haben keine Zeit für solche\nAlbernheiten!	To nie jest czas na wygłupy!	沒時間胡鬧了！	Etrafta oyalanmak için zaman yok!	Nu är det inte tid för att skoja runt!	Ох, какой же ты беспечный!
din_blendin_so	Ha! Trying to blend in\nwith the flowers, huh?		へ！ お花のフリでわけかい？	¡Ja! Tratando de esconderte\nentre las flores, ¿eh?	Ha ! On tente de se cacher\n parmi les fleurs, hein ?	Ah! Cerchi di mimetizzarti\ncon i fiori, eh?	Há! Tentando se esconder entre as flores, né?	¡Je! ¿Conque pretendiendo ser una flor?	Ha! Du versuchst dich\nalso mit den Blumen zu tarnen?	Ha! Próbujesz się\nwtopić w tłum, co?	哈！想跟那些花朵混在一起是吧？	Ha! Çiçeklerle uyum\nsağlamaya çalışıyorsun, ha?	Ha! Försöker smälta in med blommorna, huh?	Ха! Они просто притворились цветами!
din_blendin_sh	If you attack, it will\nshow its true form!		攻撃すれば 正体を現すわよ きっと	Si lo atacas,\n¡mostrará su verdadero aspecto!	Si tu l'attaques,\nil montrera son véritable visage !	Se lo attacchi, farà\nvedere la sua vera forma!	Se você atacar, a verdadeira forma irá aparecer!	Estoy segura de que mostrará\nsu verdadera forma si lo atacas.	Wenn du angreifst,\nwird es seine wahre Form zeigen!	Jeśli zaatakujesz,\n ujawni swoją prawdziwą formę!	攻擊它就能使它現出原形！	Eğer saldırırsan sana\ngerçek formunu gösterecektir!	Om du attackerar, kommer den\nvisa sin äkta form!	Если ты его атакуешь, наверняка\nон покажет свою сущность!
din_flowerbed_so	Hey, isn't this a\npretty little flowerbed!		ヘーイ！\nたいそうなお花畑じゃないか！	¡Vaya! ¡No está nada mal\neste lugar tan florido!	Hé, ce sont des jolies fleurs !	Ehi, questa è proprio\nuna bella aiuola!	Ei, não é uml\nlindo canteiro de flores?	¡Ey, qué lindo campo de flores!	Hey, nettes Blumenbeet!	Hej, ładny mały kwietnik!	嘿，這座小花田可真漂亮！	Hey, bu ufak bir\nçiçek yatağı değil mi!	Hej, är inte det här en\nsöt liten blomrabatt!	Хей! Как много цветов на этом цветочном поле!
din_flowerbed_sh	This is no time to relax, Sonic!		気を抜かないでねソニック！	¡No te lo tomes todo con\ntanta calma, Sonic!	Ce n'est pas le moment de flâner, Sonic !	Non è il momento di rilassarsi Sonic!	Não é hora de relaxar, Sonic!	¡No bajes la guardia, Sonic!	Komm in die Gänge, Sonic!	To nie czas na relaks, Sonic!	索尼克，這可不是放鬆的時候！	Rahatlamak için zaman yok, Sonic!	Nu är det inte tid för att slappna av, Sonic!	Не расслабляйся, Соник!
														
din_majin_egg_sh	It's a spirit egg!\nSonic, destroy it!		マジンの卵よ\n壊しておいてソニック！	¡Es un huevo de espíritu!\nSonic, ¡destrúyelo!	C'est un oeuf esprit ! Sonic, détruis-le !	È un uovo di spirito!\nSonic distruggilo!	Isso é um ovo espiritual!\nSonic, destrua-o!	¡Destruye ese huevo de majin, Sonic!	Das ist ein Seelenei!\nSonic, zerstöre es!	To duchowe jajo!\nSonic, zniszcz je!	是精靈蛋！索尼克，把它打碎吧！	Bu bir ruh yumurtası!\nSonic, onu yok et!	Det är ett andeägg!\nSonic, förstör det!	Это яйцо злого духа.\nРазбей его, Соник!
din_egg_so	This is...		これ…	Esto es...	C'est...	Questo è...	Isto é...	Esto es...	Das ist...	To jest...	這是…	Bu bir...	Det här är...	Это...
din_egg_sh	A dinosaur egg?\nI can carry it using my magic.		恐竜の卵ね？\nわたしが魔法で持っていくわ	¿Un huevo de dinosaurio?\nPuedo transportarlo usando mi magia.	Un oeuf de dinosaure ?\nJe peux le porter avec ma magie.	Un uovo di dinosaur?\nPosso portarlo usando la mia magia.	Um ovo de dinossauro?\nEu posso carregá-lo usando a minha magia.	¿Un huevo de dinosaurio?\nLo llevaré con mi magia.	Ein Dinosaurier-Ei?\nIch kann es mit meiner Magie tragen.	Jajo dinozaura?\nMogę je przenosić moją magią. 	恐龍蛋？\n我能用魔法帶著它。	Bir dinozor yumurtası mı?\nSihirimi kullanarak onu taşıyabilirim.\	Ett dinosaurieägg?\nJag kan bära det med min magi.	Яйцо динозавра? Я воспользуюсь\nмагией и возьму его с собой.
din_nest_so	This must be a nest of dinosaur eggs.		これは恐竜の卵の巣…なのか？	Este debe de ser un nido\nde huevos de dinosaurio.	C'est un nid d'oeufs de dinosaure.	Questo deve essere un nido di uova di dinosauro.	Este deve ser um ninho de ovos de dinossauro.	¿Es un nido de huevos de dinosaurio...?	Das muss ein Nest für Dino-Eier sein.	To musi być gniazdo jaj dinozaurów.	這附近肯定有恐龍蛋的巢穴。	Bu dinazor yumurtaları için bir yuva olmalı.	Det här måste vara ett bo av dinosaurieägg.	Это гнездо динозавра?
din_nest_sh	Yes. Let's go find eggs that\nmatch the same shell pattern.		ええ　同じ模様の卵を探して\n持ってきましょう	Sí. Busquemos huevos con\nel mismo patrón en su cáscara.	Oui. Trouvons des oeufs avec le même motif.	Sí. Andiamo a trovare le uova che\ncorrispondono allo stesso modello di involucro.	Sim. Vamos encontrar os ovos\nque tenham o mesmo padrão.	Sí, busquemos huevos con el\nmismo patrón y traigámoslos.	Ja. Lass uns die Eier mit\ndemselben Schalen-Muster finden.	Tak. Poszukajmy jajek z\npasującym wzorem skorupy.	嗯，我們去找同樣的蛋吧。	Evet. Aynı kabuk desenine\nsahip yumurtaları bulmaya gidelim.	Ja. Låt oss gå och hitta ägg som\nmatchar samma skalmönster.	Да. Давай найдём яйца с узорами\nи отнесём их к нужным гнёздам.
														
din_trio_hint_so	I hope those guys don't stick their\nhorns through me!		ヤツラときどき突っ込んでくるぞ！	¡Espero que no me pinchen\ncon esos cuernos!	J'espère qu'ils ne vont pas transpercer\navec leurs cornes!	Spero che quei tipi non infilino le loro\ncorna attraverso di me!	Espero que esses caras não me\nfurem com os chifres deles!	¡Parece que arremeterán de repente!	Woah! Hoffentlich durchbohren die Viecher mich nicht!	Mam nadzieje, że ci goście nie\nprzebiją mnie swoimi rogami!	希望那些傢伙別把角刺向我！	Umarım o adamlar boynuzlarını\nbana saplamazlar!	Jag hoppas att dem där killarna inte sticker sina\nhorn igenom mig!	Меня, кажется, сейчас забадают!
din_trio_hint_sh	Don't let them rush you\nwith their horns!		頭をふったら突っ込んでくねわよ！	¡Evita recibir una cornada\ncuando cargen contra ti!	Ne les laisses pas faire avec leurs cornes !	Non lasciarli scattare verso di te\ncon le loro corna!	Não deixe que eles o alcancem\ncom os seus chifres!	¡Si su cabeza se acerca, quítate del camino!	Pass auf, dass sie dich nicht\nmit ihren Hörnern stechen!	Nie daj im się poganiać\nswoimi rogami!	不要讓它們用角突刺向你！	Boynuzlarıyla üstüne yardırmalarına\nizin verme!	Låt dem inte rusa dig\nmed deras horn!	Кажется, тебя хотят забодать!
din_cacti_hint_so	Those cacti don't look very fun.		サボテンが痛そうだぜ！	Esos cactus están más afilados que mis púas.	Ces cactus ne semblent pas amusant.	Quei cactus non sembrano molto divertenti.	Esses cactos não estão com uma cara boa.	¡Esos cactus se ven filosos!	Diese Kakteen könnten mir zu schaffen machen!	Te kaktusy nie wyglądają za fajnie.	被仙人掌刺到感覺會很痛！	Bu kaktüsler pek hoş görünmüyor.	Dem där kaktusarna ser inte så roliga ut	Кактусы больно колятся!
din_cacti_hint_sh	Watch out for the cacti!		サボテンには気をつけて！	¡Cuidado con los cactus!	Attention aux cactus !	Sta attento ai cactus!	Cuidado com os cactos!	¡Cuidado con los cactus!	Pass auf die Kakteen auf!	Uważaj na kaktusy!	要小心那些仙人掌！	Kaktüslere dikkat et!	Akta dig för kaktusarna!	Осторожно, там кактусы!
din_boat_hint_so	Tilt left and right to change direction.		左右に傾けて\n左右に移動するんだ！	Puedo inclinarme a los lados para cambiar de dirección.	Incline la Télécommande Wii à droite\nou à gauche pour changer de direction.	Inclina il Telecomando Wii a sinistra e destra per cambiare direzione.	Vire pra esquerda ou direita pra mudar de direção.	¡Inclinando la palanca izquierda puedo moverme\na la izquierda o derecha!	Neige links und rechts, um die Richtung zu ändern.	Przechyl się na lewo i prawo,\naby zmieniać kierunek.	傾斜WII手把左右移動。	Yönü değiştirmek için Wii Remote'u sola ve sağa eğ.	Luta åt vänster och höger för att ändra riktning.	Если наклонять левый стик вправо и влево,\nвы сможете передвигаться в стороны!
din_boat_hint_sh	Tilt left or right to change direction.		左右に傾けて\n左右に移動するのよ！	Inclínate a los lados para cambiar de dirección.	Incline la Télécommande Wii à droite\nou à gauche pour changer de direction.	Inclina il Telecomando Wii a sinistra o destra per cambiare direzione.	Incline para a esquerda ou para a direita\npara mudar de direção.	¡Inclina la palanca izquierda para moverte\na la izquierda o derecha!	Neige links oder rechts, um die Richtung zu ändern.	Przechyl się na lewo lub prawo,\naby zmieniać kierunek. 	傾斜WII手把就能左右移動喔！	Yönü değiştirmek için Wii Remote'u sola yada sağa eğ.	Luta åt vänster eller höger för att ändra riktning.	Если наклонять левый стик вправо и влево,\nвы сможете передвигаться в стороны!
din_damage_hint_so	Ouch!		アウチ！	¡Ay!	Aïe !	Ahia!	Ai!	¡Auch!	Autsch!	Auć!	呀！	Ouch!	Ouch!	Ай!
din_damage_hint_sh	Sonic, are you okay?		大丈夫ソニック！？	Sonic, ¿estás bien?	Sonic, ça va ?	Sonic stai bene?	Sonic, você está bem?	¡¿Estás bien, Sonic?!	Sonic, geht's dir gut?	Sonic, wszystko okej?	索尼克，你沒事吧？	Sonic, iyi misin?	Sonic, är du okej?	Соник, ты в порядке?
din_ball_hint_sh	If those iron balls hit us,\nwe'll fall into the water!		鉄球に当たると水におちちゃうわよ	Si chocamos con alguna bola,\n¡nos hundiremos!	Si ces boules de fer nous touchent,\nnous tomberons dans l'eau !	Se quelle palle chiodate ci colpiscono,\ncadremo nell'acqua!	Se alguma dessas esferas de ferro\nnos atingir, nós iremos cair na água!	¡Si nos golpea una bola de acero,\nacabaremos en el agua!	Wenn uns die Eisenkugeln treffen,\nfallen wir ins Wasser!	Jeśli te żelazne kule w nas trafią,\nwpadniemy do wody!	如果被鐵球打到，我們就會跌入水裡！	Eğer o demir toplar bize\nçarparsa, suya düşeriz!	Om dem järnbollarna träffar oss,\nramlar vi i vattnet!	Если столкнёшься с железным шаром,\nто упадёшь в воду!
din_ball_hint_so	Gotta make sure I dodge\nthose iron balls.		鉄球に当たるとイチコロってカンジだな	Será mejor que esquive\nesas bolas de acero.	Je dois faire attention à esquiver\nces boules de fer.	Devo assicurarmi di schivare\nquelle palle chiodate.	Vou fazer questão de desviar delas.	¡Si nos golpea una bola de acero,\nestaremos muertos!	Ich halt' mich lieber von diesen Eisenkugeln fern.	Muszę się upewnić,\nżeby omijać te żelazne kule.	得小心避開那些鐵球。	O demir toplardan kaçındığıma\nemin olmalıyım.	Måste se till att jag undviker\ndem järnbollarna.	Если столкнусь с железным шаром,\nто ведь упаду в воду?
din_positioning_hint_so	It'll be tough to attack\nfrom that position.		あの位置からの攻撃は厄介だな	Va a estar difícil\natacarlo desde aquí.	Ça va être difficile d'attaquer\ndepuis cette position.	Sarà difficile attaccare\nda quella posizione.	Vai ser difícil atacar daqui!	Atacar desde esta posición es complicado.	Es ist schwierig aus dieser Position anzugreifen.	Ciężko będzie atakować\nz tej pozycji.	從那個位置攻擊不容易。	Bu pozisyondan saldırması\nzor olacak.	Det kommer bli svårt att attackera\nfrån den positionen.	Проблематично атаковать с того места.
din_positioning_hint_sh	Use the enemy's attack, Sonic!		敵の攻撃を利用するのよソニック！	¡Utiliza los ataques\ndel enemigo, Sonic!	Utilise l'attaque de l'ennemi, Sonic !	Usa l'attacco del nemico Sonic!	Use os ataques do inimigo, Sonic!	¡Tienes que aprovechar los\nataques del enemigo, Sonic!	Mach dir den feindlichen Angriff zunutze, Sonic!	Wykorzystaj atak przeciwnika,\nSonic!	利用敵人的攻擊吧，索尼克！	Düşmanın saldırısını kullan, Sonic!	Använd fiendens attack, Sonic!	Используй его атаку против него же, Соник!
din_attack_hint_so	Can we use that thing's attack\nto our own advantage?		ヤツの攻撃を逆に利用しているにやるか！	¿Y si usamos sus ataques\na nuestro favor?	Et si on utilisait ses attaques\nà notre avantage ?	Possiamo usare l'attacco di quella cosa\na nostro vantaggio?	Podemos usar o ataque dessa coisa\nao nosso favor?	¡Usaré sus ataques a mi favor!	Können wir die Attacke von diesem Dingens ausnutzen?	Czy możemy wykorzystać jego\natak na naszą korzyść?	我們能反過來利用那傢伙的攻擊嗎？	O şeyin saldırısını kendi\nlehimize kullanabilir miyiz?	Kan vi använda den sakens attack\ntill vår fördel?	Интересно, не получится ли перебраться\nна ту сторону, использовав его атаку?
din_attack_hint_sh	Maybe we can use its attacks\nto get to the other side!		アイツの攻撃を使って向こうに\nわたれないかしら？	Usando sus ataques, ¡puede\nque lleguemos al otro lado!	Peut-être qu'on peut profiter de ses attaques\npour passer de l'autre côté !	Forse possiamo usare i suoi attacchi\nper andare dall'altra parte!	Talvez possamos usar os ataques\npara chegar ao outro lado!	¿Podemos usar su ataque para cruzar al otro lado?	Wir könnten seine Angriffe nutzen,\num zur anderen Seite zu gelangen!	Może da radę wykorzystać jego\natak aby przedostać się na drugą stronę!	我們或許能利用那傢伙的攻擊來抵達對面！	Belki onun saldırılarını kullanarak\ndiğer tarafa geçebiliriz!	Kanska vi kan använda dess attacker\nför komma till andra sidan!	Воспользуемся его атакой, чтобы\nперебраться на другую сторону!
din_seed_hint_so	I can probably hit the seeds\nthat thing shoots with a Homing Attack!		ヤツがはいってぐるたねはホーミングアタックできるみたいだな	¡Puede que el Ataque Teledirigido\nfuncione en las semillas que escupe!	Je peux sûrement toucher les graines\ntirées par cette chose avec une Attaque Téléguidée !	Posso probabilmente colpire i semi\nche quella cosa spara con un Attacco a Ricerca!	Acho que posso acertar as sementes que\nessa coisa dispara com o Ataque Teleguiado!	¡Parece que puedo golpear sus\nsemillas con un Ataque teledirigido!	Mit einer Homing Attack kann ich die\nabgeschossenen Samen von diesem Ding angreifen.	Pewnie mogę uderzyć te nasiona,\nktóre to coś wystrzeliwuje Atakiem Naprowadzającym!	我應該能對那東西射出的種子使出追蹤攻擊。	Muhtemelen o şeyin fırlattığı tohumları\nbir Güdümlü Saldırı ile vurabilirim!	Jag kan troligen träffa fröna\nsom den saken skjuter med en Homingattack!	Я могу использовать Самонаводящуюся\nатаку по семенам, которые он выплёвывает.
din_seed_hint_sh	Try hitting those seeds that it spits\nwith a Homing Attack!		アイツがはいってぐるたねはホーミングアタックでこわせるみたいよ	¡Golpea con Ataques Teledirigidos\nlas semillas que escupe!	Essaie de toucher les graines qu'il crache\navec une Attaque Téléguidée !	Prova a colpire i semi che sputa\ncon un Attacco a Ricerca	Tente atingir aquelas sementes\ncuspidas com o Ataque Teleguiado!	¡Parece que puedes atacar esas semillas\ncon el Ataque teledirigido!	Versuche mal die Samen, die es spuckt,\nmit einer Homing Attack anzugreifen!	Spróbuj trafić te nasiona, które to coś wypluwa\nAtakiem Naprowadzającym!	試著對它射出的種子使出追蹤攻擊。	O şeyin fırlattığı tohumları\nbir Güdümlü Saldırı ile vurmayı dene!	Försök att träffa dem fröna som den spotar\nmed en Homingattack!	Ты можешь использовать Самонаводящуюся\nатаку по семенам, которые он выплёвывает!
din_pot_hint_so	Can we use that to get across?		あれを使って向こうへ渡るか	¿Podremos usar eso para llegar al otro lado?	On peut utiliser ça pour traverser ?	Possiamo usare quello per attraversare?	Podemos usar isso para atravessar?	¿Podemos usar eso para cruzar?	Können wir das Teil nutzen,\num auf die andere Seite zu gelangen?	Możemy tego użyć, aby się przedostać?	我們能用那東西過去嗎？	Bunu karşıya geçmek için kullanabilir miyiz?	Kan vi använda det för att ta oss över? 	Переберусь на ту сторону\nс помощью этого!
din_pot_hint_sh	Maybe that flying pot can help us\nacross to the other side.		あの壺を使って向こうへ渡れないかしら	Puede que esa vasija flotante nos\nayude a llegar al otro lado	Peut-être que ce pot volant peut nous aider\nà traverser.	Forse quel vaso volante può aiutarci\nad attraversare dall'altra parte	Talvez aquele vaso voador possa\nnos ajudar a ir para o outro lado.	Me pregunto si podemos usar ese jarrón para cruzar.	Vielleicht kommen wir mit dem\nTopf auf die andere Seite.	Może ta latająca waza pomoże nam\ndostać się na drugą stronę.	或許那個飛天陶壺能帶我們過去。	Belki o uçan vazo bizi öbür\ntarafa geçirmeye yardımcı olur.	Kanska den där flygande kastrullen kan hjälpas oss\növer till andra sidan.	Интересно, нельзя ли перебраться\nна ту сторону с помощью кувшина?
din_boulder_hint_so	Maybe I can get that big fella\nto smash that boulder for me.		ヤツにあの岩壊してもらうか！	Quizás pueda engañar a este grandullón\npara que rompa esta piedra.	Peut-être que ce grand gaillard\npeut briser ce rocher pour moi.	Forse posso utilizzare quel tizio grosso\nper distruggere questo macigno	Talvez eu faça aquele grandalhão\nquebrar essa rocha pra mim.	¡Hagamos que ese tipo rompa esa roca!	Vielleicht kann ich den Riesen dazu bringen diese Brocken zu zerkloppen.	Może uda mi się sprawić, żeby ten\nduży koleszka pomógł zniszczyć tą skałę dla mnie.	或許我能讓那個大塊頭把那些岩石擊碎。	Belki o iri adamı o kayayı benim\niçin parçalamaya ikna edebilirim.	Kanska jag kan få den där stora grabben\natt slå det stenblocket åt mig	Пусть он сломает эту скалу!
din_boulder_hint_sh	If you lead him over the boulder,\nmaybe he can break through the rock?		アイツをひきつけてあの岩に\n噛み使せればいいんじゃない？	¡Haz que te siga hasta las rocas\ny quizás él pueda romperlas!	Si tu le diriges vers le rocher,\nil peut sans doute briser la pierre ?	Se lo attiri verso il macigno,\nforse lo romperà!	Se você guiá-lo até a rocha,\ntalvez ele consiga quebrá-la?	¿Por qué no lo atraemos y hacemos\nque le pegue a esa roca?	Vielleicht zerbricht er den Fels-\nbrocken, wenn du ihn drüberführst?	Jeśli poprowadzisz go do tego głazu,\nmoże przebije się przez skałę?	如果你把他引到岩石旁，他或許能打碎石頭？	Eğer onu kayanın üzerinden geçirirsen\nbelki kayayı kırabilir?	Om du leder han över stenblocket,\nså kanske han kan bryta igenom stenen?	Замани его за собой,\nчтобы он сломал эту скалу!
din_flower_hint_so	I can't hit it when the flower is closed!		花が閉じるときには\n攻撃が当たらないみたいだぜ	¡Cuando la flor está cerrada, mis ataques no le afectan!	Je ne peux pas l'atteindre quand la fleur est fermée !	Non posso colpirlo quando è chiuso!	Eu não consigo acertá-lo quando a flor está fechada!	¡Si la flor se cierra, mis ataques no le dañarán!	Ich kann es nicht treffen, wenn die Knospe geschlossen ist.	Nie mogę go uderzyć, kiedy kwiat jest zamknięty!	花苞合起來時，我無法對它造成傷害！	Çiçek kapalıyken vuramam!	Jag kan inte träffa den när blomman är stängd!	Когда цветок закрыт, мои атаки бесполезны.
din_flower_hint_sh	Sonic, you can't hit it\nwhen the flower is closed!		花が閉じるときには\n攻撃が当たらないわソニック！	Sonic, ¡tus ataques no afectan a\nla flor si cierra sus pétalos!	Sonic, tu ne peux pas le toucher\nlorsque la fleur est close !	Sonic non puoi colpirlo\nquando è chiuso!	Sonic, você não consegue atingi-lo\nenquanto a flor estiver fechada!	¡Cuando la flor se cierra,\nno puede recibir ataques, Sonic!	Sonic, du kannst es nicht treffen, wenn die Blume geschlossen ist.	Sonic, nie dasz rady uderzyć tego kwiata,\ngdy jest zamknięty!	索尼克，當花苞合起來時，你是無法對它造成傷害的。	Sonic, çiçekler kapalıyken\nonlara vuramazsın!	Sonic, du kan inte träffa den\nnär blomman är stängd!	Когда цветок закрыт, твои атаки\nне помогут, Соник!
														
														
evil_foundry	Evil Foundry		イビル　ファウンドリー	Forja Maligna	Evil Foundry	Fonderia Maligna	Evil Foundry	Fundición Maléfica	Evil Foundry	Przeklęta Odlewnia	萬惡鑄造廠	Kötü Dökümhane	Ond Smedja	Плавильня зла
evil_foundry_description	Infiltrate a fortress of flames.		侵食された灼熱の城。	Infíltrate en una fortaleza ardiente.	Infiltre une forteresse de flammes.	Infiltrati nella fortezza fiammeggiante.	Invada uma fortaleza ardente.	Un castillo erosionado y calcinado.	Wage dich in den Hexenkessel.	Zinfiltruj twierdzę płomieni.	入侵充滿火焰的堡壘。	Alevlerden oluşan bir kaleye sız.	Infiltrera en fästning av eld.	Подвергшийся эрозии раскалённый замок.
														
evi_castle_sh	Is this a castle?		ここわお城？	¿Es esto un castillo?	Est-ce un château ?	È questo un castello?	Isso é um castelo?	¿Esto es un castillo?	Ist das ein Schloss?	Czy to jest zamek?	這是座城堡嗎？	Bu bir kale mi?	Är det här ett slott?	Мы во дворце?
evi_castle_so	Yeah, but it's no ordinary castle.		ただの城じゃあないみたいだぜ！	Sí, pero no uno cualquiera.	Ouais, mais pas n'importe quel château.	Sí, ma di certo non un castello comune.	Sim, mas não é qualquer castelo.	Pero no cualquier castillo.	Ja, anscheinend aber nicht so wie man es kennt.	Ta, ale nie byle jakiś tam zamek.	沒錯，但這不像是普通的城堡。	Evet ama sıradan bir kale değil.	Ja, men det är inget vanligt slott.	Похоже, это не простой дворец!
evi_golem_so	Woah, who's the big guy?		なんだ　あのでかいやつは！？	¡Hala!, ¿quién es ese grandullón?	Ouah, qui est ce colosse ?	Woah, Chi è il grosso tipo?	Uou, quem é o grandão?	¡¿Qué demonios es esa cosa tan enorme?!	Woah, kann man dir helfen Dicker?	Ło, co to za duży gościu?	哇那個大塊頭是誰？	Woah, bu büyük adam da kim?	Whoa, vem är den stora grabben?	Ого, что это за громадина?
evi_golem_sh	I've never seen a spirit get that big!		あんな大きなマジン　見たことない ！	¡Nunca había visto un espíruto tan grande!	Je n'ai jamais vu un esprit aussi grand !	Non ho mai visto uno spirito essere cosí grande!	Eu nunca tinha visto um espírito tão grande!	¡Nunca había visto un majin tan grande!	Ich habe noch nie so einen großen Geist gesehen!	Nigdy nie widziałam tak dużego ducha!	我從沒看過這麼大隻的精靈！	Bu kadar büyük bir ruh hiç görmedim!	Jag har aldrig sett en ande bli så stor!	Ни разу не видела такого\nогромного злого духа!
evi_elevator_sh	Sonic, look up!		ソニック　上をみて！	¡Sonic, mira hacia arriba!	Sonic, au-dessus !	Sonic guarda lassù!	Sonic, olha pra cima!	¡Sonic, mira arriba!	Sonic, schau nach oben!	Sonic, spójrz w górę!	索尼克，小心上面！	Sonic, yukarı bak!	Sonic, kolla upp!	Соник, посмотри наверх!
evi_elevator_so	Let's keep going, Shahra!		このままいくぜ！　シャーラ！	Sigamos adelante, Sharah!	Continuons, Shahra !	Continuamo ad andare Shahra!	Vamos continuar, Shahra!	¡Andando, Shahra!	Weiter geht's, Shahra!	Nie zwalniajmy Shahra!	夏拉，我們繼續走吧！	Devam edelim, Shahra!	Låt oss förtsätta, Shahra!	Пойду дальше вперёд, Шахра!
evi_factory_sh	This appears to be the center of the factory.		工場の中心部って感じね	Este parece ser el centro de la fábrica.	C'est sûrement le centre de l'usine.	Questo sembra essere il centro della fabbrica.	Este parece ser o centro da fábrica.	Parece el corazón de la fábrica.	Dies scheint das Zentrum der Fabrik zu sein.	To wygląda na centrum tej fabryki.	這裡似乎是工廠的中心。	Burası fabrikanın merkezi gibi görünüyor.	Det här verkar vara fabrikens centrum.	Мы как будто посреди завода.
evi_factory_so	Just what are they making here?		あのマジン\nここで作られていたのか？	¿Qué es lo que están fabricando aquí?	Mais qu'est-ce qu'ils fabriquent ici ?	Cosa faranno mai qui?	O que será que estão fabricando aqui?	¿Será aquí donde hacen los majin?	Was genau wird hier hergestellt?	Co oni tutaj mogą tworzyć?	這裡到底是在製造什麼東西？	Burada ne yapıyorlar?	Vad är det egentligen dem tillverkar här?	Тех злых духов создали здесь?
evi_vape_sh	Oh! The air is so hot in here!		うわ！　すごい熱気！	¡Buf! ¡Qué calor hace aquí!	Oh ! L'air est si chaud ici !	Oh! L'aria è cosí calda qui!	Oh! O ar está muito abafado aqui!	¡Guau! ¡Qué lugar tan candente!	Uff! Hier drinnen ist die Luft so stickig!	Oh! Powietrze jest tutaj takie gorące!	喔！裡面的空氣好熱！	Oh! Burada hava çok sıcak!	Oh! Luften är så het här inne!	Ох! Как тут жарко!
evi_vape_so	You're not going to evaporate,\nare you, Shahra?		シャーラ　溶けないように\n気をつけろよ！	No te irás a evaporar; ¿no, Sharah?	Tu ne vas pas t'évaporer, Shahra ?	Non inizierai ad evaporare,\nvero Shahra?	Você não vai evaporar, né Shahra?	¡No te vayas a derretir, Shahra!	Du wirst hoffentlich nicht gleich verdampfen, oder, Shahra?	Chyba nie wyparujesz,\nprawda Shahra?	夏拉，你不會蒸發不見吧？	Buharlaşmayacaksın\ndeğil mi Şahra?	Du kommer väll inte avdunsta,\neller hur, Shahra?	Шахра, будь осторожна, не расплавься!
evi_timer_sh	Hurry! We have to get out of here!		はやく　ここから脱出しなきゃ！	¡Rápido! ¡Hemos de salir de aquí!	Vite ! On doit sortir d'ici !	Sbrigati! Dobbiamo uscire da qui!	Rápido, temos que fugir daqui!	¡Tenemos que salir de aquí rápido!	Beeil dich! Wir müssen hier raus!	Pośpiesz się! Musimy się stąd wydostać!	快！我們得趕快離開這裡！	Acele et! Buradan çıkmalıyız!	Skynda! Vi måste ta oss härifrån!	Надо поскорее выбраться отсюда!
evi_timer_so	Let's go, Shahra!		急ぐぞ！　シャーラ！	¡Vamos, Sharah!	Allons-y, Sharha !	Andiamo Shahra!	Vamos nessa, Shahra!	¡Date prisa, Shahra!	Los geht's, Shahra!	Biegnijmy, Shahra!	夏拉，我們走！	Hadi gidelimi Shahra!	Kom igen, Shahra!	Погнали, Шахра!
evi_exit_sh	Sonic, it's just a little further!		あと少しよ！　ソニック！	¡Sonic, ya casi lo hemos logrado!	Sonic, c'est juste un peu plus loin !	Sonic ancora un pochino!	Sonic, é logo ali na frente!	¡Sólo un poco más, Sonic!	Sonic, das Ding geht gleich hoch!	Sonic, jeszcze tylko troszkę!	索尼克，很快就到了！	Sonic, birazcık daha ilerle!	Sonic, det är bara lite längre!	Ещё немного, Соник!
evi_exit_so	I think I see the exit!		出口はあそこか！	¡Creo ver la salida!	Je crois apercevoir la sortie !	Credo di vedere l'uscita!	Acho que tô vendo a saída!	¡Creo que veo la salida!	Da vorne ist der Ausgang!	Chyba widzę wyjście!	我好像看見出口了！	Sanırım çıkışı görüyorum!	Jag tror jag ser utgången!	Выход там!
														
evi_hint_furnace_so	That thing looks red hot!		あの赤いの\n触ったらわあつそうだな	¡Eso está incandescente!	Cet objet a l'air brûlant !	Quella cosa sembra proprio incandescente!	Aquela coisa deve estar fervendo!	Se ve que esa cosa roja está ardiendo.	Das Ding sieht glühend heiß aus!	To coś wygląda jakby parzyło!	那個東西看起來燙得好紅啊！	Şu şey çok ateşli görünüyor!	Den saken ser glödhet ut!	Этот бак, наверное, очень горячий...
evi_hint_furnace_sh	That red tank is far too hot to touch.		あの赤いタンク\n触ったら危ないわよ	Ese tanque rojo está demasiado\ncaliente como para tocarlo.	Ce réservoir est bien trop chaud\npour qu'on le touche.	Quel serbatoio rosso scotta troppo per toccarlo.	Esse tanque vermelho é quente demais para tocá-lo.	No toques ese tanque rojo, es peligroso.	Der rote Tank ist viel zu heiß, um ihn anzufassen.	Ten czerwony zbiornik jest zbyt gorący\nby go dotykać.	那個紅色的容器太燙了。	Şu kırmızı tank dokunulamayacak kadar sıcak.	Den röda pansarvagnen är alldeles för het för att röra.	Будь осторожен, не прикасайся\nк этому красному баку!
evi_hint_golem_so	His weak point should be someplace on top.		あいつの弱点は\n高い所にやるそうだな	Su punto débil debe de estar arriba.	Son point faible doit être quelque part en haut.	Il suo punto debole dovrebbe essere da qualche parte in su.	O ponto fraco dele deve estar lá em cima.	Se supone que su punto débil está arriba.	Seine Schwachstelle ist wahrscheinlich irgendwo oben.	Jego słaby punkt powinien być\ngdzieś na szczycie.	它的弱點應該在上面某個高處。	Onun zayıf noktasının üstlerde bir yerde olması gerek.	Hans svaga punkt borde vara någonstans på toppen.	Видимо, его слабое место\nнаходится высоко...
evi_hint_golem_sh	That creature's weak point is its head!		あのマジン頭が弱点みたいよ	¡Su punto débil es la cabeza!	La tête de cette créature est son point faible !	Il punto debole di quella creatura è la sua testa!	O ponto fraco daquela criatura é a cabeça!	La cabeza del majin es su punto débil.	Der Kopf ist der Schwachpunkt der Kreatur!	Słabym punktem tego stworzenia jest jego głowa!	那個怪物的弱點在它的頭部！	O yaratığın zayıf noktası kafası!	Den varelsens svaga punkt är dess huvud!	Похоже, слабое место этого\nзлого духа - голова!
evi_hint_golem_height_so	I should be able to reach his weak point\nif I can get up there!		高い所に上ればあいつの弱点を\nねらえるぜ！	¡Si soy capaz de llegar ahí arriba,\nalcanzaré su punto débil!	Je devrais pouvoir atteindre son point faible\nsi je monte là-haut !	Dovrei riuscire a raggiungere il suo punto debole\nse riuscissi ad arrivare lassù!	Talvez eu alcance o ponto fraco dele\nse eu conseguir subir até lá!	¡Si subimos lo suficiente,\npodemos llegar a su punto débil!	Ich muss da irgendwie hoch kommen, sonst treffe ich das Teil nie!	Powinno dać radę dostać się do jego\nsłabego punktu jeśli uda mi się tam wejść!	我如果能到上面就能擊中他的弱點！	Eğer oraya ulaşabilirsem onun\nzayıf noktasına ulaşabilirim!	Jag borde kunna nå hans svaga punkt\nom jag kan komma upp där!	Если заберусь повыше, то смогу\nприцелиться в его слабое место!
evi_hint_golem_height_sh	You can strike the creature\nin the head from someplace higher up.		高い所に上ればマジンの弱点を\nねらえるわ！	Puedes golpear la cabeza de ese\ngólem desde un lugar elevado.	Tu peux frapper la tête de\nla créature d'un endroit plus haut.	Puoi colpire la creatura\nsulla testa da un posto elevato.	Você pode atacar a criatura na cabeça\npor algum lugar elevado!	¡Si subes a un lugar elevado, podrás\napuntar al punto débil del majin!	Du kannst die Kreatur am Kopf schlagen, indem du die Sache von oben aus angehst.	Możesz uderzyć stworzenie w głowę,\njesli jesteś gdzieś wyżej.	你從高處攻擊就能擊中那個怪物的弱點。	Yaratığın kafasına daha\nyukarıdan vurabilirsin.	Du kan slå varelsen\ni huvudet från någonstans högre upp.	Если заберёшься повыше, сможешь\nнацелиться на слабое место злого духа!
evi_hint_golem_deflect_so	Maybe I can deflect those tanks\nhe's throwing at me!		あいつが投げてくるタンク\nはじきっかいせないかな	¡A lo mejor puedo desviar\nlos tanques que me lanza!	Je peux peut-être dévier ces réservoirs\nqu'il m'envoie !	Forse posso deflettere quei serbatoi\nche mi sta lanciando!	Acho que posso desviar dos tanques\nque ele está arremessando em mim!	Me pregunto si podré esquivar los\ntanques que me está lanzando.	Vielleicht kann ich die Tanks, die er mir zuwirft parieren!	Może da się odeprzeć te zbiorniki,\nktóre we mnie rzuca!	我或許能把那些容器打回去！	Belki bana fırlattığı tankları\nsavuşturabilirim!	Kanske jag kan avleda dem där pansarvagnarna\nhan kastar på mig!	Нельзя ли как-то бросить в него баки,\nкоторые он бросает в меня?
evi_hint_golem_deflect_sh	There might be a way to\ndeflect the tanks it's throwing.		どうにかしてあのタンク\nはじきっかいせないかしら	Quizás haya alguna manera de\ndesviar los tanques que lanza.	Il y a sûrement un moyen\n de dévier ces réservoirs.	Potrebbe esserci un modo per\ndeflettere i serbatoi che sta lanciando.	Talvez haja uma forma de\ndesviar dos tanques que ele está lançando.	Me pregunto si hay alguna forma\nde apartar esos tanques del camino.	Da gibt es bestimmt etwas, womit man die Tanks parieren kann.	Wydaje mi się, że jesteś w stanie\nodpić te zbiorniki, które w ciebie rzuca.	應該有辦法把它丟過來的容器打回去。	Fırlattığı tankları savuşturmanın\nbir yolu olabilir.	Det kanske finns ett sett att\navleda pansarvagnarna den kastar. 	Интересно, нельзя ли как-то\nбросить баки обратно в него?
evi_hint_tank_so	Maybe I can hit the tanks\nwith a Homing Attack!		あのタンク　ホーミングアタックで\n飛ばせないかな	¡Quizás pueda golpear los tanques con un Ataque Teledirigido!	Peut-être que je peux toucher les réservoirs\n avec une Attaque Téléguidée !	Forse posso colpire i serbatoi\ncon un Attacco a Ricerca!	Acho que posso atingir os tanques\ncom um Ataque Teleguiado!	¿Podré atacar los tanques con un Ataque teledirigido?	Vielleicht kann eine Homing Attack die Tanks parieren!	Może mogę uderzyć zbiorniki\nAtakiem Naprowadzającym!	我或許能對那些容器使出追蹤攻擊！	Belki tanklara bir\nGüdümlü Saldırı ile vurabilirim!	Kanske jag kan träffa pansarvagnarna\nmed en Homingattack!	Нельзя ли что-то сделать с баками\nс помощью Самонаводящейся атаки?
evi_hint_tank_sh	Maybe you can hit the tanks\nwith a Homing Attack!		あのタンク　ホーミングアタックで\n飛ばせないかしら？	¡Puedes golpear los tanques con tu Ataque Teledirigido!	Peut-être que tu peux toucher\les réservoirs avec une Attaque Téléguidée !	Forse puoi colpire i serbatoi\ncon un Attacco a Ricerca!	Talvez você possa atingir os tanques\ncom um Ataque Teleguiado!	¿Podrás atacar los tanques con un Ataque teledirigido?	Könntest du die Tanks mit einer Homing Attack treffen?	Może spróbujesz uderzyć te zbiorniki\nAtakiem Naprowadzającym?	你或許能對那些容器使出追蹤攻擊！	Belki tanklara bir\nGüdümlü Saldırı ile vurabilirsin!	Kanske du kan träffa pansarvagnarna\nmed en Homingattack!	Интересно, нельзя ли что-то\nсделать с этими баками с помощью\nСамонаводящейся атаки?
evi_hint_door_so	I can probably break through here\nwith a Speed Break!		こいつはスピードブレーキで\n壊しそにないな	¡Con un Impulso, puede que\natraviese este obstáculo!	Je peux certainement passer\navec un Speed Break !	Posso probabilmente sfondare qua\ncon una Rottura della Velocità!	Acho que posso passar por aqui\ncom um Impulso Veloz!	Con un Speed Break podría romper esto.	Ich kann da wahrscheinlich mit Speed Break durchbrechen!	Pewnie mógłbym się tu przebić\nza pomocą Zrywu Pędu!	我或許能用速度突破衝出這裡！	Muhtemelen bir Hız Kırma\nile buradan geçebilirim!	Jag kan antagligen bryta igenom här\nmed en Fartbrytning!	Не думаю, что её можно сломать\nс помощью ускорения.
evi_hint_door_sh	A Speed Break should be able to\nsmash down this door.		このとびらはスピードブレーキで\n壊しそにないわね	Con un Impulso, debería ser capaz\nde tirar esta puerta abajo.	Un Speed Break pourrait\nenfoncer cette porte.	Una Rottura della Velocità dovrebbe riuscire a\ndistruggere questa porta.	Um Impulso Veloz deve ser capaz de\nquebrar essa porta.	Esta puerta se puede romper con un Speed Break.	Ein Speed Break würde reichen, um diese Tür zu zerschmettern.	Zryw Pędu powinien zniszczyć te drzwi.	用速度突破應該就能把這扇門打爛。	Bir Hız Kırma bu duvarı\nkırmaya yararlı olmalı.	En Fartbrytning borde kunna\nslå ner den här dörren.	Вряд ли эту дверь можно сломать\nс помощью ускорения.
evi_hint_propeller_so	I probably shouldn't touch\nthose propeller blades!		このプロペラ\n触らないようにしないとな	¡No creo que sea buena idea\ntocar esas helices cortantes!	Je ne devrais pas toucher\ces pales d'hélice !	Di sicuro non devo toccare\nquelle pale eliche!	Acho que não é uma boa\ntocar nessas hélices afiadas!	No debo tocar las hélices.	Ich sollte lieber nicht diese Propeller berühren!	Raczej nie powinienem dotykać\ntych ostrzy śmigłowych!	最好避開那些螺旋刀！	Muhtemelen o pervane\nkanatlarına dokunmamalıyım!	Jag borde antagligen inte röra\ndem där propellerbladen!	Постараюсь не трогать этот пропеллер.
evi_hint_propeller_sh	Don't touch the propellers!		このプロペラ\n触らないようにね	¡Evita las hélices!	Évite les pales d'hélice !	Non toccare le eliche!	Não toque nas hélices!	No toques las hélices.	Fasse die Propeller nicht an!	Nie dotykaj tych śmigieł!	別碰螺旋刀！	Pervanelere dokunma!	Rör inte propellerna!	Не трогай этот пропеллер!
evi_hint_levitate_so	I can use this to go up!		これを使って上に上れるぜ！	¡Con esto puedo llegar ahí arriba!	Je peux utiliser ça pour monter !	Posso usare questo per andare su!	Posso usar isso para ir lá pra cima!	¡Puedo usar esto para subir!	Ich kann das benutzen, um nach oben zu gelangen!	Mogę użyć tego, by się wznieść!	我能用這上去！	Bunu yukarı çıkmak için kullanabilirim!	Jag kan använda det här för att gå upp!	С его помощью можно залезть наверх!
evi_hint_levitate_sh	You can use this to go up.		これを使って上に上れそうよ！	Puedes usar esto para subir.	Tu peux te servir de ça pour monter.	Puoi usare questo per andare su.	Você pode usar isso para subir.	¡Puedes usar esto para subir!	Du kannst das nutzen, um nach oben zu gelangen.	Możesz użyć tego, by się wznieść.	你能用這上去！	Bunu yukarı çıkmak için kullanabilirsin.	Du kan använda det här för att gå upp!	Думаю, что с его помощью\nты сможешь залезть наверх!
evi_hint_homing_attack_so	I think I can get across using that machine!		あの機械を使って渡れそうだな！	¡Creo que puedo llegar al otro lado usando la maquinaria!	On dirait que je peux traverser en utilisant cette machine !	Penso che posso attraversare usando quel macchinario!	Acho que posso atravessar usando essa máquina!	¡Creo que puedo usar esa máquina para cruzar!	Ich denke ich kann mit dieser Maschine darüber!	Raczej dostanę się na drugą stronę\nużywając tej maszyny!	我應該能用那個機械跨過去！	Sanırım o makineyi kullanarak karşıya geçebilirim!	Jag tror jag kan ta mig över med den där maskinen!	Думаю, что смогу перебраться на ту\nсторону с помощью этого устройства.
evi_hint_homing_attack_sh	You can use a Homing Attack on that machine.		あの機械　ホーミングアタック\nできそうよ！	Puedes usar un Ataque Teledirigido en ese mecanismo.	Tu peux utiliser un Attaque Téléguidée sur cette machine.	Puoi usare un Attacco a Ricerca su quel macchinario.	Você pode usar um\nAtaque Teleguiado nesta máquina.	¡Parece que puedes usar un\nAtaque teledirigido en esa máquina!	Du kannst an der Maschine eine Homing Attack einsetzen!	Możesz użyć Ataku Naprowadzającego\nna tej maszynie.	你能對那個機械使出追蹤攻擊。	O makineye Güdümlü Saldırı kullanabilirsin.	Du kan använda en Homingattack på den där maskinen.	К тому устройству можно применить\nСамонаводящуюся атаку!
evi_hint_hot_so	Woah, that looks hot!		ぐわー\nこれはあつそうだな	¡Uf, eso pinta caliente!	Ouah, ça a l'air chaud !	WOAH, quel coso sembra bollente!	Uou, isso parece estar pelando!	Ugh, eso se ve caliente.	Hui, das sieht heiß aus!	Ło, to wygląda na gorące!	哇嗚，那看起來超燙！	Woah, sıcak gözüküyor!	Whoa, det ser hett ut!	Ого! А там, наверно, горячо!
evi_hint_hot_sh	That seems hot to the touch.		これは触ったらあつそうよ	Parece que está ardiendo.	C'est trop chaud pour le toucher.	Sembra troppo bollente per toccarlo.	Pelo visto parece estar bem quente.	Está muy caliente para que lo toques.	Da könnte man sich verbrennen.	To wygląda na gorące w dotyku.	那看起來燙到不行。	Dokunmak için sıcak gözüküyor.	Det verkar vara hett att at på.	Думаю, там очень горячо.
														
evi_boss_intro_so	You know, I've let you play around\nmore than enough for one day!		好き放題あばれやがって…\nちょいとオシオキが必要だな！	¿Sabes qué? ¡Creo que ya basta de tus juegecitos!	Tu sais, je t'ai assez laissé jouer\n pour aujourd'hui !	Sai, ti ho lasciato scorazzare troppo per un giorno!	Olha, já deixei você brincar\ndemais, já passou da hora!	Este chico es un descarriado...\n¡Démosle unas nalgadas!	Ich glaube, ich habe dich heute lange genug herumspielen lassen!	Wiesz, za długo pozwoliłem Ci\nsię bawić jak na jeden dzień!	我這一整天好像讓你玩得太開心了呢！	Biliyor musun, bir gün için\nseni yeterince oyaladım!	Du vet, jag har låtit dig leka\nmer än nog för en dag!	Не стыдно тебе так буянить?\nНадо бы тебя наказать!
evi_boss_intro_sh	Sonic, be careful!\nThe Ifrit is no child!		気をつけてソニーク！\nイフリートはコドモじゃないのよ！	¡Sonic, cuidado! ¡El Ifrit\nno es para tomárselo a guasa!	Sonic, sois prudent !\nL'Ifrit n'est pas un enfant !	Sonic sta attento!\nL'Ifrit non è affatto un bambino!	Sonic, cuidado!\nO Ifrit não é nenhuma criança!	¡Cuidado, Sonic! ¡Ese ifrit no es un niño!	Sonic, sei vorsichtig! Der Ifrit ist kein Kind!	Sonic, ostrożnie!\nIfrit nie jest żadnym dzieckiem!	對決！伊弗利特巨像！	Sonic, dikkatli ol!\nIfrit çocuk oyuncağı değil!	Sonic, var försiktig!\nIfriten är inget barn!	Будь осторожен, Соник!\nИфрит не маленький ребёнок!
evi_boss_prepare_sh	Ifrit, prepare yourself!		イフリート！\nカンネンしなさい！	Ifrit, ¡pretárate!	Ifrit, prépare-toi !	Ifrit, preparati!	Ifrit, prepare-se!	¡Ifrit, aplácate!	Ifrit, bereite dich vor!	Ifrit, szykuj się!	伊弗利特，儘管放馬過來吧！	Ifrit, kendini hazırla!	Ifrit, förbered dig!	Ифрит! Сдавайся уже!
evi_boss_hit_so	Yeah, how do you like that?\nNot so tough now, are you?		ＹＥＳ！どうだ敵ロボ？\n少しははんせいしたか？	¿Qué te ha parecido? Ya no te ves tan duro, ¿eh, Ifrit?	Alors, qu'est-ce que tu en dis ?\nOn fait moins le malin, maintenant ?	Bene, ti piace?\nNon fai più il gradasso, eh?	E aí, curtiu? Não é tão durão, né?	¡SÍ! ¿Qué te parece, robot?\n¿Aprendiste la lección?	Yeah, wie gefällt dir das?\nJetzt bist du nicht mehr so taff, was?	Ta, i co ty na to?\nNie jest z ciebie taki twardziel, co?	這樣如何呀？不是好像很厲害嗎？	Evet, bunu nasıl buldun?\nArtık o kadar da sert değilsin, değil mi?	Ja, hur gillar du det?\nInte så tuff nu, eller hur?	Да! Ну что, болван? Хоть немного\nподумал над своим поведением?
evi_boss_hit_sh	That's it! You found its weak point!		やった！\nやっぱりここが弱点だったのね！	¡Ahí está!\n¡Has encontrado su punto débil!	C'est ça ! Tu as trouvé son point faible !	Eccolo! Hai trovato il suo punto debole!	É isso! Você encontrou o ponto fraco!	¡Lo hiciste! ¡Sí es su punto débil!	Volltreffer! Du hast seinen Schwachpunkt entdeckt!	To jest to!\nZnalazłeś jego słaby punkt!	很好！你找到它的弱點了！	İşte bu! Zayıf noktasını buldun!	Det är det! Du hittade dess svaga punkt!	Ура! Это и правда было\nего слабым местом!
evi_boss_hit2_so	Stubborn little fella, isn't he?\nWell, OK, maybe not little.		しぶといヤツだな\nデカいだけのことはあるぜ！	Pero mira que es pesado... ¡En más de un sentido!	Il est têtu, ce petit gars !\nEnfin, pas si petit que ça...	Proprio un tipetto testardo, eh?\nBeh, OK, forse non un """tipetto""".	Bem teimoso esse nanico, né?\nTá, não tão nanico assim.	Es un chico muy rudo. ¡Bueno, no tan chico!	Hartnäckiger, kleiner Bursche, huh? Na ja, 'klein' wohl eher nicht...	Uparty maluch, co nie?\nCóż, okej, może nie taki maluch.	很頑固的小傢伙嘛！嗯…叫你小傢伙好像也不太對。	İnatçı ufaklık, değil mi?\nTamam, belki ufaklık değil.	Envis liten kille, eller hur?\nTja, okej, kanske inte liten.	Какой крепкий!\nХотя он скорее просто огромный!
evi_boss_hit3_so	Alright! Looks like it's almost\nlights out for you, big guy!		だいぶ効いてるみたいだな\nそろそろオネンネしてもらうぜ！	¡Ajá! ¡Pronto no nos darás más\nla lata, grandullón!	C'est bientôt terminé pour toi !	Bene! Sembra proprio che è\nquasi finita per te!	Beleza! Tá quase na\nhora de nanar, grandão!	Parece que funciona bien, ¿eh?\n¡Es hora de la siesta!	Tja, jetzt dreh' ich dir den Saft ab du Hänger!	Dobra! Wygląda na to, że dla\nCiebie zaraz pora spać, wielkoludzie!	好極了！大塊頭睡覺覺的時間快到囉！	Tamam! Sanırım senin için neredeyse\nışıklar söndü, koca adam!	Okej! Det verkar som att det nästan\när släckt för dig, store vän!	А это работает!\nПора отправить тебя баиньки!
evi_boss_defeat_so	Now I see why they tell you\nnot to play with fire.		火アソビが過ぎたようだな！	Ya veo por qué dicen que es\nmejor no jugar con fuego.	Je comprends pourquoi\non dit de ne pas jouer avec le feu.	Adesso capisco perchè ti dicono\ndi non giocare con il fuoco.	E é por isso que\nnão se deve brincar com fogo.	¡Y por eso no se juega con fuego!	Jetzt weiß ich, warum es heißt, dass man mit Feuer nicht spielen soll.	Już rozumiem czemu mówią,\nżeby nie bawić się ogniem.	難怪俗話說，玩火易自焚！	Şimdi neden ateşle oynamamam\ngerektiğini söylediklerini anlıyorum.	Nu förstår jag varför de säger att du\ninte ska leka med elden.	Игры с огнём закончились!
														
evi_hint_hand_sh	Maybe you should try attacking\nthe hands holding up its body?		あの　体を支えている手を攻撃したら\nけっこう効くんじゃないかしら？	¿Quizás deberías atacar las\nmanos que lo sostienen?	Essaie d'attaquer les mains\nqui soutiennet son corps.	Forse dovresti provare ad attaccare\nle mani che sorreggono il suo corpo?	Talvez você devia tentar\natacar as mãos que o sustentam?	¿No servirá atacar las manos\nque sostienen su cuerpo?	Vielleicht solltest du die Hände, die ihn stützen, angreifen?	Może spróbuj atakować\nręcę podtrzymujące jego ciało?	試試看攻擊把它身體支撐起來的雙手？	Belki vücudunu tutan ellere\nsaldırmayı denemelisin?	Kanske borde du försöka attackera\nhänderna som håller upp dess kropp?	Может, атаковать руки, которые\nподдерживают его тело?
evi_hint_head_sh	I sense a strong power coming\nfrom the light on the Ifrit's head.		イフリートの頭の光る部分に強い力を\n感じる…弱点はきっとそこよ！	Siento un gran poder proveniente de\nla luz de la cabeza del Ifrit.	La lumière qui jaillit de sa tête\nest la source de son pouvoir.	Percepisco un forte potere venire\ndalla luce nella testa dell'Ifrit	Eu sinto uma forte energia vindo\nda luz na cabeça de Ifrit.	Siento un gran poder en la parte brillante de la\ncabeza del ifrit... ¡Ese debe ser su punto débil!	Ich spüre eine starke Kraft, die vom Kopf des Ifrit ausgeht...	Wyczuwam silną moc pochodzącą\nod światła na głowie Ifrita.	我從伊弗利特頭頂上的光芒感覺到了強大的力量。	Ifrit'in başındaki ışıktan gelen\ngüçlü bir gücü hissediyorum.	Jag känner en stark kraft som kommer\nfrån ljuset på Ifrits huvud.	Я чувствую огромную силу\nв светящейся части головы Ифрита...\nДумаю, это слабое место!
evi_hint_head2_sh	Try to find some way to get the Ifrit\nto lower his head into range!		イフリートの頭を下へおろすには\nどうしたらいいのかしら？	¡Tienes que encontrar alguna manera\nde acercar su cabeza hacia ti!	Essaie de baisser la tête de l'Ifrit\npour qu'elle soit à portée.	Trova un modo per portare l'Ifrit\nad abbassare la sua testa per colpirlo!	Encontre uma maneira de fazer\na cabeça de Ifrit se aproximar!	¿Cómo podemos hacer que baje la cabeza?	Bring den Ifrit dazu, seinen Kopf zu senken, um ihn anzugreifen!	Znajdż jakiś sposób, żeby Ifrit\nopuścił głowę w zasięg!	想辦法讓伊弗利特的頭降落到攻擊範圍內！	Ifrit'in başını menzile sokmanın\nbir yolunu bulmaya çalış!	Försök hitta något sätt att få Ifriten\natt sänka huvudet inom räckhåll!	Интересно, что нужно сделать,\nчтобы наклонить вниз голову Ифрита?
evi_hint_laser_sh	It looks like the Ifrit's eye laser\nitself won't hurt you.		イフリートの　目のレーザー自体は\nさわっても大丈夫みたいね！	Parece que el ojo láser del Ifrit\nno te hace daño directamente.	L'oeil laser d'Ifrit ne devrait\npas pouvoir te faire de mal.	Sembra che i laser dagli occhi dell'Ifrit\nnon ti faranno male.	Parece que o laser ocular de Ifrit\nnão lhe causa dano diretamente.	¡Parece que puedes tocar el láser del ojo del ifrit!	Das Laserauge selbst kann dir scheinbar nichts anhaben!	Wygląda na to, że laser z oka Ifrita\nsam w sobie Cię nie skrzywdzi.	看樣子伊弗利特的眼睛雷射本身傷不了你。	Ifrit'in göz lazerinin sana\nzarar vermeyeceği anlaşılıyor.	Det verkar som att Ifrits ögonlaser\ni sig inte kommer att skada dig.	Осторожно! Постарайся не касаться\nлазеров из глаз Ифрита!
evi_hint_water_sh	As the Ifrit's body sinks,\nthe water level in the furnace rises.		イフリートが体を沈めると溶鉱炉の\n水面が上昇するわ！　気をつけて！　	Según el cuerpo del Ifrit se hunde,\nel nivel del agua sube.	Quand l'Ifrit s'enfonce, le niveau\nde l'eau monte dans la fournaise !	Se il corpo dell'Ifrit affonda,\nil livello dell'acqua della fornace si innalzerà.	Assim que o corpo de Ifrit afunda, o\nnível da água na fornalha sobe.	¡Conforme el ifrit se hunda, el nivel de agua\nen la fundición subirá! ¡Ten cuidado!	Wenn der Ifrit sinkt, steigt der Wasserpegel im Schmelzofen!	Im bardziej ciało Ifrita tonie,\ntym bardziej poziom wody w piecu rośnie.	伊弗利特的身體沉下去會讓熔爐的水面上升。	Ifrit'in bedeni battıkça,\nfırındaki su seviyesi yükselir.	När Ifrits kropp sjunker,\nstiger vattennivån i ugnen.	Когда Ифрит утонет, поднимется топливо\nплавильной печи! Будь осторожен!
														
levitated_ruin	Levitated Ruin		レビテイテッド　ルーイン	Ruinas Levitantes	Levitated Ruin	Rovine Levitate	Levitated Ruins	Ruinas Levitadas	Levitated Ruin	Lewitujące Ruiny	懸浮遺址	Havadaki Harabe	Leviterad Ruin	Парящие руины
levitated_ruin_description	A floating hall of the dead.		天空をさまよう墳墓。	Un mausoleo celeste.	Un mausolée flottant.	Un fluttuante mausoleo della morte.	Um salão flutuante dos mortos.	Un mausoleo a la deriva en el cielo.	Die schwebende Halle der Toten.	Unoszący się korytarz umarłych.	在天空徘徊的墳墓。	Ölülerin uçan salonu.	En flytande dödshall.	Гробница, парящая в небе.
														
lev_sinbad_so	Man, this Sinbad must\nreally be someone special.		シンドバッドひとりに\nやけに大げさだな	Guau, este Simbad tiene mucha\npinta de ser alguién importante.	Ce Sinbad doit vraiment\nêtre quelqu'un d'exceptionnel.	Cavolo, questo Sinbad deve\nessere proprio qualcuno di speciale.	Cara, esse Simbad deve ser\na última bolacha do pacote.	¿Y toda esta faramalla es para custodiar a Simbad?	Man, dieser Sindbad muss jemand ganz Besonderes sein.	Człowieku, ten Sinbad\nmusi być kimś specjalnym.	這個叫「辛巴達」的人肯定是大有來頭吧。	Adamım, bu Sinbad\ngerçekten özel biri olmalı.	Herregud, den här Sinbad måste\nverkligen vara någon speciell.	Как-то многовато всего\nдля одного Синдбада.
lev_sinbad_sh	Of course!\nHe's one of this world's heroes!		彼はこの世界では英雄てすもの！	¡Pues claro! ¡Es uno de los héroes de este mundo!	Évidemment !\nC'est un des héros de ce monde !	Ovviamente!\nÈ uno degli eroi di questo mondo!	Mas é claro! Ele é um dos heróis deste mundo!	¡Es que es un héroe en este mundo!	Aber klar! Er ist einer der Helden dieser Welt!	Oczywiście!n\Jest jednym z bohaterów tego świata!	當然了，他可是這個世界的英雄之一呢！	Elbette!\nO bu dünyanın kahramanlarından biri!	Självklart!\nHan är en av den här världens hjältar!	Потому что он герой в этом мире!
lev_end_so	Is that Sinbad?		あ　あいつがシンドバッド！？	¿Es ese Simbad?	Est-ce que c'est Sinbad ?	È quello Sinbad?	Aquele é o Simbad?	¡Ah! ¡¿Ese tipo es Simbad?!	Ist das Sindbad?	Czy to Sinbad?	他是辛巴達？	O Sinbad mı?	Är det Sinbad?	Это и есть Синдбад?
lev_end_sh	Ah! Over there!		あっ　あそこ！	¡Ah! ¡Mira allí!	Ah ! Par ici !	Ah! Di qua!	Ah! Por ali!	¡Ah! ¡Por allá!	Ah! Da drüben!	Ah! Tam!	啊！那邊！	Ah! İşte orada!	Ah! Där borta!	Мы на месте!
lev_rescue_so	Oh, come on...		やれやれ	Oh, venga ya...	Oh, allez...	Oh, andiamo...	Ah, qual é...	Por favor...	Meine Fresse...	Eh, no weż...	真是的……	Oh, hadi ama...	Oh, kom igen...	Да подожди ты!
lev_rescue_sh	Don't worry, Sinbad!\nWe'll rescue you!		シンドバッド様\nすぐにお助けします	¡No te preocupes, Simbad!\n¡Vamos a rescatarte!	Ne t'inquiète pas, Sinbad !\nOn va te sauver !	Non ti preoccupare Sinbad!\nTi salveremo!	Não se preocupe, Simbad! Nós vamos te salvar!	Gran Simbad, pronto acudiremos en su ayuda.	Keine Sorge, Sindbad! Wir retten dich!	Nie martw się, Sinbad!\nUratujemy Cię!	辛巴達別擔心！我們會把你救出來的！	Endişelenme, Sinbad!\nSeni kurtaracağız!	Oroa dig inte, Sinbad!\nVi kommer att räddar dig!	Господин Синдбад, мы вас сейчас спасём!
lev_rescue_kn	Yeah, any day now. Thanks.		おーい\n早いとこ頼むぜー	Pues ¡daos prisa!	Ouais, quand vous voulez. Merci.	Sí, da un momento all'altro. Grazie.	Antes tarde do que nunca. Obrigado.	Oigan, dense prisa, por favor.	Ja, na klar! Nur keine Eile!	Ta, już lada dzień. Dzięki.	拜託你們快一點，謝啦。	Evet, her an olabilir. Teşekkürler.	Ja, vilken dag som helst nu. Tack.	Эй, а можно побыстрее?
lev_seal_so	Hm. Well, let's get that\ntaken care of, then.		ふーん\nじゃあ　サクッと片付けるか	¡Hum! Ocupémonos de este asunto, entonces.	Hm. Bon, occupons-nous de ça.	Hm. Beh, occupiamocene allora.	Hm. Bom, então vamos dar um jeito nisso.	Jum. Bien, hagamos esto rápido.	Hm. Na ja, dann lass uns das mal erledigen.	Hm. Coż, w takim razie\nzajmijmy się tym.	哼。\n那就盡快解決掉吧。	Hm. Pekala, O zaman\nhadi bunu halledelim.	Hm. Nå, låt oss ta\nhand om det då.	Хм-м. Тогда постараюсь здесь\nбыстренько со всем разобраться.
lev_seal_sh	The device to break the seal\nshould be atop this tower.		この塔の屋上に封印を解く\n仕掛けがあるはずよ	El aparato para deshacer el sello\ndebería estar en la cima de esta torre.	L'appareil pour briser le sceau\ndevrait être au sommet de cette tour.	Il dispositivo per rompere il sigillo\ndovrebbe essere sopra quella torre.	O dispositivo para quebrar o selo\ndeve estar no topo desta torre.	Tiene que haber un mecanismo para abrir\nel candado en el techo de esta torre.	Das Gerät, welches das Siegel aufbrechen kann, sollte an der Spitze des Turms sein.	Urządzenie do złamania pieczęci\npowinno być na górze tej wieży.	打破封印的裝置應該在那座塔的上面。	Mührü kıracak cihaz bu\nkulenin tepesinde olmalı.	Anordningen för att bryta förseglingen\nborde vara ovanpå det här tornet.	На крыше башни должно быть что-то,\nчто поможет нам открыть клетку.
lev_directions_so	Okay, now what?		で、どうすりゃいいのさ	Bien... ¿Ahora qué?	Okay, et maintenant ?	Ok, e adesso?	Tá, e agora?	Bien, ¿qué debo hacer?	OK, und jetzt?	Okej, co teraz?	好，那我們現在要幹嘛？	Tamam, simdi ne?	Okej, nu då?	А что нужно сделать?
lev_directions_sh	Over there. The lever!		そのレバーを傾けて	¡Fíjate en esa palanca!	Là-bas ! Le levier !	Di là. La leva!	Ali. A alavanca!	Mueve esa palanca.	Da drüben. Der Hebel!	Tam. Ta dżwignia!	在那邊！是操縱桿！	Burada. Şalter!	Där borta. Spaken!	Вот тот рычаг!
lev_return_so	Huh? We're back\nto where we started.		あれ？もとの場所に戻ったぞ	¿Eh? Hemos vuelto\nal punto de partida.	Hein ? On est retourné au départ.	Eh? Siamo tornati\nda dove avevamo cominciato.	Hã? A gente voltou pro começo.	¿Qué? Volvimos a donde empezamos.	Hä? Wir sind ja wieder am Anfang.	Co? Jesteśmy tu\ngdzie zaczeliśmy.	奇怪？我們回到原點了。	Huh? Başladığımız\nyere geri döndük.	Huh? Vi är tillbaka\ndär vi började.	А? Обратно вернулись, что ли?
lev_return_sh	Okay, now we need to\nfind the next switch.		さっ　次のスイッチに向かいましょう	Vale, ahora tenemos que encontrar\nel siguiente interruptor.	Okay, trouvons le prochain interrupteur.	Ok, adesso dobbiamo\ntrovare il prossimo interrutore.	Ok, agora precisamos\nencontrar a próxima alavanca.	Bien, busquemos el próximo interruptor.	OK, jetzt müssen wir den nächsten Schalter finden.	Okej, teraz musimy\nznależć kolejny przycisk.	好，接著去找下個開關吧。	Tamam, şimdi bir sonraki\nanahtarı bulmamız gerekiyor.	Okej, nu måste vi\nhitta nästa strömbrytare.	Теперь отправляйся к следующему\nпереключателю!
lev_fun_so	Oh well. Guess we get to\nhave a little more fun.		しょうがないな\nもうちょっと付き合ってやるか	Vaya, pues parece que nos vamos a divertir un buen rato.	Bon, le plaisir dure un peu plus longtemps.	Oh beh. Immagino che ci\ndivertiremo un pochino di più.	É... Parece que a gente vai\nse divertir mais um pouco.	Bueno, parece que esto aún no se acaba.	Na dann kann der Spaß ja weitergehen!	No trudno. Przynajmniej możemy się\ntrochę dłużej pobawić.	好吧。看來能再多玩幾下呢。	Neyse. Sanırım biraz\ndaha eğleneceğiz.	Nåja. Antar att vi får\nha lite mer kul.	Ладно. Поработаю тут ещё немного.
lev_fun_sh	Fun?! Is that what all this is to you?		ちょっと！\nもしかして　楽しんでない？	¡¿Eh?! ¡No me digas que lo estás disfutando!	Tout ça n'est qu'une\npartie de plaisir pour toi ?!	Ci divertiremo?! Tutto questo per te è divertente?	Diversão? Isso tudo é diversão pra você?	¡Oye! ¿Acaso no te estás divirtiendo?	Spaß?! Begreifst du nicht den Ernst der Lage?	Bawić się?! Czy to wszystko dla Ciebie\njest tylko zabawą?	玩？！你對這一切都這麼想嗎？	Eğlence mi?! Senin için bütün bunlar eglence mi?	Kul?! Är det vad allt det här är för dig?	Эй! Ты тут развлекаешься что ли?
lev_eyes_so	Oh, that's right.\nI think I remember reading about that...		そういや\nそんな伝説の怪物がいたっけか	¡Oh!, cierto. Recuerdo haber leído sobre ello...	Oh, c'est vrai.\nJ'ai dû lire ça quelque part...	Oh, giusto.\nRicordo di averlo letto...	Ah, é verdade.\nEu lembro de ter lido sobre isso...	Ahora que lo pienso,\n¿ese no es un monstruo legendario?	Oh, stimmt. Ich glaube davon hab ich mal gelesen...	A, bez kitu.\nKojarze, że czytałem coś o tym...	喔，對了。我好像記得有讀過那個……	Ah, doğru.\nSanırım bununla ilgili bir şeyler okumuştum...	Oh, det stämmer.\nJag tror att jag minns att jag läste om det...	Кстати, это чудище было\nв каком-то рассказе?
lev_eyes_sh	Look out! The light from his eyes\ncan turn you to stone!		気をつけて！\n目が光ったら石化がくるわ	¡Cuidado! ¡El brillo de sus ojos puede convertirte en piedra!	Attention ! La lumière de ses yeux\npeuvent te pétrifier !	Attento! La luce dei suoi occhi\npuò trasformarti in pietra!	Cuidado! A luz dos olhos dele\npode te transformar em pedra!	¡Cuidado! Si te ve cuando\nsus ojos brillan, te petrificará.	Pass auf! Das Licht von seinen Augen kann dich versteinern!	Uważaj!\nŚwiatło z jego oczu zmieni Cię w kamień!	小心！被他的眼睛光線照到的話會被石化！	Dikkat et! Gözlerinden gelen\nışık seni taşa çevirebilir!	Se upp! Ljuset från hans ögon\nkan förvandla dig till sten!	Будь осторожен! Если глаза статуи\nзасветятся, ты окаменеешь!
lev_shield_so	My Homing Attack!\nIt won't work!		オレのホーミングアタックが効かないだって	¡No funciona mi Ataque Teledirigido!	Mon Attaque Téléguidée\nne fonctionne pas !	Il mio Attacco a Ricerca!\nNon funzionerà!	Meu Ataque Teleguiado!\nEle não funciona!	Mi Ataque teledirigido no funciona.	Meine Homing Attack!\nSie funktioniert nicht!	Mój Atak Naprowadzający\nnie działa!	我的追蹤攻擊居然對它沒用！	Güdümlü Saldırım!\nİşe yaramıyor!	Min Målsökande Attack!\nDen funkar inte!	Моя Самонаводящаяся атака...\nне сработала?
lev_shield_sh	He's protected by those winds!		あいつ　風を起こして不正だのよ	¡Lo proteje la fuerza del viento!	Il est protégé par ces bourrasques !	È protetto dai venti!	Ele está sendo protegido\npela força do vento!	Hace trampa usando el viento.	Er ist durch diesen Wind geschützt!	Jest chroniony przez te wiatry!	他被那些風保護著！	Rüzgarlar onu koruyor!	Han är skyddad av dem vindarna!	Он вызвал ветер и защитился\nс его помощью!
														
lev_hint_wind_so	Man, this wind is strong!\nIt's blowing me back!		スゴイ風だぜ\n吹き飛ばされそうだ！	¡Este viento me empuja hacia atrás!\n¡Casi no puedo avanzar!	Le vent est fort !\nIl me pousse en arrière !	Cavoli, questo vento è fortissimo!\nMi sta soffiando via!	Cara, que ventania!\nEla tá me jogando pra trás!	¡Qué viento tan fuerte! ¡Siento que me vuela!	Man, dieser Wind ist stark!\nIch komme kaum vorran!	O stary, ten wiatr jest silny!\nOdpycha mnie do tyłu!	風太強了吧！\n我要被吹走了！	Adamım, rüzgar güçlü!\nBeni geri itiyor!	Men, den här vinden är stark!\nDen blåser mig tillbaka!	Ветер очень сильный!\nМеня сейчас сдует!
lev_hint_wind_sh	The wind speed here is incredible!\nBe careful, Sonic!		スゴイ風圧ね吹き飛ばされないように\n気をつけてソニック！	¡La velocidad del viento es sorprendente!\n¡Ve con cuidado, Sonic!	La vitesse du vent est incroyable!\nSois prudent, Sonic !	La velocità del vento qui è fortissima!\nSta attento Sonic!	A força do vento aqui é impressionante!\nCuidado, Sonic!	¡La fuerza del viento es increíble!\n¡No vayas a salir volando, Sonic!	Hier weht ein unglaublich starker Wind! Sei vorsichtig, Sonic!	Ta prędkość wiatru tutaj jest niemożliwa!\nOstrożnie, Sonic!	這裡吹著很強勁的風！\n小心啊，索尼克！	Rüzgar hızı burada inanılmaz!\nDikkatli ol, Sonic!	Vindhastigheten här är otrolig!\nVar försiktig, Sonic!	Какой сильный ветер! Будь осторожен,\nСоник! Иначе тебя сдует!
lev_hint_gargoyle_so	Hey! That stone statue just moved!		おい！　あの石像　動いたぞ！	¡Oye! ¡Esa estatua acaba de moverse!	Hé ! Cette statue de pierre vient de bouger !	Ehi! Quella statua di pietra si è mossa!	Ei! Aquela estátua se mexeu!	¡Oye, esa estatua de piedra se movió!	Hey! Die Steinstatue hat sich gerade bewegt!	Hej!\nTa kamienna statua właśnie się poruszyła!	喂！那個石像剛才動了！	Hey! Şu taş heykel hareket etti!	Hej! Den stenstatyn rörde precis på sig!	Ой, эта статуя двигается!
lev_hint_gargoyle_sh	I think that stone statue just moved!		あの石像　今動いてみたい！	¡Creo que esa estatua se acaba de mover!	Je crois que cette statue vient de bouger !	Penso che quella statua di pietra si sia mossa!	Creio que aquela estátua de pedra\nacabou de se mexer!	¡Vi que esa estatua de piedra acaba de moverse!	Ich glaube die Statue hat sich gerade bewegt!	Ta kamienna statua właśnie się chyba poruszyła!	那個石像好像動了！	Sanırım şu taş heykel hareket etti!	Jag tror den stenstatyn rörde på sig precis!	Похоже, эта статуя сдвинулась...
lev_hint_petrify_sh	If you get turned to stone,\npress [button_action] repeatedly to break free!		石にされたら[button_action]を押して！\n石化を解くことができるわ！！	Si te convierten en piedra, pulsa repetidamente el\nbotón de Acción Especial para liberarte!	Si tu es pétrifié, appuie sur le Bouton d'Action pour te libérer !	Se vieni trasformato in pietra, premi il Tasto Azione per liberarti!	Se você virar pedra, use [button_action] para se libertar!	¡Si te petrifican, presiona [button_action] para romper la petrificación!	Wirst du versteinert, drücke wiederholt den Action-Knopf, um dich zu befreien!	Jeśli zostaniesz zamieniony w kamien,\npowtarzalnie wciskaj [button_action] by się wydostać!	如果你被石化了，按下動作鍵掙脫！	Taşa dönüşürsen, kurtulmak için Aksiyon Düğmesine bas!	Om du förvandlas till sten,\ntryck upprepade gånger på [button_action] för att bryta dig loss!	Если окаменеете, нажмите кнопку\nдействия, чтобы освободиться!
lev_hint_chase_so	You're not getting away!		逃がすか！	¡No escaparás tan facilmente!	Tu ne t'échapperas pas !	Tu non te ne vai!	Você não vai escapar!	¡No escaparás!	Mir entkommst du nicht!	Nigdzie nie się wybierzesz!	不會讓你逃走的！	Kaçmıyorsun!	Du kommer inte undan!	Не сбежишь!
lev_hint_chase_sh	After him, Sonic!		追ってソニック！	¡Ve tras él, Sonic!	Poursuis-le, Sonic !	Inseguilo Sonic!	Atrás dele, Sonic!	¡Persíguelo, Sonic!	Ihm nach, Sonic!	Za nim, Sonic!	追上它，索尼克！	Takip et onu, Sonic!	Efter honom, Sonic!	Догони его, Соник!
lev_hint_tag_so	Hey, if you want to play tag,\ngo do it someplace else!		鬼ごっこならヨソでやりな	¡Oye, no es momento de jugar al pillapilla!	Hé, si tu veux jouer au chat,\nfais-le ailleurs !	Ehi, se vuoi giocare ad acchiaparella\nfallo da un'altra parte!	Ei, se você quer brincar de pega-pega,\nvá brincar em outro lugar!	Ve a otro lado si quieres jugar a las atrapadas.	Wenn du Fangen spielen willst, bist du an der falschen Adresse!	Hej, jak chcesz się bawić w berka,\nidż to robić gdziekolwiek indziej!	欸，不要在這裡玩捉迷藏啦！	Hey, eğer ebelemece oynamak\nistiyorsanız başka yere gidin!	Hej, om du vill leka tafatt,\ngör det någon annanstans!	Если хочешь поиграть в догонялки,\nделай это в другом месте!
lev_hint_tag_sh	They just keep coming!		もー　きりがないわ	¡No dejan de aparecer más y más!	Ils n'arrêtent pas !	Continuano ad arrivare!	Eles não param de aparecer!	No parece tener fin.	Sie nehmen kein Ende!	Ciągle nadchodzi ich więcej!	有完沒完啊！	Gelmeye devam ediyorlar!	De bara fortsätter att komma!	Да им конца и края нет!
lev_hint_ivy_so	I can get across using the ivy.		ツタを使えば向こうに\n行けそうだな	Puedo cruzar usando la hiedra.	Je peux traverser grâce au lierre.	Posso attraversare usando la liana.	Eu posso atravessar\nusando a hera!	Podemos llegar hasta allá usando las lianas.	Ich kann da drüber, indem ich am Efeu schwinge.	Mogę tam dotrzeć używając tego bluszczu.	我可以用這個藤盪過去。	Sarmaşığı kullanarak karşıya geçebilirim.	Jag kan ta mig fram med hjälp av murgrönan.	Похоже, на другую сторону можно\nперебраться с помощью лиан.
lev_hint_ivy_sh	You can probably use\nthe ivy to get across.		ツタを使えば向こうに\n行けるんじゃないか？	Seguro que la hiedra te sirve para llegar al otro lado.	Tu peux sûrement traverser\ngrâce au lierre.	Puoi probabilmente usare\nla liana per attraversare.	Você provavelmente pode\nusar a hera para atravessar.	¿No se podría llegar hasta allá usando las lianas?	Nutze doch den Efeu, um auf die andere Seite zu kommen.	Pewnie możesz użyć bluszczu\nby się tam przedostać.	你應該可以用這個藤盪過去吧？	Sarmaşığı kullanarak\nmuhtemelen karşıya geçebilirsin.	Du kan förmodligen använda\nmurgrönan för att komma över.	Интересно, нельзя ли перебраться\nна другую сторону с помощью лиан?
lev_sandflow_so	If we can stop the sand flow,\nwe can probably walk across.		砂の流れを止められれば\n足場にできそうだな	Si logramos detener el curso de la arena,\nprobablemente podremos atravesarla.	Si on arrête l'écoulement du sable,\non pourra traverser.	Se riuscissimo a fermare il flusso di sabbia\npossiamo forse attraversare.	Se a gente parar a areia,\nacho que conseguiremos atravessar.	Si pudiéramos detener el flujo de arena,\npodríamos pasar por ahí.	Wenn wir den Sand-Fluss stoppen,\nkönnten wir da locker durch laufen.	Jeśli zatrzymamy przepływ piasku,\npewnie uda się tam przejść.	我們若能停止砂流，應該就可以跨過去了。	Kum akışını durdurabilirsek,\nmuhtemelen yürüyerek geçebiliriz.	Om vi ​​kan stoppa sandflödet,\nkan vi förmodligen gå över.	Если остановить поток песка,\nто будет точка опоры для ног.
lev_sandflow_sh	If we can stop the sand from flowing,\nwe could walk on it.		砂の流れを止められれば\n足場にできそうだけど	Si detenemos el flujo de la arena,\npodremos andar sobre ella.	Si on empêche le sable de s'écouler,\non pourrait marcher dessus.	Se riuscissimo a fermare la sabbia che fluisce\npotremmo camminarci.	Se nós pararmos o fluxo de areia,\npoderemos andar sobre ela.	Si pudiéramos detener el flujo de arena,\npodríamos pasar por ahí.	Wenn wir den fließenden Sand aufhalten, könnten wir darauf laufen.	Jeśli zatrzymamy przepływ piasku,\nbedzięmy mogli na nim chodzić.	我們若能停止沙子流動，應該就可以走上去。	Kumun akmasını durdurabilirsek,\nüstünde yürüyebiliriz.	Om vi ​​kan stoppa sanden från att rinna,\nkan vi gå på den.	Если остановить поток песка,\nто будет точка опоры для ног.
lev_hint_spikes_so	Huh! This is turning into some dogfight!		オレとドッグファイトでもしょってもか	¡Vaya! ¡Esto se está conviertiendo en un combate aéreo!	Ha ! On dirait une combat aérien !	Uh! Questa si sta trasformando proprio in una rissa!	Hã! Isso tá virando um combate aéreo!	¿Quieren volverlo una pelea aérea?	Ha! Ne richtige Luftschlacht hier!	Hm! To się zamienia w jakąś przepychankę!	哇！變成在纏鬥了！	Hah! Bu bir tür it dalaşına dönüşüyor!	Huh! Det här håller på att bli ett slagsmål!	Хм, устроим с тобой воздушный бой?
lev_hint_spikes_sh	Woah! What's with the spikes?		なんなの\nこのしつっこいトゲ	¡Hala! ¿Y estos pinchos?	Ouah ! C'est quoi ces pointes ?	Woah! Cosa sono quegli spuntoni?	Uou! E esses espinhos?	¿Qué pasa con esas espinas tan molestas?	Woah! Was sind denn das für Stacheln?	Łał! O co chodzi z tymi kolcami?	哇！那個尖刺是怎樣？	Woah! Bu dikenler neyin nesi?	Woah! Vad är det med spikarna?	Ай! Что это за шипы такие?
lev_hint_lever1_so	Should I pull this lever?		このレバーを傾ければ良いのか？	¿Debería accionar esta palanca?	Devrais-je tirer ce levier ?	Dovrei tirare questa leva?	Será que eu devo puxar essa alavanca?	¿Basta con mover esta palanca?	Soll ich mal an diesem Hebel ziehen?	Mam pociągnąć tę dżwignię?	我應該拉這個操控桿嗎？	Bu şalteri çekmeli miyim?	Borde jag dra i den här spaken?	Надо наклонить этот рычаг?
lev_hint_lever1_sh	Pull that lever!		そのレバーを傾けて	¡Acciona la palanca!	Tire ce levier !	Tira quella leva!	Puxe essa alavanca!	Mueve esta palanca.	Ziehe den Hebel!	Pociągni tę dżwignię!	去拉那個操控桿！	Şu şalteri çek!	Dra in den spaken!	Наклони этот рычаг!
lev_hint_lever2_so	Two to go!		あと２つ	¡Quedan dos!	Encore deux !	Due giù!	Faltam duas!	Faltan 2.	Noch zwei!	Zostały dwie!	剩兩個了！	İki kaldı!	Två kvar!	Осталось ещё два!
lev_hint_lever2_sh	Two more!		あと２つ	¡Quedan dos más!	Plus que deux !	Ancora due!	Mais duas!	Faltan 2.	Zwei weitere!	Jeszcze dwie!	還有兩個！	İki daha!	Twå till!	Осталось ещё два!
lev_hint_lever3_so	Just one more to go!		あと１つ	¡Solo una más!	Il n'en reste plus qu'un !	Ne manca solo uno!	Falta apenas uma!	Falta 1.	Nur noch einer!	Została tylko jedna!	剩一個了！	Sadece bir kaldı!	Bara en kvar!	Остался один!
lev_hint_lever3_sh	One more!		あと１つ	¡Queda una!	Plus qu'un !	Ancora uno!	Mais uma!	Falta 1.	Ein weiterer noch!	Jeszcze jedna!	還有一個！	Bir daha!	En till!	Остался один!
lev_hint_lever4_so	Finished!		ＦＩＮＩＳＨ！	¡Hecho!	Terminé !	Finito!	Pronto!	¡Terminamos!	Geschafft!	Koniec!	結束！	Bitti!	Färdig!	Готово!
lev_hint_lever4_sh	That's the last one!		これで最後！	¡Esa es la última!	C'était le dernier !	Quello è l'ultimo!	Essa foi a última!	¡Es la última!	Das war der letzte!	To jest ostatnia!	這是最後一個了！	Bu sonuncusu!	Det är den sista!	Последний!
														
														
pirate_storm	Pirate Storm		パイレーツ　ストーム	Tormenta Pirata	Pirate Storm	Tempesta Pirata	Pirate Storm	Tormenta Pirata	Pirate Storm	Piracki Sztorm	海盜暴風	Korsan Fırtınası	Pirat Storm	Пиратский шторм
pirate_storm_description	Bandits roam through the tempest.		荒れ狂う海城と海賊団。	Forajidos navegan a través de la tempestad.	Des bandits errent à travers la tempête.	Banditi che vagano nella tempesta.	Bandidos rondam pela tempestade.	Un castillo en el furioso mar y piratas.	Ansturm der wilden Banditen.	Bandyci grasują wśrod nawałnic.	受海盜與暴風雨肆虐的海域。	Fırtınada haydutlar dolaşıyor.	Banditer strövar omkring i stormen.	Пираты и бушующий участок моря.
														
pir_opening_so	Well, so much for a vacation.		バカンスはおあずけってわけか	Hay mejores sitios para ir de vacaciones.	Eh bien, quelles vacances.	Beh, tanto per una vacanza.	É... férias por água abaixo.	Supongo que las vacaciones esperarán.	Tja, den Urlaub kann ich mir wohl abschminken.	Cóż, tyle by było z wakacji.	看來度假的美夢泡湯了。	Tatil için çok fazla.	Ja, så mycket för en semester.	Ну, в отпуск пока не поедем.
pir_opening_sh	The seas have turned stormy...		海が荒れてるわ…	El mar sí que está agitado...	La mer se déchaîne...	I mari sono diventati tempestosi...	O mar ficou bem agitado...	El mar está bastante agitado...	Ein Sturm zieht auf...	Oceany zrobiły się burzliwe...	開始下起暴雨了…	Denizler fırtınalı oldu...	Haven har blivit stormiga...	Море разбушевалось...
pir_cannon_event_so	Hey, check this thing out!		いいものがあるぜ！	¡Eh! ¡Fíjate en eso!	Eh, regarde ça !	Ehi, guard questa cosa!	Ei, saca só isso!	¡Esta cosa pinta bien!	Hey, check das mal ab!	Hej, obczaj to!	嘿，你看這玩意！	Hey, şu şeye bir bak!	Hej, kolla in den här grejen!	Ну хоть что-то хорошее!
pir_cannon_event_sh	Sonic, w-wait!		ちょっとソニック！	¡Sonic, e-espera!	Sonic, a-attends !	Sonic as-aspetta!	Sonic, e-espera!	¡Espera, Sonic!	Sonic, w-warte!	Sonic, c-czekaj!	索尼克，等一下啦！	Sonic b-bekle!	Sonic, v-vänta!	Стой, Соник!
pir_cannon_start_so	Hold on tight, Shahra!		振り落とされんなよ	¡Agarrate bien, Shara!	Accroche-toi, Shahra !	Tieniti forte Shahra!	Aguenta aí, Shahra!	No te vayas a caer.	Gut festhalten, Shahra!	Trzymaj się mocno, Shahra!	夏拉，抓緊囉！	Sıkı tutun, Shahra!	Håll i dig hårt, Shahra!	Главное, чтобы тебя не сбросило!
pir_cannonball_jump_so	Yahoo!		ひゃっほー！	¡Toma ya!	Yahoo !	YAHOO!	Yahoo!	¡Yyyaajúuu!	Yahoo!	Juhuu!	呀呼！	Yahoo!	Yahoo!	Йее-хуу!
pir_cannonball_end_so	See, now this is why\nI love coming to the ocean.		せっかくの海だ\n楽しんでいるこうぜ！	Ya ves, por esto me gusta\ntanto el océano.	Tu vois, c'est pour ça\nque j'adore la mer.	Vedi, è per questo\nche mi piace andare nell'oceano.	Viu só, é por isso que\neu gosto tanto do oceano.	¡Ya que estamos en el mar, disfrutémoslo!	Siehst du, deshalb bin ich immer gern am Meer.	Widzisz, dlatego właśnie\nkocham przychodzić do oceanu.	這就是我愛來大海玩的原因！	Bak, işte bu yüzden\nokyanusa gelmeyi seviyorum.	Se, det är därför\njag älskar att komma till havet.	Мы же на море!\nДавай насладимся моментом!
pir_cannonball_end_sh	Oh, you're so reckless!		もー　無茶なんだから！	¡Mira que eres temerario!	Oh, tu es si téméraire !	Oh, sei cosí spericolato!	Ah, você é tão imprudente!	¡Ash, eres un imprudente!	Ohh! Du bist so waghalsig!	Oh, jesteś taki lekkomyślny!	你也太亂來了！	Oh, çok pervasızsın!	Oh, du är så vårdslös!	Ох! Какой же ты безрассудный!
pir_grotto_so	Phew!		ひゅ～	¡Uf!	Pfiou !	Fiuu!	Ufa!	¡Fiu!	Puh!	Fiu!	呼！	Phew!	Phew!	Фух!
pir_grotto_sh	Ohh! It's so pretty!		うわ～，　キレイ…	¡Ohh! ¡Qué bonito!	Ohh ! C'est si beau !	Ohh, è cosí bello!	Uau! É tão bonito!	¡Guau, es hermoso...!	Ohh! Ist das schön!	Ooo! Jest tak pięknie!	喔！這好漂亮！	Ohh! Çok güzel!	Ohh! Den är så fin!	Ах, красота!
pir_surf_so	Okay, let's use this!		よし！　これを使うぜ！	¡Podemos aprovechar esto!	Okay, utilisons ça !	Ok, usiamo questo!	Beleza, vamos usar isso!	¡Bien! ¡Usemos esto!	Super! Lass uns das mal ausprobieren!	Okej, użyjmy tego!	好！就用這吧！	Tamam, hadi bunu kullanalım!	Okej, låt oss använda den här!	Отлично! Воспользуюсь этим!
pir_surf_sh	Are you kidding me?		そんな無茶な！	¿Lo dices en serio?	C'est une blague ?	Mi stai prendendo in giro?	Você tá falando sério?	¡Es muy arriesgado!	Machst du Witze?!	Ty chyba żartujesz?	你在跟我開玩笑嗎？	Dalgamı geçiyorsun benimle!	Skämtar du med mig?	Ты безрассудный!
pir_surf_jump1_so	Ha!		は！	¡Ja!	Ha !	Ah!	Há!	¡Ja!	Ha!	Ha!	哈！	Ha!	Ha!	Ха!
pir_surf_jump2_so	Whoa!		いやあ！	¡Vaya!	Ouah !	Whoa!	Uou!	¡Jía!	Woah!	Łał!	哇喔！	Whoa!	Whoa!	Ааа!
pir_surf_jump3_so	Yahoooo!		ひゃっほー！	¡Toma ya!	Yahoooo !	YAHOOOO!	Yahoooo!	¡Yajúu!	Yahoooo!	Juhuuuu!	呀呼！	Yahoooo!	Yahoooo!	Йее-хуу!
pir_plan_so	Hey, this is a piece of cake!		こんなの簡単さ	¡Es pan comido!	Hé, c'est du gâteau !	Questa è proprio una passeggiata!	Ei, isso foi molezinha!	¡Pan comido!	Hey, das ist ein Kinderspiel!	Hej, bułka z masłem!	嘿，簡單啦！	Hey, çantada keklik!	Hej, det här är en barnlek!	Это очень просто!
pir_plan_sh	Ah! Sonic, what are you doing?		うわわわ！　どうするのソニック？	¡Ah! Sonic, ¿qué hacemos ahora?	Ah ! Sonic, que fais-tu ?	Ah! Sonic, che stai facendo?	Ah! Sonic, o que você tá fazendo?	¡A-A-Ah...! ¡¿Qué vas a hacer, Sonic?!	Ah! Sonic, was machst du?	Ah!, Sonic, co ty robisz?	啊！索尼克，你在幹嘛？	Ah! Sonic, ne yapıyorsun?	Ah! Sonic, vad gör du?	А-а-а! Что будешь делать, Соник?
pir_doubt_so	Only one way to find out!		まっ！　やってみるかな	¡Ya se me ocurrirá algo!	On va vite le savoir !	Solo un modo per scoprirlo!	Só há um jeito de descobrir!	¡Ah! ¡Intentaré algo!	Nur ein Weg es herauszufinden!	Tylko jeden sposób by się dowiedzieć!	只能試試看了！	Bulmanın tek bir yolu var!	Bara ett sätt att få veta!	Ну, надо попробовать?
pir_doubt_sh	I don't know if this is a good idea, Sonic.		これはいくらなんでも	No creo que esta sea una buena idea, Sonic.	Je ne pense pas\nque ce soit une bonne idée, Sonic.	Non credo sia una buona idea Sonic.	Eu não sei se isso é uma boa ideia, Sonic.	Creo que eso es demasiado...	Ich weiß nicht, ob das so eine gute Idee ist, Sonic.	Nie wiem, czy to dobry pomysł, Sonic.	索尼克，我不確定這是個好主意。	Bu iyi bir fikir mi emin değilim, Sonic.	Jag vet inte om det här är en bra idé, Sonic.	Как бы там ни было...
pir_success_so	What did I tell ya?\nPiece of cake.		だから言ったろ？\n簡単だって	¿Qué te dije?\n^Pan comido.	Qu'est-ce que je disais ?\nTrop facile.	Cosa to ho detto?\nUna passeggiata.	Viu só? Molezinha.	¿Qué te dije? Pan comido.	Was hab ich dir gesagt?\nKinderspiel.	A nie mówiłem?\nBułka z masłem.	不是早跟你說過了？簡單啦。	Ne dedim sana?\nÇantada keklik.	Vad sa jag till dig?\nBarnlek.	Я же говорил, что это просто!
pir_success_sh	Sonic, that was incredible!		すごいなソニック！	¡Sonic, eso fue increíble!	Sonic, c'était incroyable !	Sonic, è stato incredibile!	Sonic, aquilo foi incrível!	¡Fue increíble, Sonic!	Sonic, das war unglaublich!	Sonic, to było niesamowite!	索尼克，你剛才好厲害！	Sonic, bu inanılmazdı!	Sonic, det var fantastiskt!	Молодец, Соник!
pir_treasure_so	Alright, let's find us some treasure!		さっ　お宝さがしてと行こうか	¡Venga, a la busca del tesoro!	Allez, partons à la chasse au trésor !	Bene, troviamo qualche tesoro!	Beleza, vamos à caça ao tesouro!	¡Bien, a buscar el tesoro!	OK, auf zur Schatzsuche!	W porządku, znajdżmy dla nas trochę skarbu!	好！我們去找寶藏吧！	Pekala, hadi biraz hazine bulalım!	Okej, låt oss hitta lite skatter!	А теперь пойдём искать сокровища!
														
pir_hint_slip_so	Uh-oh. I have almost no traction here.		おっと　ここはあんまり　はじに\nいかないほうがいいな	¡Vaya! Mis zapatillas no se agarran\nbien a este suelo.	Oh-oh. Je n'ai presque plus\naucun effet de frottement ici.	Oh-oh. Non ho trazione qua.	Opa. Eu quase não tenho tração aqui.	¡Ups! Un paso en falso y nos caemos.	Uh-oh. Ganz schön rutschig hier!	O-o. Strasznie tu jest ślisko!	糟了，在這裡行走幾乎沒有阻力。	Uh-oh. Burada neredeyse hiç tutunamıyorum.	Uh-oh. Jag har nästan inget fäste här.	Оп-па, здесь по краю лучше не ходить.
pir_hint_slip_sh	You should be careful walking through here.		ここは　なるべく　はじにいかない\nほうがいいわね！	Deberías tener cuidado atravesando este lugar.	Il faut faire attention lorsques tu marches ici.	Dovresti stare attento a camminare qua.	Você precisa tomar cuidado ao andar por aqui.	¡Es mejor si nos mantenemos lejos de las orillas!	Hier musst du ganz vorsichtig laufen.	Powinieneś uważać przechodząc tędy.	小心地跨越這裡吧。	Buradan geçerken dikkatli olmalısın.	Du borde vara försiktig när du går igenom här.	Здесь желательно не ходить по краю!
pir_hint_barrel_so	I can do a Homing Attack on that barrel!		あの樽　ホーミングアタック\nできそうだな	¡Puedo hacer un Ataque Teledirigido\nhacia ese barril!	Je peux faire une Attaque Téléguidée sur ce tonneau !	Posso fare un Attacco a Ricerca su quel barile!	Eu posso usar um Ataque Teleguiado naquele barril!	¡Creo que puedo usar el Ataque teledirigido en ese barril!	Ich kann eine Homing Attack auf dieses Fass anwenden!	Mogę użyć Ataku Naprowadzającego na tej beczce!	我可以對那個桶子使出追蹤攻擊！	Şu varile Güdümlü Saldırı yapabilirim!	Jag kan göra en Målsökande Attack på den tunnan!	Похоже, к этой бочке можно применить\nСамонаводящуюся атаку.
pir_hint_barrel_sh	It looks like you can do a\nHoming Attack on that barrel!		あの樽　ホーミングアタック\nできそうよ！	¡Parece que puedes hacer un\nAtaque Teledirigido hacia ese barril!	Tu peux utiliser une\nAttaque Téléguidée sur ce tonneau !	Sembra che puoi fare\nun Attacco a Ricerca su quel barile!	Parece que você pode realizar\num Ataque Teleguiado naquele barril!	¡Creo que puedes usar el Ataque teledirigido en ese barril!	An diesem Fass kannst du eine Homing Attack einsetzen!	Wygląda na to, że możesz użyć\nAtaku Naprowadzającego na tej beczce!	看樣子你可以對那個桶子使出追蹤攻擊！	Görünüşe göre şu varile\nGüdümlü Saldırı yapabilirsin!	Det ser ut som att du kan göra en\nmålsökande attack på den tunnan!	Ты можешь применить Самонаводящуюся\nатаку к этой бочке!
pir_hint_sword_so	I think I can do a Homing Attack\non the sword that's stuck there.		あの突き刺さった剣\nホーミングアタックできそうだな	Creo que puedo hacer un Ataque Teledirigido\nen la espada que está ahí clavada.	Je pense pouvoir utiliser une\nAttaque Téléguidée sur l'épée qui est coincée.	Penso che posso fare un Attacco a ricerca\nsulle spade che sono attaccate là.	Acho que posso fazer um Ataque Teleguiado\nna espada cravada ali.	¡Creo que puedo usar el Ataque teledirigido\nen las espadas clavadas!	Den Säbel am Mast da kann ich Homing Attacken.	Myślę, że mogę użyć\nAtaku Naprowadzającego na tym mieczu który tu utknął.	我覺得我可以對卡在那裡的劍使出追蹤攻擊！	Sanırım şu sıkışmış kılıca\nGüdümlü Saldırı yapabilirim!	Jag tror att jag kan göra en Målsökande Attack\npå svärdet som sitter fast där.	Похоже, к этому торчащему мечу можно\nприменить Самонаводящуюся атаку.
pir_hint_sword_sh	I think you can do a Homing Attack\non the sword that's stuck there.		あの突き刺さった剣\nホーミングアタックできそうよ！	Creo que puedes hacer un Ataque Teledirigido\nen la espada que está ahí clavada.	Tu dois pouvoir utiliser une\nAttaque Téléguidée sur l'épée qui est coincée.	Penso che puoi fare un Attacco a ricerca\nsulle spade che sono attaccate là.	Acho que você pode fazer um Ataque Teleguiado\nna espada cravada ali.	¡Creo que puedes usar el Ataque teledirigido\nen las espadas clavadas!	Ich glaube du kannst eine Homing Attack am Schwert dort einsetzen.	Myślę, że możesz użyć Atak Naprowadzający\nna tym mieczu który tu utknął.	你應該可以對卡在那裡的劍使出追蹤攻擊！	Sanırım şu sıkışmış kılıca\nGüdümlü Saldırı yapabilirsin!	Jag tror att du kan göra en Målsökande Attack\npå svärdet som sitter fast där.	Ты можешь применить Самонаводящуюся\nатаку к этому торчащему мечу!
pir_hint_horn_so	I think that thing's weak point is its horns.		あのマジン角が弱点みたいだな	Creo que el punto débil de esa\ncosa son sus cuernos.	Le point faible de cette chose doit être ses cornes.	Penso che il suo punto debole siano le sue corna.	Acho que os pontos fracos daquela coisa são os chifres.	Parece que el punto débil del majin son sus cuernos.	Ich denke der Schwachpunkt von dem Ding sind seine Hörner.	Myślę, że słaby punkt tego czegoś to jego rogi.	我覺得那玩意的弱點是它的角。	Sanırım onun zayıf noktası boynuzları.	Jag tror att den där sakens svaga punkt är dess horn.	Похоже, слабое место того\nзлого духа - его рога!
pir_hint_horn_sh	Its weak point seems to be its horns.		あのマジン角が弱点みたいね	Su punto débil parece ser sus cuernos.	Son point faible semble être ses cornes.	Sembra che il suo punto debole siano le corna.	O ponto fraco dele parece ser os chifres.	Parece que el punto débil del majin son sus cuernos.	Die Schwachstelle scheinen die Hörner zu sein.	Wygląda na to, że jego rogi to słaby punkt.	它的弱點好像是它的角。	Onun zayıf noktası boynuzları gözüküyor.	Dess svaga punkt verkar vara dess horn.	Наверно, слабое место того\nзлого духа - его рога!
pir_hint_shock_so	When he starts rattling like that,\nI probably shouldn't use my Homing Attack.		びりびりさせている時はホーミングアタック\nしないほうがよさそうだ	Creo que cuando está chispeante,\nno debería usar mi Ataque Teledirigido.	Quand il commence à faire du bruit,\nje ne devrais pas utiliser mon Attaque Téléguidée.	Quando inzia ad agitarsi in quel modo,\nNon credo che dovrei usare il mio Attacco a Ricerca.	Quando ele começa a sacudir assim,\né melhor eu não usar o meu Ataque Teleguiado.	Creo que es mejor no usar el Ataque teledirigido\nmientras se sacude.	Ich sollte mit meiner Homing Attack warten,\nbis er aufhört sich zu rütteln.	Jak zaczyna się tak grzechotać,\nraczej nie powinienem używać Ataku Naprowadzającego.	他開始像那樣抖動時，或許就不該用我的追蹤攻擊。	Böyle takırtılar çıkarmaya başladığında,\nmuhtemelen Güdümlü Saldırımı kullanmamalıyım.	När han börjar skramla så där,\nborde jag nog inte använda min Målsökande Attack.	При воздействии электрического тока,\nлучше не использовать Самонаводящуюся атаку.
pir_hint_shock_sh	Watch out. When you see him shuddering\nlike that, don't use your Homing Attack.		びりびりさせている時は\nホーミングアタックしちゃだめよ	Ten cuidado. Si lo ves temblar de esa forma,\nno uses tu Ataque Teledirigido.	Attention. Quand tu le vois frissonner\n,n'utilise pas ton Attaque Téléguidée.	Attento. Quando vedi che si agita in quel modo,\nnon usare il tuo Attacco a Ricerca.	Cuidado. Quando ver ele sacudindo assim, \nnão use o seu Ataque Teleguiado	No uses el Ataque teledirigido mientras se sacuda.	Aufgepasst! Wenn er zittert, darfst du deine Homing Attack nicht nutzen!	Uważaj. Jeśli widzisz że się tak trzęsie,\nnie używaj Ataku Naprowadzającego.	小心，你看他開始像那樣抖動時，就不要用你的追蹤攻擊。	Dikkat et. Onu böyle titrerken\ngördüğünde, Güdümlü Saldırını kullanma.	Se upp. När du ser honom darra\nsådär, använd inte din Målsökande Attack.	При воздействии электрического тока лучше\nне использовать Самонаводящуюся атаку!
pir_hint_blade_so	Think we can get through those?		こいつらの間を通れるかな	¿Crees que podremos esquivarlas?	Tu penses qu'on peut passer à travers ?	Pensi che riusciremo ad attraversare quelli?	Acha que conseguimos passar por aqui?	¿Crees que podamos pasar entre esas?	Denkst du, dass wir da durch können?	Myślisz że przejdziemy przez nie?	不知道可不可以通過這裡呢。	Bunların üstünden gelebileceğimizi düşünüyor musun?	Tror du vi kan komma igenom dem?	Получится ли пройти между ними?
pir_hint_blade_sh	We might be able to slip on through.		間をくぐっていけないかしら	Puede que lo consigamos.	Nous pourrions peut-être nous faufiler.	Potremmo essere in grado di scivolarci attraverso.	Talvez a gente consiga passar.	Tal vez podamos pasar entre ellas.	Vielleicht könnten wir hier durchschlüpfen.	Możemy być w stanie się tam prześlizgnąć.	我們或許溜得過去。	Belki biz de geçebiliriz.	Vi kanske kan slinka igenom.	Интересно, не получится ли\nпройти между ними?
pir_hint_cannonball_so	Gotta steer clear of those cannonballs.		飛んでくる弾に当たるとまずそうだ	Será mejor que esquive esas bolas de cañon.	Il faut rester loin de ces boulets de canon.	Meglio stare alla larga da quelle palle di cannone.	Tenho que desviar dessas balas de canhão.	No sería bonito ser golpeado por una bala de cañón.	Ich muss diese Kanonenkugeln vermeiden.	Trzeba uważać na te kule armatnie.	得避開那些砲彈。	O güllelerden uzak durmak lazım.	Måste hålla mig undan de där kanonkulorna.	Будет плохо, если в меня попадут снаряды!
pir_hint_cannonball_sh	Watch out for the cannonballs!		飛んでくる弾に気をつけて！	¡Cuidado con las bolas de cañon!	Attention aux boulets de canon !	Sta attento alle palle di cannone!	Cuidado com as balas de canhão!	¡Cuidado con las balas de cañón!	Pass auf die Kanonenkugeln auf!	Uważaj na kule armatnie!	小心砲彈！	Güllelere dikkat!	Se upp för kanonkulorna!	Летят снаряды! Будь осторожен!
pir_hint_surf_speed_sh	The wave is cresting! Speed up!		波が来るわ！　スピード上げって！	¡La ola está creciendo! ¡Acelera!	La vague monte ! Accélère !	L'onda si sta innalzando! Vai più veloce!	A onda tá crescendo! Acelera!	¡Aquí viene la ola! ¡Acelera!	Die Welle steigt! Werde schneller!	Fala szczytuję! Przyśpiesz!	浪要來了！快加速！	Dalga yükseliyor! Hızlan!	Vågen når sin topp! Öka farten!	Идёт волна!\nУвеличь скорость!
														
pir_boss_intro_so	Settle down! I need\nthat World Ring of yours!		おとなしくしな！　オマエの持ってる\n世界リングに　用があるんだ！	¡Tranquilízate! ¡Necesito\nese Anillo Secreto que tienes!	Reste-là ! J'ai besoin\nde ton Ring Monde !	Calmati! Ho solo bisogno\nDi quel Anello Mondiale che hai!	Calma aí! Eu preciso desse seu Anel do Mundo!	¡Alto ahí! ¡Necesito ese Anillo mundial que\ntienes en tus feas garras!	Hey du! Ich brauche\nden Weltenring, den du da hast!	Wyluzuj! Potrzebuje ten\nPierścień Świata który masz!	冷靜下來！我需要你的世界之戒！	Sakin ol! Senin Dünya\nYüzüğüne ihtiyacım var!	Lugna dig! Jag behöver\ndin Världsring!	Спокойно!\nМне нужно твоё Мировое кольцо!
pir_boss_intro_sh	Ohh! Now I don't know\nwhich one the pirate is!		んもう！　これじゃどっちが\n海賊だかわからないわ！	¡Vaya! ¡Pareces tú más pirata que él!	Oh ! Difficile de dire\n qui est le vrai pirate !	Ohh! Adesso non so\npiù chi è il pirata!	Ahh! Agora eu não sei qual deles é o pirata!	¡Ash! ¡Ahora esto parece una pelea entre piratas!	Ohh! Jetzt weiß ich nicht, wer von euch der Pirat ist!	Ahh! Teraz nie wiem\nkto tutaj jest piratem!	真是的！哪個才是海盜啊！	Aaa! Şimdi korsanın\nhangisi olduğunu bilmiyorum!	Ohh! Nu vet jag inte\nvilken piraten är!	Ох, я уже не понимаю, кто из них пират!
pir_boss_hit_so	Well, that did the trick!		おっと！　メチャクチャ効いてるな！	¡Parece que ha funcionado!	Ah, ça a marché !	Beh, ha funzionato!	Bom, pelo visto deu certo!	¡Uf, sí funciona!	Tja! Das hat gefunzt!	No, to załatwio sprawę!	嘿！這下有效了吧！	İşte bu işe yaradı!	Ja, det gjorde susen!	Оп-па! А это сработало!
pir_boss_hit_sh	Yes! Keep going!		やった！　どんどんいきましょ！	¡Sí! ¡Tú sigue!	C'est bien ! Continue !	Sì! continua!	Isso! Continue assim!	¡Sí! ¡Sigamos así!	Ja! Mach weiter so!	Tak! Tak trzymaj!	沒錯！繼續下去！	Evet! Devam et!	Ja! Fortsätt så!	Ура! Давай теперь остальные!
pir_boss_hit2_sh	One more horn gone!\nI almost feel bad for the poor guy.		また一本！　…でも　なんだか\n少しかわいそうな気もしてきたわね	¡Adiós a otro cuerno!\nHasta me da algo de pena.	Une corne de moins !\nJ'ai presque pitié pour lui.	Un altro corno fuori!\nMi sento un pò in pena.	Lá se vai mais um chifre!\nQuase fiquei com pena do coitado.	¡Otro más! ...aunque empiezo a sentir pena por él.	Ein weiteres Horn ist weg!\nHey, der Arme tut mir fast Leid.	Kolejny róg z głowy!\nPrawie mi szkoda biedaka.	一隻角又斷了！ 替它感到有些難過呢。	Bir boynuz daha gitti!\nZavallı adama neredeyse acıyacağım.	Ännu ett horn borta!\nJag tycker nästan synd om den stackars killen.	Ещё один! Но что-то мне\nдаже жалко его стало.
pir_boss_hit3_so	Just one horn left!\nTime to finish this thing off!		さあ残り一本！\n一本釣りも　これでオシマイか？	¡Solo queda un cuerno!\n¡Hora de acabar con esto!	Plus qu'une corne !\nIl est temps d'en finir !	Ancora un ultimo corno!\nÈ il momento di finirla!	Só falta um chifre!\nHora de acabar logo com isso!	¡Sólo falta uno! Casi se acaba la hora de pescar.	Nur noch ein Horn übrig!\nZeit die Sache zu Ende zu bringen!	Jeszcze jeden róg!\nCzas wykończyć to coś!	只剩一隻角了！ 該把這傢伙解決掉了！	Geriye sadece bir boynuz kaldı!\nBu işi bitirmenin zamanı geldi!	Bara ett horn kvar!\nDags att avsluta den här saken!	Остался один!\nЕщё один, и с ним будет покончено!
pir_boss_hit3_sh	It's not over yet, Sonic!\nStay sharp!		向こうも必死よ！\n油断しないでねソニック！	¡Esto aún no ha terminado, Sonic! ¡Mantente alerta!	Ce n'est pas encore terminé,\nSonic ! Reste sur tes gardes !	Non è ancora finita Sonic!\nSta attento!	Ainda não acabou, Sonic!\nContinue atento!	¡Se está desesperando! ¡No bajes la guardia, Sonic!	Es ist noch nicht vorbei, Sonic!\nBleib bei der Sache!	To jeszcze nie koniec, Sonic!\nBądż czujny!	索尼克，它還沒完喔！小心！	Henüz bitmedi, Sonic!\nKeskin kal!	Det är inte över än, Sonic!\nHåll dig skärpt!	Он в отчаянии! Будь начеку, Соник!
pir_boss_defeat_so	Hey, cheer up!\nThe horns will grow back...Eventually.		元気出せよ！　ツノくらい\nまた　生えてくるさ！	¡Eh, anima esa cara!\nSeguro que te vuelven a salir los cuernos.	Ne fais pas la tête ! Tes cornes\nrepousseront... un jour !	Ehi, non è così male!\nAlmeno le corna ti ricresceranno...Prima o poi.	Ei, relaxa! Os chifres vão crescer de novo... uma hora ou outra.	¡Anímate! ¡Tus cuernos volverán a crecer!	Hey, Kopf hoch!\nDie Hörner wachsen doch nach... Bestimmt.	Hej, głowa do góry!\nRogi ci odrosną... Kiedyś.	嘿，開心點嘛！角會再長回來的……總有一天啦。	Hey, neşelen!\nBoynuzlar tekrar çıkacak... Sonunda.	Hej, upp med hakan!\Hornen kommer att växa ut igen...Så småningom.	Да ладно тебе!\nРога когда-нибудь снова вырастут!
														
pir_hint_damage_sh	The source of power is its horns!\nThere must be something you can do!		あのツノが　ヤツの力の源みたいね！\nどうにかできないかしら．．．？	¡Los cuernos alimentan su poder!\n¡Debe haber algo que puedas hacer!	Son pouvoir vient de ses cornes !\nEssaie d'y faire quelque chose !	La fonte del suo potere sono le corna!\nDovrà esserci qualcosa che puoi fare!	A fonte de poder são os chifres!\nDeve haver algo que você possa fazer!	¡Sus cuernos parecen ser su fuente de poder!\n¿No podemos hacer algo al respecto...?	Seine Kraftquellen sind die Hörner!\nEs muss etwas geben, was wir tun können!	Żródło energii to jego rogi!\nMusi być coś, co możesz zrobić!	它的角是它的力量來源！肯定有什麼解決方法吧！	Gücünün kaynağı boynuzları!\nMutlaka yapabileceğin bir şey olmalı!	Kraftkällan är dess horn!\nDet måste finnas något du kan göra!	Похоже, что его источник силы - рога!\nМожно с ними что-нибудь сделать?
pir_hint_damage2_sh	Maybe there's a way to grab\nonto those horns and pull them out.		あのツノ　ひょっとしたら\nしがみ付けば引き抜けるんじゃない？	Quizás haya algún modo de agarrarse\na esos cuernos y arrancarlos.	On peut peut-être attraper\nces cornes pour les arracher ?	Forse c'è un modo di aggrapparsi\nsu quelle corna e tirarle fuori.	Talvez haja um jeito de agarrar\nos chifres e arranca-lós.	Esos cuernos... ¿podrás arrancarlos si te aferras a ellos?	Vielleicht kann ich irgendwie an seine Hörner gelangen, um sie herauszuziehen.	Może jest sposób by\nzłapać te rogi i je wyciągnąć.	說不定有辦法抓住那些角，然後把它們拔掉。	Belki o boynuzları tutup çekip\nçıkarmanın bir yolu vardır.	Kanske finns det ett sätt att ta tag\ni de där hornen och dra ut dem.	Если схватиться за рога,\nможет, получится их вырвать?
														
														
skeleton_dome	Skeleton Dome		スケルトン　ドーム	Domo Esquelético	Skeleton Dome	Cupola Scheletrica	Skeleton Dome	Domo Esquelético	Skeleton Dome	Kopuła Szkieletów	骷髏巨蛋	İskelet Kubbesi	Skelettkupol	Скелетный свод
skeleton_dome_description	A royal chamber hidden underground.		地下に隠された王家。	Una cámara real oculta en las profundidades.	Une chambre royale cachée sous terre.	Una camera reale nascosta nel sottosuolo.	Uma câmara real escondida nas profundezas.	La familia real está oculta bajo tierra.	Köngliche Gemächer unter Tage	Królewska komnata ukryta w podziemiach.	隱藏在地下的王室。	Yeraltında saklı bir kraliyet odası.	En kunglig kammare gömd under jorden.	Царский дом, спрятанный под землёй.
														
ske_snow_so	Something's...Coming down from the sky.		なにか　降ってあがる	Hay algo... cayendo del cielo.	Quelque chose... tombe du ciel.	Qualcosa... Sta cadendo dal cielo.	Tem algo... caindo do céu.	Algo está cayendo del cielo.	Irgendetwas... regnet vom Himmel.	Coś... Spada z nieba!	是什麼東西從天上降下來？	Gök yüzünden... Bir şeyler düşüyor.	Någonting... kommer ner från himlen.	Что-то падает...
ske_snow_sh	Snow? No...It's something else.		雪？　いや　違うわ…	¿Será nieve? No... Es algo diferente..	De la neige ? Non... c'est autre chose.	Neve? No... è qualcos'altro.	Neve? Não... isso é outra coisa.	¿Nieve? No. No es eso...	Schnee? Nein... Es ist was anderes.	Śnieg? Nie... To coś innego.	這是雪嗎？不對……這是別的東西。	Kar? Hayır... Başka bir şey.	Snö? Nej... Det är något annat.	Снег? Хотя нет...
ske_bones_so	These bones are giving me the creeps.		邪魔くさい骨だぜ！	Estos huesos me dan mala espina.	Ces os me donnent la chair de poule.	Queste ossa mi stanno dando i brividi.	Esses ossos tão me dando arrepios.	¡Vaya huesos perturbadores!	Das ist ja wie ein Friedhof hier.	Te kości przyprawiają mnie o dreszcze.	這些骨頭好令人毛骨悚然。	Bu kemikler beni ürpertiyor.	De här benen ger mig rysningar.	Как же мешают эти кости!
ske_bones_sh	We can probably use them to climb up.		この突き出ている骨を利用すれば\n上に登れるみたい!	Seguro que podemos usarlos para subir.	On peut sûrement les utiliser pour grimper.	Possiamo usare quelle per arrampicarci.	Acho que podemos usá-los para subir.	¡Parece que puedes trepar en ellos para subir!	Wir können damit vielleicht nach oben klettern.	Pewnie możemy ich użyć by się wspiąć.	我們或許能靠它們上去。	Bunları muhtemelen yukarı tırmanmak için kullanabiliriz.	Vi kan antagligen använda dem för att klättra upp.	По этим выступающим костям\nможно забраться наверх!
ske_femur_so	This doesn't seem very sturdy.		ボロボロじゃないか	No parece muy robusto.	Ça n'a pas l'air très solide.	Questo non sembra molto solido.	Isso não parece ser muito resistente.	Se está desmoronando.	Das scheint nicht sehr stabil zu sein.	To nie wygląda na zbyt stabilne.	這看起來一點也不堅固。	Bu pek sağlam görünmüyor.	Det här verkar inte särskilt robust.	Разбил кости вдребезги!
ske_femur_sh	Try breaking it with a Homing Attack!		ホーミングアタックで壊せそうよ！	¡Prueba a romperlo con un\nAtaque Teledirigido!	Essaie de le casser\navec une Attaque Téléguidée !	Prova a romperlo con un Attacco a Ricerca!	Tente quebrar isso com um Ataque Teleguiado!	¡Creo que puedes romperlo con un Ataque teledirigido!	Versuch mal, es mit einer Homing Attack kaputtzumachen!	Spróbuj zniszczyć to\nAtakiem Naprowadzającym!	試試看用追蹤攻擊破壞它。	Bunu bir Homing Attack ile kırmayı dene!	Försök att bryta den med en Målsökande Attack!	Надо разбить кости с помощью\nСамонаводящейся атаки!
ske_top_so	Want to try checking it out?		行ってみるかぃ？	¿Qué tal si echamos un vistazo?	Et si on allait voir ?	Vuoi provare a dargli un'occhiata?	Quer dar uma olhada?	¿Echamos un ojo?	Checken wir das mal ab?	Chcesz to sprawdzić?	要去瞧瞧看嗎？	Denemek ister misin?	Vill du prova att kolla in det?	Сходим?
ske_top_sh	These are huge!\nThere must be something up there!		うわぁ…大きいわねぇ…\n上に何かあるっかなぁ？	¡Son enormes!\nTiene que haber algo ahí arriba.	Ils sont énormes !\nIl doit y avoir quelque chose là-haut !	Queste sono gigantesche!\nDeve esserci qualcosa lassù!	Eles são enormes!\nDeve haver algo lá em cima!	¡Guau, son enormes! Me pregunto si habrá algo arriba.	Die sind ja riesig. Da oben muss irgendwas sein!	Te są ogromne!\nMusi coś tam na górze być!	好大喔！上面一定有什麼東西！	Bunlar çok büyük!\nYukarıda bir şey olmalı!	De här är enorma!\nDet måste finnas något där uppe!	Ого... какие эти кости большие...\nИнтересно, есть ли что-то наверху?
ske_fall1_so	It's not gonna be fun if we fall off this.		落ちたらひと止まりもないな	No me haría ninguna gracia caerme.	Ça ne vas pas être drôle si on tombe d'ici.	Non sarà divertente se cadremmo qua.	Não será nada divertido se cairmos daqui.	Si caemos, no hay de dónde agarrarnos.	Ein Fall von hier gibt mehr als nen blauen Fleck.	Nie będzie fajnie jesli z tego spadniemy.	摔下去就慘了。	Eğer bundan düşersek hiç eğlenceli olmayacak.	Det kommer inte bli kul om vi ramlar av den här.	Если упаду, то не смогу больше бороться!
ske_fall1_sh	Watch out, then.		気をつけてよ	Pues entonces, ten cuidado.	Sois prudent, alors.	Sta attento allora.	Então toma cuidado.	Ten cuidado.	Dann pass auf.	W takim razie uważaj.	那就小心點吧。	Dikkat et o zaman.	Se upp då.	Будь осторожен!
ske_fall2_so	Hey, you can trust me, okay?		俺がそんなどじふむかよって	Eh, confía en mí, ¿vale?	Eh, tu peux me faire confiance, tu sais ?	Ehi, ti puoi fidare di me, ok?	Ei, você pode confiar em mim, ok?	¿Me crees tan torpe?	Hey, du kannst mir vertrauen, OK?	Hej, możesz mi zaufać, okej?	嘿，相信我啦，好嗎？	Hey, bana güvenebilirsin, tamam mı?	Hej, du kan lita på mig, okej?	Не думаешь же ты, что я сделаю\nтакую ошибку?
ske_fall2_sh	Please don't fall.\nBe careful.		落ちたら危ないわよ\n慎重にね	Por favor, no caigas.\nTen cuidado.	S'il te plaît, ne tombe pas.\nAttention.	Attento a non cadere.	Por favor, não caia.\nTenha cuidado.	Ten cuidado, es peligroso si te caes.	Bitte stürze hier nicht ab.\nSei vorsichtig.	Proszę, nie spadnij.\nBądż ostrożny.	摔下去很危險的，小心點。	Lütfen düşme.\nDikkatli ol.	Snälla fall inte. Var försiktig.	Здесь опасно! Можно упасть!\nБудет осторожен!
ske_sword_so	You think you can hit me\nwith a slow attack like that?		あんな遅い攻撃　あたるかよ！	¿Pretendes acertareme con un ataque así de lento?	Tu penses pouvoir me toucher\navec une attaque si lente ?	Pensi di attacarmi\ncon un attacco così lento?	Você acha que vai me acertar\ncom um ataque lento desses?	¡No me golpearás con un ataque tan lento!	Glaubst du, dass du mich mit so einem lahmen Angriff treffen kannst?	Myślisz, że trafisz mnie\ntak wolnym atakiem?	用這麼慢的攻擊，怎麼可能打得到我？	Bana böyle yavaş bir saldırıyla\nvurabileceğini mi sanıyorsun?	Tror du att du kan träffa mig\nmed en sån långsam attack?	Слишком поздно атакуешь!
ske_sword_sh	Watch out for the two-handed sword!		両手の剣に気をつけてね！	¡Cuidado con la espada a dos manos!	Attention à l'épée à deux mains !	Sta attento allo spadone!	Cuidado com a espada de duas mãos!	¡Cuidado con sus dos espadas!	Pass auf das Breitschwert auf!	Uważaj na dwuręczny miecz!	小心雙劍！	İki elle kullanılan kılıca dikkat!	Se upp för det tvåhandiga svärdet!	Будь осторожен!\nУ него мечи в обеих руках!
ske_eyes_so	Thanks for the help, mister!		ご親切にありがたいねぇ～	¡Gracias por la ayuda, caballero!	C'est gentil, monsieur !	Grazie per l'aiuto signore!	Valeu pela ajuda, moço!	¡Qué amable de su parte!	Danke für die Hilfe, Freundchen!	Dzięki za pomoc, proszę pana!	這位先生，謝謝你的幫忙啦！	Yardımınız için teşekkürler efendim!	Tack för hjälpen, herrn!	Благодарю за твою доброту!
ske_eyes_sh	There's something about the eyes\nin this skull...		あの骸骨の目が\nヒントになってるっぽいよ？	Algo pasa con los ojos de\nesta calavera...	Les yeux de ce crâne\nont quelque chose...	C'è qualcosa di strano\nnegli occhi di questo scheletro...	Tem algo estranho com os olhos desse crânio...	Los ojos de esa calavera parecen ser una pista, ¿no?	Der Totenkopf hat so komische Augen...	Jest coś z tymi oczyma\nw tej czaszcze...	這個骷髏頭的眼睛好像哪裡怪怪的…	Bu kafatasının gözlerinde\nbir şey var...	Det är något med ögonen\ni den här skallen...	Подсказка кроется в глазах этих скелетов!
														
ske_treasure1_so	Whew! Alright, jackpot!		ひゅ～　取り放題だぜ	¡Guau! ¡El premio gordo!	Fiou ! Ok, jackpot !	Phew! Bene Jackpot!	Ufa! Beleza, jackpot!	¡Uf, a servirnos con la cuchara grande!	Puh! OK, Jackpot!	Fiu! Nieżle, jackpot!	呼！中獎囉！	Whew! Tamam, ikramiye!	Whew! Okej, jackpott!	Ого! Их тут полно!
ske_treasure2_so	Well, let's help ourselves to some goodies.		ちょっくらいただくとしますか！	Venga, recojamos unos cuantos anillos.	Eh bien, servons-nous.	Beh, godiamoci il dolce.	Bom, vamos pegar as nossas recompensas.	¡Démonos vuelo!	Heh, da könnte man glatt zulangen!	Cóż, pozwólmy sobie na jakieś dobroci.	那我們就不客氣囉。	Hadi gelin, kendimize biraz ikramda bulunalım.	Nåväl, låt oss förse oss med lite godsaker.	Возьму-ка я немного себе! 
ske_treasure1_sh	We've hit the jackpot!		お宝取り放題!	¡Nos ha tocado el premio gordo!	On a eu le jackpot !	Abbiamo fatto jackpot!	Fizemos um jackpot!	¡Tesoros a montones!	Wir haben das große Los gezogen!	Trafiliśmy jackpot!	我們中獎了！	Büyük ikramiyeyi kazandık!	Vi har vunnit jackpotten!	Тут полно сокровищ!
ske_treasure2_sh	Look, look!\nIt's full of treasure!		見て見て！\nお宝いっぱいだよ！	¡Mira, mira! ¡Está lleno de riquezas!	Regarde !\nC'est rempli de trésors !	Guarda, guarda!\nÈ pieno di tesori!	Olha, olha!\nTá cheio de tesouros!	¡Mira, mira! ¡Está lleno de tesoros!	Sieh nur! Alles voller Schätze!	Patrz, patrz!\nJest pełne skarbów!	你看你看！滿滿的寶物啊！	Bak, bak!\nHazine dolu!	Titta, titta!\nDen är full av skatter!	Посмотри! Здесь много сокровищ!
ske_tomb_so	Is this a tomb?		墓かこりゃ？	¿Es esto una tumba?	C'est une tombe ?	Questa è una tomba?	Isso é uma tumba?	¿Es una tumba?	Ist das eine Grabstätte?	Czy to grobowiec?	這裡是墓穴？	Bu bir mezar mı?	Är det här en grav?	Это кладбище, что ли?
ske_tomb_sh	It looks like some kind of arena.		闘技場にも見えるねぇ…	Parece algún tipo de arena.	On dirait une sorte d'arène.	Sembra una specie di arena.	Parece ser algum tipo de arena.	Parece una arena...	Es sieht eher nach einer Arena aus.	Wygląda jak jakaś arena.	怎麼看起來有點像是某種競技場	Bir çeşit arenaya benziyor.	Det ser ut som någon sorts arena.	Да и на арену похоже...
ske_king1_so	All right! Finally found it!		ようやく見つけだぜ	¡Bien! ¡Al fin lo encontré!	Parfait ! Enfin trouvé !	Bene! Finalmente trovata!	Beleza! Finalmente achei!	¡Por fin lo encontramos!	OK! Endlich gefunden!	Tak jest! W końcu znalazłem!	很好！終於找到了！	Tamamdır! Sonunda buldum!	Okej! Äntligen hittade det!	Наконец-то нашёл!
ske_king2_so	I'd almost rather it were\ndeserted at this point.		なにもこんな奥にいなくてもなぁ～	Casi que preferiría que este sitio\nestuviese desierto.	Je préférerais presque\nque ce soit désert.	Quasi quasi preferirei\nessere il dessert a questo punto.	Acho que seria melhor se aqui\nestivesse sem ninguém.	No era necesario arrinconarse tanto...	Langsam wäre es mir fast lieber,\nwenn der Laden hier leer wäre ...	Już bym wolał,\ngdyby było opuszczone.	走到這個地步，我差點寧願這裡被廢棄了。	Bu noktada neredeyse terk edilmiş\nolmasını tercih ederdim.	Jag skulle nästan hellre vilja att den\nvore öde vid det här laget.	Здесь ничего и никого нет...
ske_king1_sh	Quickly! We must find the king!		早く王様に会わなくちゃ！	¡Rápido! ¡Debemos encontrar al rey!	Vite ! Nous devons trouver le roi !	Veloce! Dobbiamo trovare il re!	Rápido! Precisamos achar o rei!	¡Tenemos que encontrar el rey rápido!	Schnell! Wir müssen den König finden!	Szybko! Musimy znależć króla!	快點！我們必須找到國王！	Çabuk! Kralı bulmalıyız!	Snabbt! Vi måste hitta kungen!	Надо поскорее встретиться с царём!
ske_king2_sh	King Solomon should be in here.		きっとここにソロモン王がいるのよ!	El rey Salomón debería estar aquí.	Le Roi Salomon devrait être ici.	Re Salomone dovrebbe essere qui.	O Rei Salomão deve estar aqui dentro.	¡Sin duda, el rey Salomón está aquí!	König Solomon muss hier drinnen sein.	Król Solomon powinien tu być.	所羅門王應該就在這裡了。	Kral Solomon'un burada olması gerekirdi.	Kungen Solomon borde vara här inne.	Царь Соломон наверняка тут!
														
ske_rampage_so	All right! Time to rumble!		マジン退治ねぇ～　おもしろい！	¡Venga! ¡Hora de pelear!	Bien !\nC'est l'heure de la bagarre !	Bene! È il momento di fare casino!	Beleza! Hora de mandar ver!	Exterminar majin... ¡Suena divertido!	Also gut, Let's Fetz!	Dobra! Czas na pojedynek!	好！是時候教訓這些傢伙了。	Tamamdır! Gürültü zamanı!	Okej! Dags att rumbla!	Надо побороть злых духов.\nА это интересно!
ske_rampage_sh	Don't get too careless!		あんまり　無理はしないてね！	¡No seas temerario!	Reste prudent !	Non essere troppo incosciente!	Não seja afobado!	¡No te exijas demasiado!	Nicht so übermütig!	Nie badż zbyt beztroski!	別太逞強了！	Çok fazla dikkatsiz olmayın!	Bli inte för slarvig!	Не слишком перетруждайся!
ske_switch_so	I hope we don't get\nthe next one wrong.		間違わないようにしないとな！	Espero que acertemos\ncon el siguiente.	J'espère que\nle prochain sera le bon.	Spero di non\nsbagliare la prossima.	Espero que a gente\nnão erre o proximo.	¡Tengamos cuidado de no equivocarnos!	Huh. diesmal nehme ich den richtigen.	Mam nadzieje,\nże następnego nie zgadniemy żle.	希望下個開關別選錯了。	Umarım bir sonrakinde\nyanılmayız.	Jag hoppas att vi inte\n gör fel nästa gång.	Главное - не ошибиться.
ske_switch_sh	That was it! Now for the next one!		正解みたいね！\n次いってみよー！	¡Bien hecho! ¡A por el siguiente!	C'est bon, passons au suivant !	È fatta! Adesso il prossimo!	Isso! Agora vamos ao próximo!	¡Era el correcto! ¡Vayamos al siguiente!	Das war's! Weiter mit dem Nächsten!	To było to! Teraz do następnego!	看來是正確的！再來找下一個吧！	İşte bu kadar! Şimdi sıradaki!	Det var allt! Nu till nästa!	Правильно сделал! Давай дальше!
ske_switch2_so	Okay, next switch!		ＯＫＡＹ！ＮＥＸＴ　ＳＷＩＴＣＨ！	¡Bien, siguiente interruptor!	Parfait, au prochain !	Ok, prossima leva!	Ok, próximo interruptor!	¡Okey! ¡Siguiente interruptor!	OK! Nächster Schalter!	Okej, kolejny przycisk!	好！下個開關！	Tamam, sıradaki değişim!	Okej, nästa strömbrytare!	Окей! Следующий переключатель!
ske_switch2_sh	Next!		次　次～	¡El siguiente!	Au suivant !	Prossimo!	Proximo!	Al siguiente...	Und zum nächsten!	Następny!	下個！	Sıradaki!	Nästa!	Дальше-дальше!
ske_switch_fail_so	Darn it! That was the wrong one!		くそ　ミスちまった	¡Porras! ¡Ese no era el correcto!	Mince ! C'était le mauvais !	Cavolo! Era quello sbagliato!	Droga! Escolhi o errado!	Mierda, nos equivocamos.	Mist! Das war der falsche Schalter!	Szlag! To nie był ten!	可惡！選錯了！	Kahretsin! Yanlış olanıydı!	Attans också! Det där var fel!	Чёрт! Я ошибся!
ske_switch_fail_sh	Seems like that was the wrong one.		まちがったみたいだね	Parece que ese no era.el correcto.	On dirait que ce n'était pas le bon.	A quanto pare era quello sbagliato.	Pelo visto, aquele era o errado.	Creo que nos equivocamos.	Scheint so, als wäre das der falsche gewesen.	Wygląda na to, że to nie był ten przycisk.	看樣子選錯了。	Sanırım yanlış olanı buydu.	Verkar som att det var fel.	Похоже, ты ошибся...
ske_revive_so	Are the dead coming back to life?		死者の復活ってすか	¿Los muertos están reviviendo?	Les morts reviennent à la vie ?	I morti stanno tornando in vita?	Os mortos estão voltando à vida?	¿Los muertos resucitan?	Die steh'n ja wieder auf! Sterben will gelernt sein, huh?	Czy martwi wracają do życia?	這些死者在復活嗎？	Ölüler yeniden mi diriliyor?	Kommer dem döda tillbaka till livet?	Воскрешение мёртвых?
ske_revive_sh	Oh, this is awful.		悪趣味ねぇ	Oh, que mal.	Oh, c'est terrible.	Oh questo è orribile.	Ah, isso é terrível.	Qué desagradable.	Oh, das ist grauenvoll.	Oh, to okropne.	真是低劣。	Oh, bu çok kötü.	Oh, det här är förfärligt.	Это ужасно...
ske_lots_so	Guess we have to get rid of them all!		全部けちらせんばいいんだろう	¡Supongo que toca desacerse\nde todos ellos!	On doit se débarasser d'eux !	Sembra che dobbiamo sbarazzarci di tutti loro!	Acho que vamos ter que acabar com todos eles!	Creo que tenemos que deshacernos de todos.	Schätze mal, dass wir sie alle loswerden müssen!	W takim razie trzeba się ich wszystkich pozbyć!	看樣子只能把它們都打倒了！	Sanırım hepsinden kurtulmamız gerekecek!	Antar att vi måste bli av med dem allihop!	Можно же их всех распинать?
ske_lots_sh	There's a ton of them!		いっぱい出てきたね…	¡Son muchos!	Il en y a un tonne !	Ce ne sono un sacco!	Há um montão deles!	Pero son muchísimos...	Eine ganze Schar!	Jest ich masa!	出現了好多人！	Bir sürü var!	Det finns massor av dem!	Как же их много!
ske_more_so	Whew! There's just more and more.		ひゅ～　次から次へとよくもまあ	¡Guau! Hay más y más.	Fiou ! Ça n'en finit pas.	Whew! Ce ne sono ancora e ancora.	Ufa! Só aparecem mais e mais.	¡Ugh! ¿Uno tras otro? ¡Qué descaro!	Puh! Es werden immer mehr.	Fiu! Jest ich coraz więcej i więcej.	呼！一個接著一個欸！	Whew! Daha da fazlası var.	Whew! Det blir bara mer och mer.	Один за другим, да как они смеют...
ske_more_sh	They don't seem to be\nsuch big fans of us though.		私のファンてわけじゃなさそうね	No parecen tenernos en\nmucha estima.	Ils n'ont pas l'air\nde nous apprécier.	Non sembrano essere\ngrandi fan di noi però.	Parece que eles não gostam muito da gente.	No creo que sean nuestros admiradores...	Sie scheinen etwas wichtiges zu bewachen.	Nie wyglądają mi na\nnaszych największych fanów.	他們看起來不太喜歡我們。	Ama bizim o kadar da büyük\nhayranlarımız gibi görünmüyorlar.	De verkar dock inte vara\nså stora fans av oss.	Они не похожи на моих фанатов.
ske_dome_so	So this is why they\ncall it the Skeleton Dome.		なるほど\nだからスケレトンドームか…	Así que por eso lo llaman\nel Domo Esquelético.	C'est pour ça qu'ils l'appelent le Dôme Squelette.	Ecco perchè la chiamano\nla Cupola Scheletrica.	Então é por isso que chamam\nde Skeleton Dome.	Ah, por eso se llama el Domo Esquelético...	Der Skeleton Dome macht seinem Namen alle Ehre.	To dlatego nazywają\nto Kopułą Szkieletów.	原來如此阿，這就是骷髏巨蛋命名的源由嗎？	İşte bu yüzden ona\nİskelet Kubbesi diyorlar.	Så det är därför de\nkallar det Skelettkupolen.	Теперь понятно, почему это место\nназывают Скелетным сводом!
ske_dome_sh	Wow, this place is huge!		大きいねぇ…	¡Hala, este sitio es gigantesco!	Wow, cet endroit est énorme !	Wow! Questo posto è gigantesco.	Uau, esse lugar é enorme!	Esto es enorme, ¿no?	Wow, ist das riesig!	Łał, to miejsce jest ogromne!	哇，這裡好大喔！	Wow, burası çok büyük!	Wow, det här stället är enormt!	Ого! Какое большое пространство...
														
ske_body_so	So, we've got to find his body, huh?		体を探せって言われてもな	Así que tenemos que encontrar\nsu cuerpo, ¿eh?	Alors, on doit trouver son corps ?	Qundi, dobbiamo trovare il suo corpo eh?	Então, precisamos achar o corpo dele, né?	Nos dijo que encontremos sus restos.	Wir müssen also den Rest seines Körpers finden, richtig?	Więc, mamy znależć jego ciało, co?	所以我們得去找他的身體嗎？	Yani cesedini bulmamız lazım, öyle mi?	Så, vi måste hitta hans kropp, huh?	Найти тело не так уж и легко...
ske_body_sh	I wonder where it is.		どこにあるにだろうねぇ…	Me pregunto dónde estará.	Je me demande où il est.	Mi domando dove sia.	Onde será que ele está?	Me pregunto dónde estarán...	Ich frage mich, wo er sein könnte.	Ciekawe gdzie ono jest.	到底會藏在哪裡呢？	Acaba nerededir?	Jag undrar var den är.	Где оно может быть?
ske_search_so	Well, the pieces have got to be somewhere.		そのうち見つかれさ	Bueno, en algún sitio tienen\nque estar sus huesos.	Eh bien, les morceaux doivent être quelque part.	Beh, i pezzi devono pur essere da qualche parte.	Bom, os pedaços precisam estar em algum lugar.	Ya los encontraremos.	Naja, die Teile sollten hier irgendwo sein.	Cóż, jego części muszą gdzieś tu być.	碎片肯定就在某處。	Eh, parçaların bir yerlerde olması lazım.	Nå, bitarna måste ju finnas någonstans.	Ну, думаю, что скоро найдётся...
ske_search_sh	Where should we search first?		どこ探せばいいんだろう	¿Dónde deberíamos buscar primero?	Par où commencer ?	Dove dovremmo iniziare?	Onde vamos procurar primeiro?	¿En dónde buscamos?	Wo sollten wir zuerst anfangen zu suchen?	Gdzie powinniśmy najpierw szukać?	那我們要先去哪裡找呢？	İlk önce nerede arama yapmalıyız?	Vart borde vi leta först?	Где лучше поискать?
ske_hand_sh	Sonic, follow that thing!		ソニック　あれ追いかけて！	¡Sonic, sigue a esa cosa!	Sonic, suis cette chose !	Sonic insegui quella cosa!	Sonic, siga aquela coisa!	¡Sonic, persigue esa cosa!	Sonic, folge diesem Ding!	Sonic, podążaj za tym czymś!	索尼克，快追上那個東西！	Sonic, o şeyi takip et!	Sonic, följ den där ringen!	Соник! Догони его!
														
														
night_palace	Night Palace		ナイト　パレス	Palacio Nocturno	Night Palace	Palazzo Notturno	Night Palace	Palacio Nocturno	Night Palace	Nocny Pałac	暗夜宮殿	Gece Sarayı	Natt Palatset	Ночной дворец
night_palace_description	Drifting across a dark, starry sky.		暗夜にうかぶ宮殿。	Déjate llevar por un cielo oscuro y estrellado.	Un palais voguant dans un ciel sombre et étoilé.	Alla deriva in un cielo oscuro, pieno di stelle.	Vagando por um céu escuro e estrelado.	Un palacio a la deriva de la oscuridad de la noche.	Am dunklen Sternenhimmel.	Dryfujący po ciemnym, rozgwieżdżonym niebie.	漂浮在黑夜中的宮殿。	Karanlık, yıldızlı bir gökyüzünde sürüklenmek.	Svävande över en mörk, stjärnbeströdd himmel.	Дворец, виднеющийся в тёмной ночи.
nig_opening_sh	So, this is where Erazor is...		ここにイレイザーが…	Así que aquí es donde reside Erazor...	C'est donc ici qu'Erazor se cache...	Quindi, è qua dove vive Erazor...	Então é aqui que o Erazor está...	Aquí se encuentra Erazor...	Das ist also, wo Erazor...	Więc to tutaj się ukrywa Erazor...	這就是伊萊薩的所在之處…	Demek Erazor'un yer burası...	Så, det är här Erazor är...	Эрейзор здесь...
nig_opening_so	Don't worry. We'll get him in no time!		あぁ…　すぐとっ捕まえてやるぜ！	¡Da por seguro que lo alcanzaremos en nada!	Ne t'inquiète pas.\nOn va le trouver rapidement !	Non preoccuparti. Lo prenderemo in tempo!	Relaxa, já já a gente alcança ele!	¡Ah, lo atraparemos rapidito!	Keine Sorge. Dem mach ich Beine!	Nie martw się. Znajdziemy go w mgnieniu oka!	別擔心。我們很快就會逮到他了！	Endişelenme. Onu hemen yakalayacağız!	Oroa dig inte. Vi får tag på honom på nolltid!	Ага... я его мигом схвачу!
nig_footing_so	This is about to come crumbling down!		崩れる寸前かよ！	¡El suelo se está desprendiendo!	Ça s'effondre !	Il suolo sta iniziando a cadere!	Isso está prestes a desmoronar!	¡Esto está por desmoronarse!	Das wird gleich zusammenbrechen!	To się zaraz zawali!	這裡要崩塌了！	Bu yıkılmak üzere!	Det här håller på att falla samman!	Вот-вот развалится!
nig_footing_sh	Hurry!		急いで！	¡Date prisa!	Vite !	Sbrigati!	Rápido!	¡Deprisa!	Beeile dich!	Szybko!	快啊！	Acele et!	Skynda!	Поторопись!
nig_footing2_sh	Hurry! Before it breaks!		急がないと崩れちゃうよ！	¡Rápido!; ¡antes de que se caiga!	Vite ! Avant que ça ne casse !	Muoviti! Prima che si rompi!	Rápido! Antes que desabe!	¡Rápido, antes de que se quiebre!	Beeile dich! Bevor es zusammenbricht!	Szybko! Zanim się zawali!	快啊！在它崩壞前！	Acele et! Yıkılmadan önce!	Skynda! Innan den går sönder!	Если не поторопишься, всё обвалится!
nig_footing2_so	I know, I know!		わーってるって！	¡Lo sé, lo sé!	Je sais, je sais !	Lo so, lo so!	Eu sei, eu sei!	¡Ya lo sé!	Ich weiß, ich weiß!	No wiem, wiem!	我知道啦！	Biliyorum, biliyorum!	Jag vet, jag vet!	Да знаю я!
nig_trap_sh	It's a trap! What do we do?		罠よ！　どうしよう…	¡Una emboscada! ¿Ahora qué hacemos?	C'est un piège ! Qu'allons-nous faire ?	È una trappola! Cosa facciamo?	É uma armadilha! O que faremos?	¡Es una trampa! ¿Qué hacemos?	Es ist eine Falle! Was nun?	To pułapka! Co robimy?	是陷阱！我們該怎麼辦？	Bu bir tuzak! Ne yapacağız?	Det är en fälla! Vad ska vi göra?	Это ловушка! Что же делать...
nig_trap_so	We just have to face it!		かまうもんか！	¡Solo tenemos que hacerle frente!	Il faut juste y faire face !	Dobbiamo solo affrontarlo!	Vamos ter que encarar!	¡Salir de ella!	Na reintappen! Was sonst?	Trzeba jakoś Sobie z tym poradzić!	不面對它不行了！	Onunla yüzleşmeliyiz!	Vi måste bara möta det!	Нечего беспокоиться!
nig_enemy_so	Well, guess it's time to rumble!		敵さんもいよいよってわけだ！	Entonces, ¡hora de pelear!	C'est l'heure d'une petite bagarre !	Beh, è il momento di scatenarsi!	Bom, acho que é hora de mandar ver!	¡El enemigo está listo para atacar!	Heh! Setzt gibt's Backenfutter, Jungs!	Cóż, chyba pora rozkręcić imprezę!	看樣子該來混鬥囉！	Hadi, artık harekete geçme zamanı!	Nåja, då är det väl dags att rumbla!	Скоро доберусь до врага!
nig_enemy_sh	Now of all times is when\nwe should stay on guard.		向こうも必死みたいわ！	Ahora más que nunca hemos\nde mantenernos en guardia.	C'est bien maintenant\nque tu dois être sur tes gardes.	Tra tutti i momenti è questo\nil quale dove dobbiamo stare in guardia.	Agora mais do que nunca, devemos ficar atentos.	¡Parecen desesperados!	Gerade jetzt sollten wir auf der Hut bleiben.	Teraz, bardziej niż kiedykolwiek,\npowinniśmy być czujni.	現在是我們最應該保持警覺的時候。	Şu an, her şeyden önce tetikte\nolmamız gereken zamandır.	Det är nu av alla tider som\nvi borde vara på vår vakt.	Он уже на пределе!
nig_carpet_sh	I guess next up,\nwe go for a walk on the air.		次は空の散歩？			E ora,\n facciamo una passeggiata in aria.	Acho que agora,\nvamos dar um passeio pelo céu.	¿Y ahora, un paseo por el cielo?	Als nächstes spazieren wir mal ein wenig im Himmel.	Wygląda mi to na spacer po powietrzu.		Sanırım sırada havada,\nyürüyüşe çıkmak var.	Jag antar att härnäst,\ntar vi en prommenad i luften.	А теперь прогулка по небу!
nig_carpet_so	This just keeps getting\nbetter and better.		なかなか　いきな事をするじゃないか！			La situazione non fa\n che migliorare.	Isso tá ficando cada vez melhor.	¡A eso se le llama estilo!	Das wird ja immer besser!	Robi się to coraz lepsze!		Bu durum gittikçe\ndaha da iyiye gidiyor.	Det här blir bara bättre\noch bättre.	А становится всё лучше и лучше!
nig_carpet2_so	Hey, check out the view!		絶景だねぇ！			Hey, guarda che panorama!	Ei, saca só essa vista!	¡Pero qué vista!	Hey, nette Aussicht!	Hej, obczaj ten widok!		Hey, manzaraya bak!	Hej, kolla in utsikten!	Какой красивый вид!
nig_carpet2_sh	Sonic, we don't have time\nfor sightseeing!		ゆっくりしてる暇はないわよ！			Sonic, non abbiamo tempo\n per fare i turisti!	Sonic, não temos tempo para \nadmirar a paisagem!	¡No podemos relajarnos ahora!	Sonic, wir haben keine Zeit Sterne zu beobachten!	Sonic, nie mamy czasu na\npodziwianie widoczków!		Sonic, gezip görmeye\nvaktimiz yok!	Sonic, vi har inte tid\nför en rundtur!	Нет времени смотреть по сторонам!
nig_entrance_so	He must be through here.		この先にいるんだな？			Dev'essere verso di qua.	Ele deve estar por aqui.	¿Está más adelante?	Er muss hier lang gekommen sein.	Musi być tutaj.		Buradan çıkmış olmalı.	Han måste vara här förbi.	Он должен быть здесь, да?
nig_entrance_sh	Indeed...		きっと…			 Certo...	Sim...	Sin duda...	Genau...	Racja...		Kesinlikle...	Verkligen...	Наверное...
nig_stretch_event_so	Woah, what the...?		な　なんだ？			Woah, ma che..?	Uou, mas o quê...?	¡¿Q-Qué...?!	Whoa, was zur...?	Łał, co do...?		Woah, buda ne...?	Woah, vad i...?	Ого... что?
nig_stretch_event_sh	The room...stretched!		部屋がのびたー！			La stanza...si è allungata!	A sala... se esticou!	¡La habitación se agrandó!	Der Raum... hat sich gestreckt!	Pokój... rozciągnął się!		Oda...gerildi!	Rummet...strechade!	Комната... стала длиннее!
nig_warp_sh	Something's come out.		なんか出てきたわよ…			Qualcosa è uscito.	Algo apareceu.	Algo salió...	Etwas kam da raus.	Coś wyszło.		Bir şey çıktı.	Någonting kommer ut.	Там что-то появилось...
nig_warp_so	Which means maybe we can go in!		ここに飛び込めってことか…			Il che vuol dire che forse possiamo entrare!	Ou seja, talvez a gente possa entrar!	¿Piensas que podríamos entrar entonces...?	Dann gehen wir rein!	To pewnie znaczy,\nże możemy teraz wejść!		Yani belki içeri girebiliriz!	Vilket betyder att vi kan gå in!	Видимо, надо запрыгнуть сюда!
nig_spirit_world_sh	Where could this be?		ここは？			Dove è questo posto?	Onde será que estamos?	¿Dónde estamos?	Wo sind wir nur gelandet?	Gdzie to może być?		Bu nerede olabilir?	Vart kan det här vara?	Что это за место?
nig_spirit_world_so	Are we really inside the palace?		本当に城の中なのか？			Siamo veramente dentro al palazzo?	Estamos mesmo dentro do palácio?	¿En serio esto está dentro del palacio?	Sind wir wirklich noch im Palast?	Serio jesteśmy w środku pałacu?		Gerçekten sarayın içinde miyiz?	Är vi verkligen inuti palatset?	Мы точно внутри дворца?
nig_gate_sh	The gate! It's fixed!		門が直ってく！			Il cancello! È riparato!	O portão! Está consertado!	¡La puerta está reparada!	Dieses Tor! Es hat sich repariert!	Brama! Jest naprawiona!		Kapı! Tamir edildi!	Grinden! Den är fixad!	Ворота восстановились!
nig_gate_so	Just what is this place?		なんでもありだな…			Che razza di posto è questo?	Que lugar é esse, afinal?	Todo es posible...	Was zum Geier geht hier eigentlich ab?	Czym jest to miejsce do licha?		Peki burası tam olarak neresi?	Vad är det här för plats egentligen?	В этом мире возможно всё...
nig_end_so	So, we're finally here.		ようやくここまで来たぜ！			Quindi, siamo finalmente arrivati.	Então, finalmente chegamos.	¡Por fin llegamos!	Okay, endlich durchgeschafft.	Więc, w końcu dotarliśmy.		İşte sonunda buradayız.	Så, vi är äntligen här.	Наконец-то добрались!
nig_end_sh	Stay confident. Let's go.		気を引き締めていきましょ！			Abbi coraggio. Andiamo.	Continue confiante. Vamos.	¡Sigamos concentrados y hagámoslo!	Die Stunde der Wahrheit ist gekommen...	Bądż pewny Siebie. Idżmy.		Kendine güven. Hadi gidelim.	Behåll självförtroendet. Låt oss gå.	Сосредоточься хорошенько!
nig_rampage_start_so	Okay, let's finish this!		さっさとやっちまおうか！			Okay, finiamola!	Beleza, vamos acabar com isso!	¿Terminamos con esto?	Okay, bringen wir es zu Ende!	Spoko, skończmy to!		Tamam, bitirelim şunu!	Okej, låt oss avsluta det här!	Давай поскорее покончим с этим!
nig_rampage_start_sh	Yes!		うん！			Si!	Sim!	¡Sí!	Ja!	Tak!		Evet!	Ja!	Да!
nig_lost_so	Where are we?		どこだここは？			Dove siamo?	Onde estamos?	¿Y ahora dónde estamos?	Wo sind wir?	Gdzie my jesteśmy?		Neredeyiz?	Vart är vi?	Где же мы?..
nig_lost_sh	I'm feeling something strange.		不思議な感じがするわね			Mi sto sentendo abbastanza strano...	Estou sentindo algo estranho.	¿No sientes algo extraño?	Ich fühle etwas seltsames.	Czuję coś dziwnego.		Garip bir şey hissediyorum.	Jag känner nått konstigt.	Тут как-то необычно.
nig_deja_vu_so	What's this feeling of déjà vu?		なんか　変な感じだな…			Cos'è questa sensazione di déjà vu?	Acho que já vi isso antes...	Algo se siente raro...	Ich krieg hier irgendwie ein Déjà-vu.	Czemu czuję déjà vu?		Bu deja vu hissi nedir?	Vad är det här för känsla av déjà vu?	У меня странное чувство...
nig_deja_vu_sh	Sonic! This is the wall\nfrom the room we were just in!		ソニック！\nここさっきの部屋の壁だよ！			Sonic! Questo è il muro\ndella stanza in cui eravamo poco fà!	Sonic! Essa é a parede \nda sala em que estávamos!	¡Esa es la pared de la habitación en la que estábamos!	Sonic! Das ist die Mauer von dem Raum\nin dem wir gerade waren!	Sonic! To jest ściana pokoju\nw którym przed chwilą byliśmy!		Sonic! Bu az önce içinde\nbulunduğumuz odanın duvarı!	Sonic! Det här är väggen\nfrån rummet vi just var i!	Соник!\nЭто стена комнаты, в которой мы были!
nig_spinning_room_sh	Is the room spinning?		部屋が回転した？			La stanza sta girando?	A sala está girando?	¿Gira la habitación?	Dreht sich der Raum etwa?	Czyżby pokój się obracał?		Oda mı dönüyor?	Snurrar rummet?	Комната перевернулась?
nig_spinning_room_so	Looks like it!		みたいだな！			Sembra proprio così!	Parece que sim!	¡Así parece!	Sieht ganz so aus!	Na to wygląda!		Öyle görünüyor!	Ser ut som det.	Похоже на то!
														
nig_boss_intro_so	I've been waiting to finish things\nwith you for a long time!		いい加減　決着をつけようと思ってたところだぜ。	¡Llevo mucho tiempo queriendo ponerle fin a tus fechorías!	Ça fait longtemps que\nje veux en finir avec toi !	Ho aspettato tanto per finire le cose con te!	Já faz um bom tempo que eu tô querendo acabar com você!	¡Ya es momento de ponerle fin a todo esto!	Ich hab mich schon drauf gefreut mit dir abzurechnen!	Od dawna chciałem\nzakończyć z tobą sprawy!	我想跟你做個了結已經想很久了！	Uzun zamandır seninle işleri bitirmeyi bekliyordum!	Jag har väntat länge på att\nfå avsluta saker med dig!	О, а я как раз думал о том, что нам\nс тобой уже пора разобраться!
nig_boss_intro_er	You filthy rat!\nI'll shut that mouth of yours permanently!		来るがいい！ドブネズミ！\n貴様の減らず口は聞き焼きさ！	¡Rata asquerosa! Me aseguraré de cerrarte el pico para siempre.	Sale vermine ! Je vais te faire taire\nà tout jamais.	Ratto schifoso! Ti chiuderò quella bocca per sempre.	Seu rato imundo! Vou calar essa sua boca para sempre.	¡Vamos, sucia rata!\n¡Hora de cerrarte el hocico para siempre!	Du dreckige Ratte! Ich stopf dir schon\nnoch dein vorlautes Mundwerk!	Ty paskudny szczurze!\nNa stałe zamknę ci tą gębę.	你這隻骯髒的老鼠！讓我把你那張嘴永遠閉上。	Pis fare! O ağzını sonsuza dek kapatacağım.	Din smutsiga råtta!\nJag ska stänga din mun för alltid!	Эй, ты, крыса, я уже устал слушать\nтвою болтовню!
nig_boss_grunt_er	Hmmph!		フンッ！	¡Jaaaa!	Hmmph !	Hmmph!	Hum!	¡Jum!	Hmmpf!	Hmmf!	哼嗯！	Hmmph!	Hmmph	Ха!
nig_boss_warn_er	Take this!		くらうがよい…！	¡Trágate esta!	Prends ça !	Prendi questo!	Tome isso!	¡Trágate esto!	Nimm das!	A masz!	接招！	Al bunu!	Ta det här!	Вот тебе!
nig_boss_warn_sh	Watch the way that Erazor\nswings his sword!		イレイザーの剣の動きをよく見るのよ！	¡Fíjate bien en cómo blande su espada!	Observe la façon dont\nErazor manie son épée !	Guarda la direzione in cui l'Erazor colpirà con la sua spada!	Observe como o Erazor balança a sua espada!	¡Presta atención a cómo mueve Erazor su espada!	Beobachte, wie Erazor sein Schwert schwingt!	Patrz w jaki sposób Erazor\nmacha mieczem!	注意伊萊薩是怎麼揮刀的！	Erazor'un kılıcını nasıl salladığına dikkat et!	Se hur Erazor\n svingar sitt svärd!	Следи за движением меча Эрейзора!
nig_boss_duel_er	Come, Sonic! And face me!		来い！　ソニック！　勝負だ！	¡Acércate, Sonic! ¡Enfréntate a mí!	Viens, Sonic ! Et affronte moi !	Vieni, Sonic! E affrontami!	Venha, Sonic! E me enfrente!	¡Vamos, Sonic! ¡Peleemos!	Los doch, Sonic! Komm nur her!	Chodż, Sonic! Zmierz się ze mną!	來吧，索尼克！跟我一決勝負吧！	Gel, Sonic! Ve benimle yüzleş!	Kom, Sonic! Och möt mig!	Иди сюда, Соник! Сразимся!
nig_boss_duel2_er	Come, you filthy rat! And face me!		来い！　ドブネズミ！　勝負だ！	¡Ven aquí, rata inmunda! ¡Da la cara!	Viens donc, vermine !\nAffronte moi !	Vieni, ratto schifoso! E affrontami!	Venha, seu rato imundo! E me enfrente!	¡Vamos, sucia rata! ¡Peleemos!	Komm, du dreckige Ratte! Und stell dich mir!	Chodż, ty paskudny szczurze!	來啊，你這隻臭老鼠！跟我一決勝負！	Gel, seni pis fare! Ve benimle yüzleş!	Kom, din smutsiga råtta! Och möt mig!	Иди сюда, крыса! Сразимся же!
nig_boss_duel_sh	Sonic, look out! You can't just rush him head on!	Be careful, Sonic! You can't just get away with that!	気をつけて、ソニック！ 真っ直ぐ突っ込んでも、やられるだけよ！	¡Cuidado, Sonic! ¡Atacarlo sin pensar no funcionará!	Sonic, attention !\nTu ne peux pas l'affronter 	Sonic, attento! Non puoi semplicemente attaccarlo frontalmente!	Cuidado, Sonic! Não vá pra cima dele assim!	¡Cuidado, Sonic! ¡Si te lanzas directamente,\nsólo conseguirás que te mate!	Vorsicht, Sonic!\nMit roher Gewalt kommst du hier nicht weiter!	Sonic, pilnuj się!\nNie możesz tak po prostu się na niego rzucać!	索尼克小心！你不能就這樣唐突衝向他！	Sonic, dikkat et! Ona öylece saldıramazsın!	Sonic, se upp! Du kan inte bara rusa rakt fram på honom!	Будь осторожен, Соник! Если ты его\nатакуешь в лоб, он тебя атакует в ответ!
nig_boss_duel_so	You want it, you got it!		のぞむところだ！	¡El que la busca, la encuentra!	Tu l'auras voulu !	Se lo vuoi, lo avrai!	Quem procura, acha!	¡Justo como lo quería!	Große Klappe, nichts dahinter!	Mówisz, masz!	想要的話，給你就是啦！	İstedin, aldın!	Du vill ha det, du har det!	С удовольствием!
nig_boss_duel_final_so	Time to finish you off once and for all!		ＹＥＳ！ そろそろの届目を刺させてもらうぜ！	¡Hora de acabar contigo de una vez por todas!	Il est temps d'en finir\nune fois pour toute !	È il momento di finirla una volta per tutte!	Hora de acabar com isso de uma vez por todas!	¡Sí! ¡Hora de dar el golpe final!	Jetzt mach ich dich fertig, du Freak!	Czas Cię wykończyć raz na zawsze!	是時候一勞永逸地解決掉你了！	Seni bir kez ve sonsuza dek bitirmenin zamanı geldi!	Dags att göra slut på dig en gång för alla!	Да! Нам пора с тобой\nнаконец-то разобраться!
nig_boss_duel_hint1_sh	(Better time your attack\nwhen he comes around.)		(向かってきたら　タイミングよく\nカウンターを狙ってみましょうよ)	(Espera al momento oportuno para atacar)	(Tu peux sûrement faire ton mouvement\nsi tu attends le bon moment.)	(Meglio attaccare al tempismo giusto la prossima volta.)	(Melhor sincronizar o seu ataque quando ele aparecer)	(Si te ataca, intenta contraatacar en el momento justo.)	(Du musst dich wehren wenn er auf dich zustürmt.)	(Lepiej wyczuj moment ataku,\ngdy się trochę przybliży).	（在他過來的時候，抓準攻擊的時機）	(Saldırını o geldiğinde yapman daha iyi olur.)	(Du måste tajma din attack\nnär han kommer runt.)	(Выберите момент для контратаки,\nкогда он приближается!)
nig_boss_duel_hint2_sh	(Slow down!)		(スピードを落として！)	(¡Ve más lento!)	(Ralentis !)	(Rallenta!)	(Devagar!)	(¡Más despacio!)	(Brems ab!)	(Zwolnij!)	（慢下來！）	(Yavaşla!)	(Sakta ner!)	(Снизьте скорость!)
nig_boss_duel_hint3_sh	(Time it carefully...\nHe's only open for a second!)		(よくタイミングをみて…一瞬よ)			(Vai al tempismo giusto...\nÈ scoperto solo per un secondo!)	(Aguarde o momento certo... \nEle fica vulnerável por um segundo!)	(Calcula su movimiento... Sólo tienes un momento.)	(Er ist so schnell, es ist fast unmöglich ihn zu treffen.)	(Wyczuj to ostrożnie...\nJest bezbronny tylko na sekundę!)		(Zamanlamayı iyi ayarlayın...\nSadece bir saniyeliğine açık kalacak!)	(Tajma det noggrant...\nHan är bara öppen i en sekund!)	(Выберите подходящий момент и...\nатакуйте!)
nig_boss_duel_hint4_sh	(It's one-on-one! Be ready to jump!)		(一騎打ちね！ジャンプの用意よ)	(Un uno contra uno; ¡prepárate para saltar!)	(Un contre un ! Prépare-toi à sauter !)	(È un uno contro uno! Si pronto a saltare!)	(É agora! Prepare-se para pular!)	(¡Es uno a uno! ¡Prepárate para saltar!)	(Es ist eins gegen eins! Mach dich bereit!)	(Jeden na jednego!\nBądź gotów do skoku!)	（這是一對一決鬥！準備好跳！）	(Bire bir! Zıplamaya hazır ol!)	(Det är en-mot-en! Var redo att hoppa!)	(Это дуэль! Приготовьтесь прыгнуть!)
nig_boss_hint_sh	(You can probably make your move with the right timing...)		(タイミングを合わせて\nカウンターを狙えないかしら…)			(Puoi probabilmente fare la tua mossa con il giusto tempismo...)	(Você provavelmente pode atacá-lo no momento certo...)	(Probablemente podrías buscar el momento\njusto para un contraataque.)	(Du brauchst das richtige Timing um ihn zu treffen...)	(Pewnie możesz wykonać swój ruch,\njeśli dobrze to wyczujesz.)		(Doğru zamanlamayla muhtemelen hamlenizi yapabilirsiniz...)	(Du kan förmodligen göra ditt drag med rätt timing...)	(Выберите момент для контратаки,\nкогда он приближается!)
nig_boss_hit1_so	Aha! It's working!\nNow I just have to keep that up!		ハン！　効いてそうだな\nまだまだいくぜ！	¡Ajá! ¡Funciona! ¡Solo tengo que seguir así!	Aha ! Ça marche ! Il ne faut pas\nque je me relâche !	Aha! Funziona! Devo solo continuare così!	Ahá! Tá funcionando! Agora é só manter o ritmo!	¡Ja! ¡Eso funcionó! ¡Sigamos así!	Aha! Treffer Nummer eins! Wie hat dir das gefallen?!	Aha! To działa!\nTeraz muszę tak trzymać dalej!	啊哈！奏效了！接下來我只要堅持下去就好！	Aha! İşe yarıyor! Şimdi devam etmeliyim!	Aha! Det fungerar!\nNu måste jag bara fortsätta så!	Ха! Похоже, это работает!\nПродолжу делать так же!
nig_boss_hit1_er	Ha! Insolent pest!\nYour feeble attacks cannot harm me!		ふん　くだらぬ\n一撃で　はしゃぎおって…！	¡Já! ¡Alimaña insolente! ¡No me afectan tus patéticos ataques!	Insolent ! Tes attaques d'amateur\nne peuvent rien contre moi !	Ah! Peste insolente! I tuoi attacchi non possono farmi del male!	Há! Praga insolente! Seus ataques fúteis não podem me ferir!	¡Jum, qué imbécil!\n¡Te emocionas por darme un golpecito!	Ha! Lästiger Plagegeist! Ist das schon alles, was du drauf hast?!	Ha! Bezczelny szkodniku! \nTwoje marne ataki nie mogą mnie drasnąć!	哈！你這隻無禮的害蟲！如此軟弱的攻擊是傷不了我的！	Ha! Küstah haşere! Senin zayıf saldırıların bana zarar veremez!	Ha! Oförskämda skadedjur!\nDina svaga attacker kan inte skada mig!	Ха, дерзкая крыса!\nТы не сможешь мне ничего сделать!
nig_boss_hit2_so	What's wrong, Erazor?\nYou don't look so good!		どうしたイレイザー\nどこか調子でも悪いのか？ 	¿Qué pasa, Erazor? ¡Se te ve mala cara!	Alors, Erazor ? Ça n'a pas l'air d'aller fort !	Che c'è Erazor? Non sembri in forma!	O que foi, Erazor? Você não tá com uma cara boa!	¿Qué pasa, Erazor? ¿Te duele algo?	Ha! Was los, Erazor? Du siehst gar nicht gut aus!	I jak tam, Erazor? Nie wyglądasz najlepiej!	怎麼啦，伊萊薩？臉色怎麼臭起來啦！	Sorun nedir Erazor? İyi görünmüyorsun!	Vad är det för fel, Erazor?\nDu ser inte så bra ut!	Что случилось, Эрейзор?\nПлохо себя чувствуешь?
nig_boss_hit2_er	Enjoy your moment of pride, rat.\nIt shall be your last!		図に乗るなよドブネズミ！\nお前の動きなど　すでに見切ったわ！	Disfruta de este momento, rata... ¡Será el último!	Savoure ton heure de gloire, vermine !\nCe sera la dernière !	Goditi questo momento di gloria ratto. Sarà il tuo ultimo!	Aproveite o seu momento de orgulho, rato. Pois será o seu último!	¡No te creas tanto, sucia rata!\n¡Ya conozco tus movimientos!	Genieß nur deinen Anflug von Hochmut, Ratte.\nEs wird dein letzter sein!	Ciesz się chwilą dumy, szczurze.\nBędzie ona twą ostatnią!	好好享受你最後一次短暫的榮耀吧，你這隻老鼠！	Gurur anının tadını çıkar, fare. Bu sonuncusu olacak!	Njut av din stolthet, råtta.\nDet ska bli din sista!	Не будь таким самоуверенным, крыса!\nЯ могу предугадать все твои действия!
nig_boss_defeat_er	N...No...This isn't...Possible...		う…ここまでやるとは…！	N... No... No puede ser... Imposible...	N... Non... C'est... Impossible...	N...No...Questo non è...Possibile...	N...Não...Isso não é...possível...	Ugh... ¡No pensé que pasaría esto...!	N...Nein...Das ist nicht...Möglich...	N...Nie...To nie jest...Możliwe...	不…不可能…這不…可能…	H...Hayır...Bu mümkün...Değil...	N...Nej...Detta är inte...Möjligt...	Не... не думал, что ты на такое способен!
nig_boss_defeat_so	All right, Erazor!\nGive up, you've lost!		そこまでだ　イレイザー！\nオマエの負けだ！	¡Venga, Erazor! Ríndete ya; ¡has perdido!	Allez, Erazor ! Admets ta défaite !	Bene, Erazor! Arrenditi, hai perso!	Beleza, Erazor! Desista, você perdeu!	¡Suficiente, Erazor! ¡Tú... perdiste!	OK, Erazor! Gib auf, du hast verloren!	Dobra, Erazor!\nPoddaj się, przegrałeś!	好啦，伊萊薩！放棄吧，是你輸了！	Pekala Erazor! Pes et, kaybettin!	Okej, Erazor!\nGe upp, du har förlorat!	Всё, Эрейзор! Сдавайся!\nТы проиграл!
														
last_intro_er	I am... The creator...		我ハ…創造主…			Io sono... Il creatore...	Eu sou... O criador...	Yo soy... el creador...	Ich bin... der Schöpfer...	Jestem... Twórcą...		Ben... Yaratıcıyım...	Jag är... Skaparen...	Я... создатель...
last_intro2_er	The stories of this world are... MINE!		世界ヲ　物語り…紡ぐモノ…			Le storie di questo mondo sono... MIE!	As historias desse mundo são... MINHAS!	De las historias del mundo... Y lo que las teje...	Die Geschichten dieser Welt gehören... MIR!	Historie tego świata należą... DO MNIE!		Bu dünyanın hikayeleri... BENİM!	Berättelserna i den här världen är... MINA!	Все сказки в этом мире\nпринадлежат мне!
last_intro_so	If this is your world, then it's a world\nthat I don't want any part of!		なんだって？　何も無いじゃないか\nこんな世界は　願い下げだぜ！			Se questo è il tuo mondo, allora è un mondo\n di cui non voglio fare parte! 	Se esse é o seu mundo,\nentão eu não quero fazer parte dele!	¿Pero qué? Aquí no hay nada.\n¡Yo no quiero un mundo así!	Wenn das deine Welt ist, will ich kein Teil davon sein!	Jeśli to jest twój świat, nie jest to świat\nz którym chiałbym mieć coś współnego!		Eğer bu senin dünyansa, o zaman ben bu\ndünyanın bir parçası olmak istemiyorum!	Om det här är din värld, då är det en värld\nsom jag inte vill vara en del av!	Чего? Их ведь нет!\nТакой мир никому не нужен!
last_charge_sh	You can always fill the Soul Gauge\nby pressing [button_attack].		 [button_attack] を押すといつでも\nソウルゲージをためることができるわ			Puoi sempre riempire l'indicatore dell'Anima\n premendo [button_attack].	Você pode carregar a Barra Espiritual\napertando [button_attack]	Presionando [button_attack] puedes llenar el\nMedidor de almas cuándo quieras.	Benutze [button_attack], um deine Soul Gauge aufzufüllen.	Możesz zawsze naładować Pasek Dusz\nwciskając [button_attack].		Ruh Göstergesini her zaman [button_attack]\ntuşuna basarak doldurabilirsiniz.	Du kan alltid fylla Själsmätaren\ngenom att trycka på [button_attack].	Нажмите кнопку атаки, чтобы в любой\n момент заполнить шкалу души.
last_charge_so	Shahra!		シャーラ！			Shahra!	Shahra!	¡Shahra!	Shahra!	Shahra!		Shahra!	Shahra!	Шахра!
last_slash_er	Mwahahah! You think you are a match\nfor me?		フハハハ\n我ニ　追イツク　コトモ　デキヌカ？			Muahahah! Pensi veramente di essere al mio livello?	Muahahah! Você acha que é páreo pra mim?	Ja, ja, ja, ja.\n¿Crees poder seguirme el paso?	Mwahahah! Du glaubst doch nicht im Ernst MIR gewachsen zu sein?	Mwahahah! Naprawdę myślisz,\nże masz ze mną szansę?		Mwahahah! Benimle boy ölçüşebileceğini mi sanıyorsun?	Mwahahaha! Tror du att du är en match mot mig?	Му-ха-ха-ха!\nДумаешь, ты сможешь мне противостоять?
last_slash_so	If I watch for the beam of light when\nhe's attacking, I can probably dodge it.		ヤツのひっかき攻撃は　最初の光の筋を\nよく見れば避けられそうだな			Se faccio attenzione al raggio di luce mentre\nsta attaccando, probabilente riuscirei a schivarlo.	Se eu ficar atento ao feixe de luz quando ele atacar,\nacho que consigo desviar.	Parece que puedo evitar ese arañazo si presto\natención al primer rayo de luz.	Die Lichtstrahlen zeigen mir wo sein Angriff einschlagen wird.	Jeśli spojrzę na promień światła gdy atakuje,\npewnie uda mi się go uniknąć.		Saldırırken ışık huzmesini takip edersem,\nmuhtemelen ondan kaçabilirim.	Jag håller utkik efter ljusstrålen när\nhan attackerar, jag kan förmodligen undvika den.	Если следить за лучами света,\nкогда он атакует, я смогу уклониться.
last_spirit_bomb_er	It would take a miracle for you\nto avoid my attacks!		我ガ攻撃　奇跡デモ起ラレヌ限リ\nカワスことハ　デキヌ！			Ti servirebbe un miracolo per permetterti\n di schivare i miei attacchi!	Somente um milagre te fará desviar dos meus ataques!	¡Sólo con un milagro podrás esquivar mi ataque!	Versuch doch auszuweichen, das grenzt an ein Wunder!	Potrzebowałbyś cudu żeby\nuniknąć moich ataków!		Saldırılarımdan kaçınmanız için bir mucize gerekir!	Det skulle krävas ett mirakel för att du\nskulle undvika mina attacker!	Тебе не уклониться от удара!\nЕсли только не произойдёт чудо!
last_spirit_bomb_hint_so	Maybe Time Break and Speed Break\nmight work...		「タイムブレイク」と「スピード\nブレイク」で何とかいけそうだな…！			Forse la Rottura del Tempo e la Rottura della Velocità\n potrebbero funzionare...	Talvez o Atraso Temporal e o Impulso Veloz funcionem...	¡Creo que los Speed y Time\nBreaks pueden ayudarme!	Vielleicht könnten Time Break und Speed Break hier helfen...	Może Zryw Pędu i Czasu zadziałają...		Belki Zaman Dondurma ve Hız Kırma işe yarayabilir...	Kanske en Tidsbrytning och Fartbrytning\nkan fungera...	Может, получится с ним бороться\nс помощью замедления и ускорения...
last_spirit_bomb_hint2_so	I can probably deflect those\nbig orbs of light somehow.		あのでっかい光の玉…\nカウンターで弾き返せそうだな			Potrei probabilmente deviare quelle\n grandi sfere di luce in qualche modo.	Acho que consigo defletir aquelas\n grandes esferas de luz de algum jeito.	Esas bolas de luz...\nTal vez pueda bloquearlas y desviarlas.	Ich muss diese Lichtkugeln reflektieren.	Pewnie mógłbym odbić jakoś te świetlne kule.		Sanırım o büyük ışık kürelerini\nbir şekilde saptırabilirim.	Jag kan nog avböja de där\nstora ljuskloten på något sätt.	Нельзя ли отбросить этот огромный шар\nсвета обратно с помощью контратаки?
last_spirit_bomb_hint_sh	I wonder if you can deflect\nthose orbs of light somehow...		(あの光の球をはじき返せないかしら…)			Mi chiedo se si possono deviare\n quelle sfere di luce in qualche modo...	Será que você consegue defletir aquelas\ngrandes esferas de luz de algum jeito?	(Me pregunto si podrás desviar esas bolas de luz...)	Könntest du diese Lichtkugeln nicht\nirgendwie ablenken...?	Jestem ciekawa czy możesz\nodbić jakoś te świetlne kule...		Acaba bu ışık kürelerini bir şekilde saptırabilir misin?	Jag undrar om man kan avböja\nde där ljuskloten på något sätt...	Нельзя ли как-то отбросить\nобратно этот шар света?
last_spirit_bomb_hint2_sh	Those orbs of light...\nIf only you had more speed...		(あの光の球、\nもっとスピードがあれば…)			Quelle sfere di luce...\nSe solo avessi più velocità...	Aquelas esferas de luz...\nSe ao menos você tivesse mais velocidade...	(Esas bolas de luz... Si pudieras ir más rápido...)	Diese Lichtkugeln... Falls du nur schneller wärst...	Te świetlne kule...\njeśli tylko miałbyś więcej prędkości...		O ışık küreleri... Keşke daha hızlı olsaydın...	De där ljuskloten...\nOm du bara hade mer fart...	Если бы этот шар света\nдвигался побыстрее...
last_push_sh	Wow... You're really using up\nthe soul gauge!		すごい！　ソウルゲージを\nどんどん消費してるわ			Wow... Stai veramente consumando\n L'indicatore della Anima!	Uau... Você está usando bastante a Barra Espiritual!	¡Increíble! Estás usando todo tu Medidor de almas.	Wow! Deine Soul Gauge\nsteht in Flammen!	Łał... Naprawde wyczerpujesz\nswój Pasek Dusz!		Vay canına... Ruh göstergesini \ngerçekten çok tüketiyorsun!	Wow... Du använder verkligen upp\nsjälsmätaren!	Ого! Ты тратишь так много шкалы души!
last_push2_sh	You're gonna lose!		このままじゃ押し負けちゃう！			Stai per perdere!	Você vai perder!	¡Si seguimos así, perderemos!	Du wirst verlieren!	Zaraz przegrasz!		Kaybedeceksin!	Du kommer att förlora!	Если так продолжится,\nвсё будет кончено!
last_push3_sh	Increase the Soul Gauge\nby pressing [button_attack]!		 [button_attack] を押して\nソウルゲージを高めて！			Aumenta la Barra dell'Anima\npremendo [button_attack]!	Carregue a Barra Espiritual apertando [button_attack]!	Presiona [button_attack] para llenar tu Medidor de almas.	Drücke [button_attack] so oft es geht, um deine\nSoul Gauge wieder aufzufüllen!	Naładuj Pasek Dusz\nwciskając [button_attack]!		[button_attack] tuşuna basarak Ruh Göstergesini artır!	Öka Själsmätaren\ngenom att trycka på [button_attack]!	Нажимайте кнопку атаки,\nчтобы шкала души заполнилась!
last_push4_sh	Now's your chance! Press [button_attack]!		今よ！ [button_attack] を押すのよ！			Ora è la tua occasione! Premi [button_attack]	Agora é a sua chance! Aperte [button_attack]!	¡Ahora! Presiona [button_attack]!	Das ist deine Chance!\nDrücke [button_attack] so schnell wie möglich!	Teraz masz szansę!\nWciśnij [button_attack]!		Şimdi fırsatın! [button_attack] tuşuna bas!	Nu har du chansen! Tryck på [button_attack]!	(Сейчас! Нажмите кнопку атаки!)
last_kick_so	HA!\nHow's this for an introduction, then?		ＨＡ！　こいつはアイサツがわりだ！			HA!\nCom'è questa come introduzione, allora?	HA!\nQue tal começarmos assim?	¡Ja! ¡¿Qué tal esto para empezar?!	HA! Schluss mit den Spielchen!	HA!\nCo ty na takie powitanie?		HA!\nBu nasıl bir giriş o zaman?	HA!\nHur är det här för en introduktion då?	Ха! Как тебе такое приветствие?!
last_multipunch_sh	Keep attacking!		(連続で攻撃するのよ！)			Continua ad attaccare!	Continue atacando!	(¡Ataca sin parar!)	Greif weiter an, nicht lockerlassen!	Nie przestawaj atakować!		Saldırmaya devam et!	Fortsätt attackera!	(Продолжай атаковать!)
last_gravity_so	I have to stay clear of that whirlpool.		あのウズに吸い込まれると\nやっかいだな			Devo stare alla larga da quel vortice...!	Tenho que ficar longe daquele vórtice...!	Quedar atrapado en ese vórtice\nsería un verdadero fastidio.	Ich sollte mich von diesem Strudel\n fernhalten...!	Muszę unikać tego wiru...!		O girdaptan uzak durmalıyım...!	Jag måste hålla mig borta från den där virveln...!	Будет плохо, если меня затянет\nв эти вихри!
last_phase2_er	Gwaaah! How can you have this power?!		グウウ…！　お前モ\nコノ　チカラ　ヲ…！？			Gwaaah! Come fai ad avere tutto questo potere?!	Gwaaah! Como você tem todo esse poder?!	¡Ugh...! ¡¿Tú también... tienes este poder...?!	Gwaaah! Wie kommst du nur in den Besitz einer solchen Macht?!	Gwaaah!\nJak możesz mieć taką siłę?!		Gwaaah! Bu güce nasıl sahip olabiliyorsun?!	Gwaaah! Hur kan du ha den här makten?!	А-а-а-а!\nОткуда у тебя такая сила?!
last_defeat_er	Rrrraaaargh!		グ　ア　ア　ア　アーーーッ！			Rrrraaaargh!	Rrrraaargh!	¡Gaaaaaaaah...!	Rrrraaaargh!	Rrrraaaargh!		Rrrraaaargh!	Rrrraaaargh!	Га-а-а-а-а-а-а!
last_defeat_so	Your tale is finished, Erazor!\nNext time, try writing a better story.		ヨタ話は終わりだイレイザー\nオマエの物語は　クラすぎる			La tua storia finisce qui, Erazor!\nLa prossima volta, prova a scrivere una storia migliore.	A sua história acabou, Erazor!\nDa próxima vez, vê se escreve algo que presta!	Basta de este cuento, Erazor.\nIgual tu historia era muy aburrida.	Ende der Märchen, Erazor!\nSchreib nächstes Mal 'ne bessere Story!	Twoja opowieść się skończyła, Erazor!\nNastępnym razem spróbuj napisać coś lepszego.		Hikayen bitti, Erazor!\nBir dahaki sefere daha iyi bir hikaye yazmayı dene.	Din saga är slut, Erazor!\nNästa gång, försök att skriva en bättre berättelse.	Рассказ на этом окончен, Эрейзор!\nТвоя история слишком скучная!
														
														
														
														
nig_hint_spears_so	Incoming!		何か飛んできやがったぜ！			In arrivo!	Sai da frente!	¡Nos acaban de lanzar algo!	In Deckung!	Nadchodzą!		Geliyor!	Inkommande!	Что-то летит сюда!
nig_hint_spears_sh	Watch out! The path is splitting, too!		割れた道にも気をつけてね！			Fai attenzione! Si sta dividendo anche il percorso!	Cuidado! O caminho está se partindo!	¡Cuidado, el camino se divide!	Pass auf! Wo die landen geht der Pfad kaputt!	Uważaj! Ścieżka też się rozdziela!		Dikkat et! Yol da ayrılıyor!	Se upp! Stigen delar sig också!	Будь осторожен, там дыры в полу!
nig_hint_spears2_sh	Something's coming! Watch out!		何か来る！　気をつけて！			Qualcosa si sta avvicinando! Fai attenzione!	Vem algo aí! Cuidado!	¡Algo se acerca! ¡Cuidado!	Irgendwas kommt auf uns zu! Pass auf!	Coś nadchodzi! Uważaj!		Bir şey geliyor! Dikkat et!	Någonting kommer! Se upp!	Что-то приближается! Будь осторожен!
nig_hint_spears2_so	Is it aiming for us?		こんなもんで狙い打ちのつもりかい？			Sta mirando a noi?	Estão vindo em nossa direção?	¿Intentan derribarnos con esa puntería?	Zielt es auf uns?	Czy to w nas celuje?		Bize mi hedef alıyor?	Siktar den på oss?	Он хочет попасть в меня этим?
nig_hint_hourglass_sh	There's something about this hourglass...		何？　この砂時計			C'è qualcosa di strano di questa clessidra...	Tem algo estranho com essa ampulheta...	¿Qué? Este reloj de arena...	Da ist irgendwas seltsames mit dieser Sanduhr...	Coś jest na rzeczy z tą klepsydrą...		Bu kum saatinde bir şey var...	Det är något med det här timglaset...	Что это за песочные часы?
nig_hint_hourglass_so	A switch, maybe?		何かのスイッチかもな			Un interruttore, forse?	Talvez seja um interruptor?	¿No será un interruptor?	Ein Schalter, vielleicht?	Przełącznik?		Bir anahtar mı acaba?	En strömbrytare, kanske?	Может, это какой-то переключатель?
nig_hint_gas_so	This gas! Watch out!		このガス…やばいな…			Questo gas! Attenzione!	Esse gás! Cuidado!	¡Cuidado... con el gas...!	Dieses Gas! Pass auf!	Ten gaz! Uważaj!		Bu gaz! Dikkat et	Den här gasen! Se upp!	Этот газ опасен...
nig_hint_gas_sh	We're getting weaker...		どんどん体力が減ってっちゃうよぉ			Ci stiamo indebolendo...	Estamos ficando fracos...	Me siento cada vez más débil...	Wir werden schwächer...	Kiepsko z nami...		Gittikçe güçsüzleşiyoruz...	Vi blir svagare...	Твои силы расходуются тут очень быстро!
nig_hint_catapult_so	I need to time things very carefully.		うまくタイミングを\n見計らわないとな！			Devo fare molta attenzione al mio tempismo.	Tenho que agir no momento certo.	¡Tengo que calcular el momento justo!	Ich muss das sehr vorsichtig timen.	Muszę lepiej to wyczuć.		Zamanlamayı çok dikkatli yapmam gerekiyor.	Jag måste tajma saker väldigt noggrant.	Надо выбрать подходящий момент!
nig_hint_catapult_sh	Okay!		うん！			Okay!	Ok!	¡Sí!	OK!	Okej!		Tamam!	Okej!	Ага!
														
mods_description	Community-made level mods.		コミュニティ制作のステージMOD。			Livelli e mod creati dalla comunità.	Mods de fases feitas pela comunidade.	Mods de niveles creados por la comunidad	Von der Community erstellte Level-Mods.			Topluluk yapımı seviye modları	Community-tillverkade nivå mods.	
														
result_score	Score		スコア	Puntuación	Score	Punteggio	Pontuação	Puntos	Punkte	Wynik	分數	Skor	Poäng	Очки
result_time	Time		タイム	Tiempo	Temps	Tempo	Tempo	Tiempo	Zeit	Czas	時間	Süre	Tid	Время
result_ring	Ring Bonus		リングボーナス	Bonificación por Anillos	Ring Bonus	Bonus Anelli	Bônus de Anéis	Bonus por Anillos	Ringbonus	Bonus Pierścieni	金環獎勵	Yüzük Bonusu	Ring Bonus	Бонус за кольца
result_technical	Technical Bonus		テクニカルボーナス	Bonificación Técnica	Bonus Technique	Bonus Tecnica	Bônus de Técnica	Bonus por técnica	Technikbonus	Bonus Techniczny	技術獎勵	Teknik Bonusu	Teknisk Bonus	Бонус за технику
result_total	Total		トータル	Total	Total	Totale	Total	Total	Gesamt	Suma	總分	Toplam	Totalt	Всего
														
														
exp_total	exp		exp	exp	exp	pe	exp	exp	ep	pd	exp	exp	EXP	опыт
exp_score	Score Bonus		スコア　ボーナス	Puntos	Score Bonus	Punti Bonus	Pontuação Bônus	Bonus por puntos	Punkte-Bonus	Bonus Wyniku	分數獎勵	Skor Bonusu	Poäng Bonus	Всего очков
exp_skill	Skill Bonus		スキル　ボーナス	Destreza		Maestria Bonus	Bônus de Habilidade	Bonus por habilidad	Skill-Bonus	Bonus Talentów	技能獎勵	Beceri Bonusu	Färdighetsbonus	Бонус за навык
exp_mission	First Clear Bonus		クリア　ボーナス	Primera VIctoria		Prima Conclusione	Primeira Vitória	Bonus por primer completado	Erster Abschluss	Bonus Debiutanta	首次通關獎勵	İlk Bitirme Bonusu	Första Klarnings Bonus	Бонус первого раза
exp_accumulated	Replay Bonus		リプレイ　ボーナス	Acumulado		Bonus Ripetizione	Bônus de Repetição	Bonus por rejugar	Replay-Bonus	Bonus 1-szej Próby	再次通關獎勵	Tekrar Oynama Bonusu		Бонус повтора
exp_level	Level		レベル	Nivel		Livello	Nível	Nivel	Level	Poziom	等級	Seviye	Nivå	Уровень
exp_sp	Skill Points		スキル ポイント	Puntos de Habilidad		Punti Abilità	Pontos de Habilidade	Puntos de habilidad	Skill Punkte	Punkty Talentu	技能點數	Beceri Puanları	Färdighetspoäng	Очки навыка
exp_soul	Soul Gauge		ソール　ゲージ	Barra de Almas		Barra dell'Anima	Barra Espiritual	Medidor de almas	Soul Gauge	Pasek Dusz	魂力量表	Ruh Ölçer	Själsmätare	Шкала души
														
														
skill_select_level	Level:0		レベル:0	Nivel:0		Livello:0	Nível:0	Nivel:0	Level:0	Poziom:0	等級:0	Seviye:0	Nivå:0	Уровень:0
skill_sp_shortage	You do not have enough SP.		ＳＰがたりません。	No tienes suficientes puntos de habilidad.		Non hai abbastanza Punti Abilità.	Você não tem pontos de habilidade o suficiente.	No tienes suficientes PH.	Du hast nicht genug SP.	Nie masz wystarczająco PT.	SP不足。	Yeterli BP yok.	Du har inte tillräckligt med SP.	У вас недостаточно опыта.
skill_element_requirement_wind	You need to equip [AMOUNT] more Wind skill.		もう[AMOUNT]個風スキル必要。	Necesitas equipar una habilidad de Viento más.		Hai bisogno di equipaggiare [AMOUNT] Abilità del Vento.	Você precisa equipar mais [AMOUNT] Habilidade de Vento	Tienes que equipar [AMOUNT] habilidad de viento más.	Du musst noch [AMOUNT] weiteren Windskill ausstatten.	Musisz założyć jeszcze [AMOUNT]\nTalent Wiatru.	你還需要裝備 [AMOUNT] 個風屬性技能。	[AMOUNT] daha fazla Rüzgar becerisine sahip olman gerekiyor.	Du behöver utrusta dig med [AMOUNT] till Vindfärdighet	Вам нужно освоить ещё [AMOUNT] навыка Ветра.
skill_element_requirement_wind_multiple	You need to equip [AMOUNT] more Wind skills.		もう[AMOUNT]個風スキル必要。	Necesitas equipar [AMOUNT] habilidades de Viento más.		Hai bisogno di equipaggiare [AMOUNT] Abilità del Vento.	Você precisa equipar mais [AMOUNT] Habilidades de Vento	Tienes que equipar otras [AMOUNT] habilidades de viento.	Du musst noch [AMOUNT] weitere Windskills ausstatten.	Musisz założyć jeszcze [AMOUNT]\nTalentów Wiatru.	你還需要裝備 [AMOUNT] 個風屬性技能。	[AMOUNT] daha fazla Rüzgar becerisine sahip olman gerekiyor.	Du behöver utrusta dig med [AMOUNT] till Vindfärdigheter.	Вам нужно освоить ещё [AMOUNT] навыков Ветра.
skill_element_requirement_fire	You need to equip [AMOUNT] more Fire skill.		もう[AMOUNT]個炎スキル必要。	Necesitas equipar una habilidad de Fuego más.		Hai bisogno di equipaggiare [AMOUNT] Abilità del Fuoco.	Você precisa equipar mais [AMOUNT] Habilidade de Fogo	Tienes que equipar [AMOUNT] habilidad de fuego más.	Du musst noch [AMOUNT] weiteren Feuerskill ausstatten.	Musisz założyć jeszcze [AMOUNT]\nTalent Ognia.	你還需要裝備 [AMOUNT] 個炎屬性技能。	[AMOUNT] daha fazla Ateş becerisine sahip olman gerekiyor.	Du behöver utrusta dig med [AMOUNT] till Eldfärdighet	Вам нужно освоить ещё [AMOUNT] навыка Огня.
skill_element_requirement_fire_multiple	You need to equip [AMOUNT] more Fire skills.		もう[AMOUNT]個炎スキル必要。	Necesitas equipar [AMOUNT] habilidades de Fuego más.		Hai bisogno di equipaggiare [AMOUNT] Abilità del Fuoco.	Você precisa equipar mais [AMOUNT] Habilidades de Fogo	Tienes que equipar otras [AMOUNT] habilidades de fuego.	Du musst noch [AMOUNT] weitere Feuerskills ausstatten.	Musisz założyć jeszcze [AMOUNT]\nTalentów Ognia.	你還需要裝備 [AMOUNT] 個炎屬性技能。	[AMOUNT] daha fazla Ateş becerisine sahip olman gerekiyor.	Du behöver utrusta dig med [AMOUNT] till Eldfärdigheter.	Вам нужно освоить ещё [AMOUNT] навыков Огня.
skill_element_requirement_dark	You need to equip [AMOUNT] more Dark skill.		もう[AMOUNT]個闇スキル必要。	Necesitas equipar una habilidad Oscura más.		Hai bisogno di equipaggiare [AMOUNT] Abilità dell'Oscurità	Você precisa equipar mais [AMOUNT] Habilidade de Escuridão	Tienes que equipar [AMOUNT] habilidad sombría más.	Du musst noch [AMOUNT] weiteren Finsternisskill ausstatten.	Musisz założyć jeszcze [AMOUNT]\nTalent Mroku.	你還需要裝備 [AMOUNT] 個闇屬性技能。	[AMOUNT] daha fazla Karanlık becerisine sahip olman gerekiyor.	Du behöver utrusta dig med [AMOUNT] till Mörkfärdighet.	Вам нужно освоить ещё [AMOUNT] навыка Темноты.
skill_element_requirement_dark_multiple	You need to equip [AMOUNT] more Dark skills.		もう[AMOUNT]個闇スキル必要。	Necesitas equipar [AMOUNT] habilidades Oscuras más.		Hai bisogno di equipaggiare [AMOUNT] Abilità dell'Oscurità	Você precisa equipar mais [AMOUNT] Habilidades de Escuridão	Tienes que equipar otras [AMOUNT] habilidades sombrías.	Du musst noch [AMOUNT] weitere Finsternisskills ausstatten.	Musisz założyć jeszcze [AMOUNT]\nTalentów Mroku.	你還需要裝備 [AMOUNT] 個闇屬性技能。	[AMOUNT] daha fazla Karanlık becerisine sahip olman gerekiyor.	Du behöver utrusta dig med [AMOUNT] till Mörkfärdigheter.	Вам нужно освоить ещё [AMOUNT] навыков Темноты.
skill_equip_conflict	Equipping SKILL will unequip CONFLICT.\n\nProceed?		SKILLが装備されると、CONFLICTは装備されなくなります。\n\nよろしいですか？	Si equipas SKILL,\ndesactivarás CONFLICT.\n\n¿Deseas proceder?		Equipaggiare SKILL disequipaggierà CONFLICT.\n\nProcedi?	Equipar SKILL irá desequipar CONFLICT.\n\nDeseja continuar?	Equipar SKILL quitará CONFLICT.\n\n¿Proceder?	Wenn du SKILL ausrüstest, wird CONFLICT nicht mehr ausgerüstet.\n\nWeiter?	Założenie SKILL spowoduje usunięcie CONFLICT.\n\nKontynuować?	裝備 SKILL 會解除裝備 CONFLICT。\n\n是否要繼續？	BU BECERİYİ kuşanmak, ÇATIŞMAYI devre dışı bırakacak.\n\nDevam edilsin mi?	Att utrusta SKILL kommer att avrusta CONFLICT.\n\nFortsätt?	Освоение наыка отменит конфликт. Продолжить?
skill_unequip_conflict	Unequipping SKILL will unequip CONFLICT.\n\nProceed?		SKILLが装備されなくと、CONFLICTは装備されなくなります。\n\nよろしいですか？	Si equipas SKILL,\ndesactivarás CONFLICT.\n\n¿Deseas proceder?		Disequipaggiare SKILL disequipaggierà CONFLICT.\n\nProcedi?	Desequipar SKILL irá desequipar CONFLICT.\n\nDeseja continuar?	Quitar SKILL también quitará CONFLICT.\n\n¿Proceder?	Wenn SKILL nicht ausgerüstet ist, wird CONFLICT auch nicht ausgerüstet.\n\nWeiter?	Założenie SKILL spowoduje usunięcie CONFLICT.\n\nKontynuować?	裝備 SKILL 會解除裝備 CONFLICT。\n\n是否要繼續？	BU BECERİYİ kuşanmak, ÇATIŞMAYI devre dışı bırakacak.\n\nDevam edilsin mi?	Att avrusta SKILL kommer att avrusta CONFLICT.\n\nFortsätt?	Освоение наыка отменит конфликт. Продолжить?
														
skill_autorun	Autorun		オートラン	Avance Automático		Corsa Automatica	Corrida Automática	Correr automáticamente	Selbstläufer	Autobieg	自動奔跑	Otokoşu	Autospring	Автобег
skill_autorun_description	Allows Sonic to run forward automatically.		ソニックが自動的に前進する。	Sonic se desplaza hacia delante\nde forma automática.		Permette a Sonic di correre automaticamente.	Permite que Sonic corra\npara frente automaticamente.	Sonic avanzará automáticamente.	Erlaubt Sonic sich automatisch nach vorne zu bewegen.	Pozwala Sonicowi automatycznie\nbiec do przodu.	讓索尼克自動向前奔跑。	Sonic'in otomatik olarak ileri koşmasını sağlar.	Tillåter Sonic att springa framåt automatiskt.	Соник автоматически движется вперёд.
skill_charge_jump	Charge Jump		チャージジャンプ	Salto con Carga		Salto Caricato	Pulo Carregado	Salto cargado	Aufladesprung	Ładowany Skok	集氣跳躍	Şarjlı Zıplama	Laddningshopp	Заряженный прыжок
skill_charge_jump_description	Restores the Charge Jump from the original retail release.		チャージジャンプをリテール版から復元。	Sonic carga su salto como\nen el juego original.		Ripristina il Salto Caricato del gioco originale.	Sonic realiza um Pulo Carregado\nassim como no jogo original.	Restaura el Salto cargado del juego original	Stellt den Aufladesprung des Originalspieles her.	Przywraca Ładowany Skok z\noryginalnej wersji pudełkowej.	恢復原版遊戲的集氣跳躍。	Şarjlı Zıplamayı orijinal sürümünden geri yükler.	Återställer Laddningshopp från den ursprungliga detaljhandelsutgåvan.	Сократится время подзарядки для заряженного прыжка.
skill_variable_jump_height	Variable Jump Height		アナログジャンプ高さ			Altezza del Salto Variabile	Salto Ajustável	Altura de salto ajustable	Variierbare Sprung-Höhen	Zmienna Wysokość Skoku		Değişken Atlama Yüksekliği	Variabel Hopphöjd	
skill_variable_jump_height_description	Allows Jump Height to vary based on how long the Jump Button is held.		ジャンプボタンを押している時間に応じてジャンプの高さが変化する。			Permette l'altezza del salto di variare in base a quanto tempo viene tenuto il tasto per Saltare.	Permite que a altura do pulo varie de acordo com o tempo que o botão seja apertado.	Permite que la altura del salto varie con base en\nel tiempo que se mantenga el botón de salto.	Erlaubt unterschiedliche Sprung-Höhen, basierend auf dem Gedrückhalten der Sprung-Taste.	Pozwala na na zmienną Wysokość Skoku na podstawie tego, jak długo trzyma się Przycisk Skoku.		Zıplama yüksekliğinin, zıplama düğmesine ne kadar süreyle basılı tutulduğuna bağlı olarak değişmesine olanak tanır.	Tillåter att Hopphöjden varierar beroende på hur länge Hoppknappen hålls nedtryckt.	
skill_free_roam	Free Roam		フリーローム			Spostamento Libero	Corrida Livre	Libre andanza	Freies Wandern	Swobodny Ruch		Serbest Dolaşım		Свободная игра
skill_free_roam_description	Allows Sonic to run backwards.		ソニックが後ろ向きに\n走れるようにする。			Permette a Sonic di correre all'indietro.	Permite que Sonic corra para trás.	Permite que Sonic corra hacia atrás.	Erlaubt Sonic sich rückwärts zu bewegen.	Pozwala Sonicowi biec do tyłu.		Sonic'in geriye doğru koşmasına olanak tanır.		Позволяет Сонику бегать назад.
skill_quick_start	Quick Start		クイックスタート			Inizio Rapido	Início Rápido	Inicio rápido	Quick Start	Szybki Start		Hızlı Başlangıç		Быстрый старт
skill_quick_start_description	Shortens the countdown at the beginning of a mission.		ミッションのカウントダウンを短縮する。			Aumenta la velocità del conteggio all'inizio di una missione.	Reduz a contagem regressiva no início da missão.	Acorta el conteo al iniciar la misión.	Verkürzt den Countdown am Start einer Mission.	Skraca odliczanie na początku misji.		Görev başlangıcındaki geri sayımı kısaltır.		Сокращает обратный отсчёт в начале миссии.
skill_locked_soul_gauge	Gauge Lock		ゲージロック	Barra Recortada		Blocco Barra	Trava de Medidor	Bloqueo de medidor	Pegelstopper	Blokada Duszy	鎖魂量表	Gösterge Kilidi		Блок шкалы души
skill_locked_soul_gauge_description	Limits the Soul Gauge to 100 Pearls.		ソウルゲージは１００パールしか保持できない。	Limita la capacidad de la Barra\nde Almas a 100 Perlas.		Limita la Barra dell'Anima a 100 perle.	Limita a Barra Espiritual a 100 Pérolas	Limita el Medidor de almas a 100 Perlas.	Limitiert die Soul Gauge auf 100 Peerlen.	Limituje Pasek Dusz do 100 Pereł.	限制魂力量表於100魂珠	Ruh Ölçeri 100 İnci ile sınırlandırır.		Ограничение шкалы 100 жемчужинами.
skill_speed_up	Speed-Up		スピードアップ	Brío		Aumento della Velocità	Pico de Velocidade	Aceleración	Speed Up	Przyśpieszenie	加速	Hızlanma		Ускорение
skill_speed_up1	Super Speed-Up		スーパースピードアップ	Brío Veloz 		Super Aumento della Velocità	Super Pico de Velocidade	Súper aceleración	Super-Speed Up	Super Przyśpieszenie	超級加速	Süper Hızlanma		Суперускорение
skill_speed_up2	Hyper Speed-Up		ハイパースピードアップ	Brío Máximo		Iper Aumento della Velocità	Hiper Pico de Velocidade	Híper aceleración	Hyper-Speed Up	Hiper Przyśpieszenie	究極加速	Hiper Hızlanma		Гиперускорение
skill_speed_up3	Sub Hyper Speed-Up		サブハイパースピードアップ	Sub Brío		Sub Iper Aumento della Velocità	Sub Hiper Pico de Velocidade	Sub-híper aceleración	Sub-Hyper-Speed Up	Sub Hiper Przyśpieszenie	次究極加速	Alt Hiper Hızlanma		Подвид гиперускорения
skill_speed_up_description	Slightly increases Sonic's top speed.		最高速度の上限がちょっと上昇する。	Aumenta ligeramente la velocidad máxima de Sonic.		Aumenta un pochino la velocità massima di Sonic.	Aumenta levemente a\nvelocidade máxima de Sonic.	Aumenta ligeramente la velocidad tope.	Leichte Erhöhung für Sonics Höchstgeschwindigkeit.	Lekko zwiększa maksymalną\nprędkość Sonica.	稍微提升索尼克的最高速度。	Sonic'in azami hızını biraz artırır.		Увеличится верхний предел максимальной скорости.
skill_speed_up_description1	Moderately increases Sonic's top speed.		最高速度の上限がほどほど上昇する。	Aumenta moderadamente\nla velocidad máxima de Sonic.		Aumenta moderatamente la velocità massima di Sonic.	Aumenta moderadamente a\nvelocidade máxima de Sonic.	Aumenta moderadamente la velocidad tope.	Moderate Erhöhung für Sonics Höchstgeschwindigkeit.	Umiarkowanie zwiększa maksymalną\nprędkość Sonica.	適度提升索尼克的最高速度。	Sonic'in azami hızını orta düzeyde artırır.		Верхний предел увеличится ещё больше.
skill_speed_up_description2	Greatly Increases Sonic's top speed.		最高速度の上限がかなり上昇する。	Aumenta significativamente\nla velocidad máxima de Sonic.		Aumenta notevolmente la velocità massima di Sonic.	Aumenta significativamente a\nvelocidade máxima de Sonic.	Aumenta bastante la velocidad tope.	Stärkste Erhöhung für Sonics Höchstgeschwindigkeit.	Znacznie zwiększa maksymalną\nprędkość Sonica.	提升索尼克的最高速度。	Sonic'in azami hızını oldukça artırır.		Верхний предел увеличится ещё больше.
skill_speed_up_description3	Greatly Increases Sonic's top speed, but also reduces defense.		最高速度の上限がかなり上昇するが\n防御力が低下する。	Aumenta en gran medida tu velocidad\nmáxima, pero reduce tu defensa.		Aumenta notevolmente la velocità massima di Sonic,\nma a scapito della difesa.	Aumenta significativamente a velocidade\nmáxima de Sonic, mas também reduz a defesa.	Aumenta bastante la velocidad tope,\npero también baja la defensa.	Stärkste Erhöhung für Sonics Höchstgeschwindigkeit, aber Abwehr nimmt ab.	Znacznie zwiększa maksymalną prędkość Sonica,\nale ogranicza jego defensywę.	大幅提升索尼克的最高速度，但防禦力降低。	Sonic'in azami hızını oldukça artırır, ama savunmayı düşürür.		Увеличится верхний предел максимальной скорости, но очень сильно снизится защита.
skill_slow_turn	Slow Turn		スローターン	Giro Lento		Svolta Lenta	Virada Lenta	Giro lento	Träge Steuerung	Wolny Skręt	慢速轉向	Yavaş Dönüş		Замедленный поиск
skill_slow_turn1	Super Slow Turn		スーパースローターン	Giro Súper Lento		Super Svolta Lenta	Super Virada Lenta	Giro súper lento	Super-Träge Steuerung	Super Wolny Skręt	超級慢速轉向	Süper Yavaş Dönüş		Подвид замедленного поиска
skill_slow_turn2	Hyper Slow Turn		ハイパースローターン	Giro Lento Máximo		Iper Svolta Lenta	Hiper Virada Lenta	Giro híper lento	Hyper-Träge Steuerung	Hiper Wolny Skręt	究極慢速轉向	Hiper Yavaş Dönüş		Подвид гиперзамедленного поиска
skill_slow_turn_description	Slightly decreases horizontal turning sensitivity.		左右移動がちょっと遅くになる。	Reduce ligeramente la sensibilidad de giro\ny de movimiento lateral.		Riduce un pochino la sensibilità orizzontale della svolta.	Reduz levemente a velocidade horizontal.	El movimiento de lado a lado es ligeramente más lento.	Leichte Reduzierung der Empfindlichkeit beim Lenken.	Lekko zmniejsza horyzontalną\nczułość skręcania.	稍微降低左右移動速度。	Yatay dönüş hassasiyetini biraz azaltır.		Во время скольжения, движение вправо и влево станет плавным.
skill_slow_turn_description1	Moderately decreases horizontal turning sensitivity.		左右移動がほどほど遅くになる。	Reduce moderadamente la sensibilidad\nde giro y de movimiento lateral.		Riduce moderatamente la sensibilità orizzontale della svolta.	Reduz moderadamente a velocidade horizontal.	El movimiento de lado a lado es moderadamente más lento.	Moderate Reduzierung der Empfindlichkeit beim Lenken.	Umierkowanie zmniejsza horyzontalną\nczułość skręcania.	適度降低左右移動速度。	Yatay dönüş hassasiyetini orta derecede azaltır.		Движение вправо и влево станет более плавным.
skill_slow_turn_description2	Greatly decreases horizontal turning sensitivity.		左右移動がかなり遅くになる。	Reduce significativamente la sensibilidad de giro y de movimiento lateral.		Riduce notevolmente la sensibilità orizzontale della svolta.	Reduz significativamente a velocidade horizontal.	El movimiento de lado a lado es mucho más lento.	Stärkste Reduzierung der Empfindlichkeit beim Lenken.	Znacznie zmniejsza horyzontalną\nczułość skręcania.	大幅降低左右移動速度。	Yatay dönüş hassasiyetini oldukça azaltır.		Движение вправо и влево станет более плавным.
skill_quick_turn	Quick Turn		クイックターン	Giro Rápido		Svolta Veloce	Virada Rápida	Giro rápido	Schnelle Steuerung	Szybki Skręt	快速轉向	Hızlı Dönüş		Быстрый шаг
skill_quick_turn1	Super Quick Turn		スーパークイックターン	Giro Súper Rápido		Super Svolta Veloce	Super Virada Rápida	Giro súper rápido	Super-Schnelle Steuerung	Super Szybki Skręt	超級快速轉向	Süper Hızlı Dönüş		Супербыстрый шаг
skill_quick_turn2	Hyper Quick Turn		ハイパークイックターン	Giro Rápido Máximo		Iper Svolta Veloce	Hiper Virada Rápida	Giro híper rápido	Hyper-Schnelle Steuerung	Hiper Szybki Skręt	究極快速轉向	Hiper Hızlı Dönüş		Мегабыстрый шаг
skill_quick_turn_description	Slightly increases horizontal turning sensitivity.		左右移動がちょっと速くになる。	Aumenta ligeramente la sensibilidad de giro\ny de movimiento lateral.		Aumenta un pochino la sensibilità orizzontale della svolta.	Aumenta levemente a velocidade horizontal.	El movimiento de lado a lado es ligeramente más rápido.	Leichte Erhöhung der Empfindlichkeit beim Lenken.	Lekko zwiększa horyzontalną\nczułość skręcania.	稍微提升左右移動速度。	Yatay dönüş hassasiyetini biraz arttırır.		Перемещение по земле вправо и влево станет более плавным.
skill_quick_turn_description1	Moderately increases horizontal turning sensitivity.		左右移動がほどほど速くになる。	Aumenta moderadamente la sensibilidad\nde giro y de movimiento lateral.		Aumenta moderatamente la sensibilità orizzontale della svolta.	Aumenta moderadamente a velocidade horizontal.	El movimiento de lado a lado es moderadamente más rápido.	Moderate Erhöhung der Empfindlichkeit beim Lenken.	Umierkowanie zwiększa horyzontalną\nczułość skręcania.	適度提升左右移動速度。	Yatay dönüş hassasiyetini orta derecede arttırır.		Перемещение станет более плавным.
skill_quick_turn_description2	Greatly increases horizontal turning sensitivity.		左右移動がかなり速くになる。	Aumenta significativamente la sensibilidad\nde giro y de movimiento lateral.		Aumenta notevolmente la sensibilità orizzontale della svolta.	Aumenta significativamente a velocidade horizontal.	El movimiento de lado a lado es mucho más lento.	Stärkste Erhöhung der Empfindlichkeit beim Lenken.	Znacznie zwiększa horyzontalną\nczułość skręcania.	大幅提升左右移動速度。	Yatay dönüş hassasiyetini oldukça arttırır.		Перемещение станет ещё более плавным.
skill_traction_up	Charger		チャージャー	Embestida		Acceleratore	Aceleração	Compresor	Raser	Taran	衝刺	Şarj		Зарядка
skill_traction_up1	Turbo Charger		ターボチャージャー	Embestida Turbo		Turbo Acceleratore	Aceleração Turbo	Turbocompresor	Turbo-Raser	Turbo Taran	加速衝刺	Turbo Şarj		Турбостарт
skill_traction_up2	Rocket Charger		ロケットチャージャー	Embestida Cohete		Acceleratore a Razzo	Aceleração Foguete	Compresor de cohete	Raketen-Raser	Rakietowy Taran	火箭衝刺	Roket Şarj		Ракетный старт
skill_traction_up3	Sub Rocket Charger		サブ　ロケットチャージャー	Sub Embestida Cohete		Sub Acceleratore a Razzo	Sub Aceleração Foguete	Subcompresor de cohete	Sub-Raketen-Raser	Sub-Rakietowy Taran	次火箭衝刺	Alt Roket Şarj		Варп-старт
skill_traction_up_description	Slightly increases Sonic's acceleration.		加速率がちょっと上昇する。	Aumenta ligeramente la\naceleración de Sonic.		Aumenta un pochino l'accelerazione di Sonic.	Aumenta levemente a aceleração de Sonic.	La tasa de aceleración aumenta ligeramente.	Leichte Erhöhung der Beschleunigung.	Lekko zwiększa akceleracje Sonica.	稍微提升索尼克的加速度。	Sonic'in hızını biraz artırır.		Скорость разгона во время старта увеличится.
skill_traction_up_description1	Moderately increases Sonic's acceleration.		加速率がほどほど上昇する。	Aumenta moderadamente la\naceleración de Sonic.		Aumenta moderatamente l'accelerazione di Sonic.	Aumenta moderadamente a aceleração de Sonic.	La tasa de aceleración aumenta moderadamente.	Moderate Erhöhung der Beschleunigung.	Umiarkowanie zwiększa akceleracje Sonica.	適度提升索尼克的加速度。	Sonic'in hızını orta düzeyde artırır.		Увеличится скорость разгона до максимума.
skill_traction_up_description2	Greatly increases Sonic's acceleration.		加速率がかなり上昇する。	Aumenta significativamente la\naceleración de Sonic.		Aumenta notevolmente l'accelerazione di Sonic.	Aumenta significativamente a aceleração de Sonic.	La tasa de aceleración aumenta significativamente.	Stärkste Erhöhung der Beschleunigung.	Znacznie zwiększa akceleracje Sonica.	大幅提升索尼克的加速度。	Sonic'in hızını oldukça artırır.		Скорость разгона увеличится ещё больше.
skill_traction_up_description3	Greatly increases Sonic's acceleration,\nbut also reduces defense.		加速率がかなり上昇するが\n防御力が低下する。	Aumenta en gran medida la aceleración\nde Sonic, pero reduce tu defensa.		Aumenta notevolmente l'accelerazione di Sonic,\na scapito della difesa.	Aumenta significativamente a aceleração\nde Sonic, mas também reduz a defesa.	La tasa de aceleración aumenta considerablemente,\npero la defensa disminuye.	Stärkste Erhöhung der Beschleunigung,\naber Abwehr nimmt ab.	Znacznie zwiększa akceleracje Sonica,\nale ogranicza jego obronę.	大幅提升索尼克的加速度，但防禦力降低。	Sonic'in hızını oldukça artırır,\nama savunmayı düşürür.		Увеличится скорость разгона до максимума, но очень сильно снизится защита.
skill_turnaround_up	Hard Brake		ハードブレーキ	Freno de Mano		Freno a Mano	Frenagem Abrupta	Freno en seco	Harte Bremse	Mocny Hamulec	急煞	Sert Fren		Сильное торможение
skill_turnaround_up_description	Allows for more effective braking.		ブレーキ入力で急停止できる。	Frena de forma más efectiva.		Permette di frenare più efficaciemente.	Freia de forma mais efetiva.	Permite detenerse rápidamente al frenar.	Erlaubt effektiveres Bremsen.	Umożliwia bardziej efektywne hamowanie.	煞停會立即停止移動。	Daha etkili frenleme sağlar.		При торможении, герой резко остановится.
skill_grind_up	Quick Grind		クイックグラインド	Montaje Acelerado		Ringhiere Accelerate	Montagem Rápida	Deslizamiento ágil	Zügiges Grinden	Zwinne Szynowanie	快速滑軌	Çabuk Kasma		Быстрое скольжение
skill_grind_up1	Fast Grind		ファストグラインド	Montaje Rápido		Ringhiera Veloce	Montagem Veloz	Deslizamiento veloz	Schnelles Grinden	Szybkie Szynowanie	高速滑軌	Hızlı Kasma		Быстрое скольжение по рельсам
skill_grind_up2	Mach Grind		マッハグラインド	Montaje Mach		Ringhiera Mach	Montagem Sônica	Deslizamiento fugaz	Mach Grinden	Szyn. pręd. Dżwięku	急速滑軌	Hemen Kasma		Супербыстрое скольжение по рельсам
skill_grind_up3	Sub Mach Grind		サブ　マッハグラインド	Sub Montaje Mach		Sub Ringhiera Mach	Sub Montagem Sônica	Deslizamiento sub-fugaz	Sub-Mach Grinden	Sub-Szyn. pręd. Dżwięku	次急速滑軌	Alt Hemen Kasma		Подвид супербыстрого скольжения по рельсам
skill_grind_up_description	Slightly increases Grinding speed.		グラインドの速度がちょっと上昇する。	Aumenta ligeramente la velocidad\ninicial de montar un raíl.		Aumenta leggermente la velocità quando sali su un ringhiera.	Aumenta levemente a velocidade inicial ao deslizar em trilhos.	La velocidad al deslizarse en rieles aumenta ligeramente.	Leichte Erhöhung der Geschwindigkeit am Anfang des Rail-Grindens.	Lekko zwiększa prędkość\npoczątkową Szynowania.	稍微提升滑軌的起始速度。	Başlangıçta kasma hızını biraz artırır.		При скольжении по рельсам, расстояние разгона увеличится.
skill_grind_up_description1	Moderately increases Grinding speed.		グラインドの速度がほどほど上昇する。	Aumenta moderadamente la velocidad\ninicial de montar un raíl.		Aumenta moderatamente la velocità quando sali su un ringhiera.	Aumenta moderadamente a velocidade inicial ao deslizar em trilhos.	La velocidad al deslizarse en rieles aumenta moderadamente.	Moderate Erhöhung der Geschwindigkeit am Anfang des Rail-Grindens.	Umiarkowanie zwiększa prędkość\npoczątkową Szynowania.	適度提升滑軌的起始速度。	Başlangıçta kasma hızını orta derecede artırır.		Умеренно увеличивает начальную скорость при разгоне.
skill_grind_up_description2	Greatly increases Grinding speed.		グラインドの速度がかなり上昇する。	Aumenta en gran medida la velocidad\ninicial de montar un raíl.		Aumenta notevolmente la velocità quando sali su un ringhiera.	Aumenta significativamente a velocidade inicial ao deslizar em trilhos.	La velocidad al deslizarse en rieles aumenta significativamente.	Stärkste Erhöhung der Geschwindigkeit am Anfang des Rail-Grindens.	Znacznie zwiększa prędkość\npoczątkową Szynowania.	大幅提升滑軌的起始速度。	Başlangıçta kasma hızını oldukça artırır.		Расстояние разгона увеличится ещё больше.
skill_grind_up_description3	Automatically performs Grind Shuffles,\nbut consumes rings in the process.		自動的にグラインドシャッフルを実行するが\n発動中　リングをに消費する。			Fà automaticamente l'Azione sulla Ringhiera,\nma consuma degi anelli nel mentre.	Faz Truques em Trilhos automaticamente,\nporém consome aneis no processo.	Realizarás trucos en los rieles automáticamente,\npero gastarás Anillos en el proceso	Automatisiert Grind-Shufflen, aber Ringe reduzieren sich dabei.	Automatycznie wykonuje Przeplatanie Szynowe,\nale konsumuje pierścienie.		Kasma işlemini otomatik olarak gerçekleştirir, ancak bu süreçte yüzükleri tüketir.		
skill_all_rounder	All Rounder		オールラウンダー	Todoterreno		Tuttofare	Adaptabilidade	Todoterreno	Allrounder	Wszechstronny	全能跑手	Çok Yönlü		Универсальный
skill_all_rounder_description	Reduces speed loss caused\nby rugged terrain.		移動速度が遅くなる地形で\n減速率が低下する。	Reduce la pérdida de velocidad\nen terrenos escabrosos.		Riduce la velocità persa dal\nterreno ripido.	Reduz a perda de velocidade\nem terrenos ásperos.	La tasa de desaceleración en terrenos\nque reducen la velocidad es menor.	Reduziert Geschwindigkeitsverlust\nauf schroffem Terrain.	Zmniejsza utratę prędkości\nna nierównym terenie.	降低因遲緩地形造成之減速率。	Engebeli araziden kaynaklanan\nhız kaybını azaltır.		На рельефе, где скорость перемещения замедляется, скорость будет снижаться медленнее.
skill_pearl_range	Pearl Collector		パールコレクター	Colecctionista de Perlas		Collezionista di perle	Colecionador de Pérolas	Coleccionista de Perlas	Peerlensammler	Kolekcjoner Pereł	魂珠收集者	İnci Toplayıcı		Сбор жемчужин
skill_pearl_range_description	Attracts nearby Pearls.		近くにあるパールを吸い寄せて回収する。	Atrae las Perlas cercanas.		Attrae Perle vicine.	Atrai Pérolas próximas.	Atrae y recoge las Perlas cercanas.	Zieht Peerlen in der Nähe an.	Przyciąga pobliskie Perły.	吸引周圍之魂珠。	Yakındaki İncileri çeker.		Притягивает и собирает жемчужины, находящиеся рядом.
skill_pearl_respawn	Soul Resurrection		ソウルリザレクション	Resurrección del Alma		Risurrezione dell'Anima	Ressureição da Alma	Alma resurrectiva	Seelenauferstehung	Wskrzeszenie Duszy	靈魂再生	Ruh Dirilişi		Воскрешение с помощью души
skill_pearl_respawn_description	Uses the Soul Gauge\nto revive when defeated.		ソウルゲージを消費することで\n死亡時に復活することができる。	Gasta tu Barra de Almas para revivir\ncuando te derroten.		Usa la Barra dell'Anima\nper risuscitarti quando sei sconfitto.	Usa a Barra Espiritual para\nreviver após ser derrotado.	El medidor de almas puede consumirse para revivir.	Benutzt die Soul Gauge, um dich\nnach einer Niederlage wiederzubeleben.	Używa Pasek Dusz do\nodrodzenia się po śmierci.	被打倒時，消耗魂力量表復活。	Yenildiğinde canlanmak için\nRuh Ölçeri'ni kullanır.		Если опустошить шкалу души, можно воскреснуть после смерти.
skill_pearl_damage	Soul Armor		ソウルアーマー	Armadura Ánima		Armatura dell'Anima	Armadura Espiritual	Armadura del alma	Seelenrüstung	Pancerz Duszy	靈魂護甲	Ruh Zırhı		Броня для души
skill_pearl_damage1	Sub Soul Armor		サブ　ソウルアーマー	Sub Armadura Ánima		Sub Armatura dell'Anima	Sub-Armadura Espiritual	Sub-armadura del alma	Sub-Seelenrüstung	Sub-Pancerz Duszy	次靈魂護甲	Alt Ruh Zırhı		Подвид брони для души
skill_pearl_damage_description	Reduces Soul Power loss when damaged.		ダメージ時にマイナスされるソウルが減少する。	Reduce la pérdida de Poder de Almas\nal recibir daños.		Riduce il Potere dell'Anima perso quando vieni colpito.	Reduz a perda de Poder Espiritual\nao receber dano.	Reduce el número de almas que se pierden al recibir daño.	Reduziert den Verlust der Soul Gauge,\nsobald man Schaden erleidet.	Zmniejsza utratę Mocy Dusz po odniesieniu obrażeń.	降低因受傷失去的魂力。	Hasar gördüğünde Ruh Gücü kaybını azaltır.		При получении урона, снизится количество души.
skill_pearl_damage_description1	Greatly reduces Soul Power loss when damaged, but also reduces defense.		ダメージ時にマイナスされるソウルが\nかなり減少するが防御力が低下する。	Reduce la pérdida de Poder de Almas\n por daños, pero también tu defensa.		Riduce notevolmente il Potere dell'Anima perso\nquando vieni colpito, a scapito della difesa.	Reduz bastante a perda de Poder Espiritual\nao receber dano, mas também reduz a defesa.	Reduce el número de almas que se pierden al\nrecibir daño, pero disminuye la defensa.	Reduziert den Verlust der Soul Gauge,\nsobald man Schaden erleidet, aber Abwehr nimmt ab.	Znacznie zmniejsza utratę Mocy Dusz po\nodniesieniu obrażeń, ale ogranicza obronę.	大幅降低因受傷失去的魂力，但防禦力降低。	Hasar gördüğünde Ruh Gücü kaybını azaltır, ama savunmayı düşürür.		При получении урона, снизится количество души, но очень сильно снизится защита.
skill_ring_loss_convert	Soul Barrier		ソウルバリア	Barrera Ánima		Barriera dell'Anima	Barreira Espiritual	Escudo del alma	Soul Barriere	Bariera Duszy	魂力屏障	Ruh Bariyeri		Поднятие шкалы души
skill_ring_loss_convert1	Sub Soul Barrier		サブ　ソウルバリア	Sub Barrera Ánima		Sub Barriera dell'Anima	Sub Barreira Espiritual	Sub-escudo del alma	Sub-Soul Barriere	Sub-Bariera Duszy	次魂力屏障	Alt Ruh Bariyeri		Подвид поднятия шкалы души
skill_ring_loss_convert_description	Increases Soul Power\nwhen losing rings.		リングが減った時に\nソウルゲージが上昇する。	Obtén Poder de Almas\nal perder anillos.		Aumenta il Potere dell'Anima\nquando perdi anelli.	Obtém Poder Espiritual\nao perder anéis.	Aumenta el medidor de almas cuando pierdes Anillos.	Erhöht die Soul Gauge, wenn man Ringe verliert.	Zwiększa Moc Dusz\nprzy utracie pierścieni.	損失金環時，增加魂力。	Yüzük kaybedildiğinde\nRuh Gücünü artırır.		При уменьшении количества колец, поднимется шкала души.
skill_ring_loss_convert_description1	Greatly increases Soul Power when losing rings, but also reduces defense.		リングが減った時にソウルゲージが\nかなり上昇するが防御力が低下する。	Obtén mucho Poder de Almas al\nperder anillos, pero reduce tu defensa.		Aumenta notevolmente il Potere dell'Anima\nquando perdi anelli, a scapito della difesa.	Obtém bastante Poder Espiritual ao\nperder anéis, porém perde defesa.	Aumenta el medidor de almas cuando pierdes Anillos,\npero disminuye la defensa.	Erhöht die Soul Gauge, wenn man Ringe verliert,\naber Abwehr nimmt ab.	Znacznie zwiększa Moc Dusz przy utracie pierścieni, ale ogranicza obronę.	損失金環時，大幅增加魂力，但防禦力降低。	Yüzük kaybedildiğinde Ruh Gücünü artırır ama savunmayı düşürür.		При уменьшении количества колец, поднимется шкала души, но очень сильно снизится защита.
skill_ring_pearl_convert	Ring Exchange		リングエクスチェンジ	Intercambio de Anillos		Scambio di Anelli.	Troca de Anéis	Intercambio de Anillos	Ringaustausch	Wymiana Pierścieni	金環交換	Yüzük Değişimi		Обмен колец
skill_ring_pearl_convert_description	Counts each Ring collected as 2 pearls.		リング獲得の時\nパール2個分として換算される。	Obtén dos perlas por\ncada Anillo que recojas.		Ogni Anello collezionato verrà trasformato in 2 perle.	Para cada anel coletado, você recebe 2 pérolas.	Al conseguir un Anillo, se convierte en 2 Perlas.	Zählt jeden aufgesammelten Ring als 2 Peerlen.	Liczy każdy zebrany Pierścień jako 2 perły.	將每個獲得的金環換算成兩顆魂珠。	Toplanan her Yüzüğü 2 inci olarak sayar.		Если подобрать кольцо, оно засчитается как 2 жемчужины.
skill_ring_range	Ring Collector		リングコレクター	Coleccionista de Anillos		Collezionatore di Anelli	Colecionador de Anéis	Coleccionista de Anillos	Ringsammler	Kolekcjoner Pierścieni	金環蒐集者	Yüzük Toplayıcı		Коллекция колец
skill_ring_range_description	Attracts nearby Rings.		近くにあるリングを吸い寄せて回収する。	Atrae los Anillos cercanos.		Attrae Anelli vicini.	Atrai anéis próximos.	Atrae y recoge los Anillos cercanos.	Zieht Ringe in der Nähe an.	Przyciąga pobliskie Pierścienie.	吸引附近的金環。	Yakındaki Yüzükleri çeker.		Притягивает и собирает кольца, находящиеся рядом.
skill_ring_spawn	Ring Bonus		リングボーナス	Bonificación de Anillos		Bonus di Anelli	Bônus de Anéis	Bonus por Anillos	Ring-Bonus	Bonus Pierścieni	額外金環	Yüzük Bonusu		Бонус за кольца
skill_ring_spawn_description	Grants additional rings\nwhen starting a stage.		ミッション開始時の所持\nリング個数が増加する。	Comienza el nivel con algunos anillos.		Concede Anelli in più quando\nriprovi un livello.	Concede anéis adicionais ao iniciar uma fase.	Comenzarás con Anillos las misiones.	Startet ein Level mit zusätzlichen Ringe.	Przyznaje dodatkowe pierścienie\nwraz z rozpoczęciem etapu.	任務開始時，增加持有的金環數量。	Bir bölüme başlandığında\nek yüzükler sağlar.		Количество имеющихся колец увеличится с началом миссии.
skill_ring_respawn	Power Restart		パワーリスタート	Retorno Poderoso		Ripresa Potente	Ressurreição Poderosa	Reinicio empoderado	Power-Neustart	Restart Mocy	再來金環	Gücü Yeniden Başlatma		Рестарт после поражения
skill_ring_respawn_description	Grants additional Rings when\nrestarting after being defeated.		死亡から復活の時\n所持リング個数が増加する。	Obtén algunos anillos\ncuando reaparezcas.		Concede Anelli in più quando\nriprovi dopo essere stato sconfitto.	Concede anéis adicionais ao renascer.	Comenzarás con Anillos al revivir.	Starte mit zusätzlichen Ringe\nnach Niederlage.	Przyznaje dodatkowe pierścienie\npo odrodzeniu się.	被打倒並復活後，增加持有的金環數量。	Yenildikten sonra yeniden\nbaşlatıldığında ek Yüzükler verir.		Количество имеющихся колец увеличится при воскрешении после смерти.
skill_ring_damage	Ring Saver		リングセーバー	Protector de Anillos		Risparmiatore di Anelli	Salva-Anéis	Salva-Anillos	Ring-Retter	Pierścienio-oszczędny	小氣金環	Yüzük Kurtarıcı		Сохранение колец
skill_ring_damage_description	Reduces the number of rings lost\nwhen damage is taken.		ダメージをうけた時にマイナスされる\nリングの個数が減少する。	Reduce el número de anillos\nsubstraído al sufrir daños.		Riduce il numero di anelli perduti\nquando prendi danno.	Reduz o número de anéis perdidos ao receber dano.	Reduce el número de Anillos\nque se pierden al recibir daño.	Reduziert die Anzahl an\nverloreren Ringen wenn man Schaden erleidet.	Zmniejsza liczbę utraconych\npierścieni po otrzymaniu obrażeń.	降低受傷時失去的金環數量。	Hasar alındığında kaybedilen\nyüzük sayısını azaltır.		При получении урона, снизится количество отнимаемых колец.
skill_slide_attack	Volcano Slider		ボルカノンスライダー	Deslizamiento Volcán		Slittamento Vulcanico	Deslizamento Vulcânico	Derrape vulcano	Vulkan-Gleiter	Wulkaniczny Ślizgacz	火山滑行	Volkan Kaydııcı		Усиленная атака во время скольжения
skill_slide_attack_description	Grants attack power while sliding.		スライディング中に攻撃力が追加される。	Daña a los enemigos al deslizarte.		Aumenta il potere d'attacco quando slitti.	Aumenta o ataque ao deslizar.	Mayor potencia de ataque mientras te deslizas.	Verleiht Angriffskräfte beim Rutschen.	Zwiększa siłę ataku podczas ślizgania.	滑行追加攻擊力。	Kayarken saldırı gücünü arttırır.		Во время скольжения, увеличится ударная сила.
skill_slide_defense	Aegis Slider		イージススライダー	Deslizamiento Égida		Slittamento Egida	Deslizamento Égide	Derrape de égida	Aegis-Gleiter	Egidzki Ślizgacz	護盾滑行	Kalkan Kaydırıcı		Усиленная защита во время скольжения
skill_slide_defense_description	Grants damage immunity\nwhile sliding.		スライディング中に防衛力が追加される。	Recibe inmunidad al daño\nal deslizarte.		Aumenta la difesa di slittamento.	Aumenta a defesa ao deslizar.	Defensa adicional mientras te deslizas.	Verleiht Unverwundbarkeit\nbeim Rutschen.	Zwiększa obronę podczas ślizgania.	滑行追加防禦力。	Kayarken savunma gücünü arttırır.		Во время скольжения, увеличится защита.
skill_slide_exp	Soul Slider		ソウルスライダー	Deslizamiento Ánima		Slittamento dell'Anima	Deslizamento Etéreo	Derrape del alma	Seelen-Gleiter	Duchowy Ślizgacz	靈魂滑行	Ruh Kaydırıcı		Увеличенный опыт во время скольжения
skill_slide_exp_description	Increases EXP when sliding.		スライディング中に徐々に経験値を\n獲得できる。	Aumenta la EXP obtenida\nal deslizarte.		Aumenta i PE quando slitti.	Aumenta a EXP ao deslizar.	Ganas gradualmente experiencia mientras te deslizas.	Erhöht EP beim Rutschen.	Zwiększa PD podczas ślizgania.	滑行會逐漸獲得EXP	Kayarken EXP'yi arttırır.		Во время скольжения, опыт будет постепенно увеличиваться.
skill_slide_distance	Skimmer		スキマー	Sobrevuelo		Scivolatore	Deslizante	Jabonoso	Schlittern	Przebieżnik	打水漂石	Kayıcı		Баланс скорости
skill_slide_distance1	Super Skimmer		スーパースキマー	Sobrevuelo Veloz		Super Scivolatore	Super Deslizante	Súper jabonoso	Super-Schlittern	Super Przebieżnik	超級打水漂石	Süper Kayıcı		Супер баланс скорости
skill_slide_distance2	Hyper Skimmer		ハイパースキマー	Sobrevuelo Máximo		Iper Scivolatore	Hiper Deslizante	Híper jabonoso	Hyper-Schlittern	Hiper Przebieżnik	究極打水漂石	Hiper Kayıcı		Мега баланс скорости
skill_slide_distance_description	Slightly reduces the amount of\nspeed lost when sliding.		スライディング中の減速率が\nちょっと低下する。	Reduce ligeramente la pérdida\nde velocidad al deslizarte.		Riduce leggermente la perdità\ndi velocità quando slitti.	Reduz levemente a perda de\nvelocidade ao deslizar.	La velocidad que pierdes al derraparte\nse reduce ligeramente.	Leichte Verringerung der\nVerlangsamung beim Rutschen.	Lekko zmniejsza utratę\nprędkości podczas ślizgania.	稍微降低因為滑行造成的減速率。	Kayarken kaybedilen hızı\nbiraz azaltır.		Во время скольжения, скорость будет снижаться медленнее.
skill_slide_distance_description1	Moderately reduces the amount of\nspeed lost when sliding.		スライディング中の減速率が\nほどほど低下する。	Reduce moderadamente la pérdida\nde velocidad al deslizarte.		Riduce moderatamente la perdità\ndi velocità quando slitti.	Reduz moderadamente a perda de\nvelocidade ao deslizar.	La velocidad que pierdes al derraparte\nse reduce moderadamente.	Moderate Verringerung der\nVerlangsamung beim Rutschen.	Umiarkowanie zmniejsza utratę\nprędkości podczas ślizgania.	適度降低因為滑行造成的減速率。	Kayarken kaybedilen hızı\norta derece azaltır.		Скорость будет снижаться ещё медленнее.
skill_slide_distance_description2	Greatly reduces the amount of\nspeed lost when sliding.		スライディング中の減速率が\nかなり低下する。	Reduce significativamente la\npérdida de velocidad al deslizarte.		Riduce notevolmente la perdità\ndi velocità quando slitti.	Reduz significativamente a perda de\nvelocidade ao deslizar.	La velocidad que pierdes al derraparte\nse reduce considerablemente.	Stärkste Verringerung der\nVerlangsamung beim Rutschen.	Znacznie zmniejsza utratę\nprędkości podczas ślizgania.	大幅降低因為滑行造成的減速率。	Kayarken kaybedilen hızı\noldukça azaltır.		Значительно снижает потерю скорости при скольжении.
skill_stomp_dash	Cancel Dash		キャンセルダッシュ	Pisotón Propulsor		Caduta a Propulsore	Cancelamento Impulsivo	Arranque tras cancelar	Abbruch-Schub	Anulowany Pęd	衝刺取消	Atılma İptali		Отмена рывка при приземлении
skill_stomp_dash_description	Provides a speed boost when\nlanding after a Jump Cancel.		ジャンプキャンセルで着地時に\n初速があがる。	Obtén un acelerón en el suelo\ntras usar la Caída Rápida.		Fornisce un aumento di velocità quando\natterì da un Annulla Salto.	Receba um impulso ao\naterrissar após cancelar um pulo.	Al aterrizar tras cancelar un salto,\nla velocidad inicial aumenta.	Erhalte einen Geschwindigkeitsschub,\nnach dem Landen mittels Sprung-Abbruch.	Zapewnia przyśpieszenie po\nAnulowanym Skoku.	在跳躍取消著地時加速。	Atlama İptali sonrasında iniş\nyapıldığında hız artışı sağlar.		При приземлении после отмены прыжка, можно получить очки опыта.
skill_stomp_exp	Cancel Absorber		キャンセルアブソーバー	Pisotón Absorbente		Caduta Assorbente	Cancelamento Experiente	Absorber tras cancelar	Abbruch-Absorber	Anulowany Pochłaniacz	取消吸收	Emici İptali		Отмена поглотителя мощности
skill_stomp_exp_description	Increases EXP gained when\nlanding after a Jump Cancel.		ジャンプキャンセルで着地時に\n経験値を獲得できる。	Aumenta la EXP obtenida\ntras usar la Caída Rápida.		Aumenta i PE ottenuti quando\natterì da un Annulla Salto.	Aumenta a EXP obtido\nao cancelar um pulo.	Al aterrizar tras cancelar un salto, ganas experiencia.	Erhöht EP, nach Landen mittels Sprung-Abbruch.	Zwiększa PD zdobyte po Anulowanym Skoku.	在跳躍取消著地時獲得EXP。	Atlama İptali sonrasında iniş\nyapıldığında kazanılan EXP'yi arttırır.		При приземлении после отмены прыжка, вырастет начальная скорость.
skill_stomp_attack	Fire Gaze		ファイヤーゲイズ	Mirada Ardiente		Caduta Infuocata	Olhar Ardente	Mirada de fuego	Feuerblick	Ogniste Spojrzenie	火焰凝視	Ateş Bakışı		Увеличенная мощность атаки во время отмены прыжка
skill_stomp_attack_description	Grants attack power when\nperforming a Jump Cancel.		ジャンプキャンセル中に\n攻撃力が追加される。	Daña a los enemigos al usar\nla Caída Rápida.		Aumento il potere d'attacco quando\nusi un Annulla Salto.	Aumenta o ataque\napós cancelar um pulo.	Al aterrizar tras cancelar un salto,\ntu poder de ataque aumenta.	Verleiht Angriffskräfte mittels Sprung-Abbruch.	Zwiększa siłę ataku podczas wykonywania\nAnulowanego Skoku.	跳躍取消追加攻擊力。	Zıplama İptali gerçekleştirildiğinde\nsaldırı gücünü artırır.		При отмене прыжка, увеличится ударная сила.
skill_stomp_bounce	Bound Jump		バウンドジャンプ			Salto Rimbalzante	Salto Rebote	Salto rebotador	Abprall-Sprung	Odbijalny Skok		Bağlı Atlama		
skill_stomp_bounce_description	Hold the Action Button to rebound\nwhen landing on the ground.					Tieni premuto il Tasto Azione per rimbalzare\nmentre stai atterrando sul pavimento.	Segure o Botão de Ação para quicar ao aterrissar.	Presiona el botón de acción para rebotar tras aterrizar.	Halte den Action-Knopf gedrückt, um vom Boden abzuprallen.	Przytrzymaj Przycisk Akcji aby\nodbić się po wylądowaniu na ziemię.		Yere indiğinde geri sekme yapmak\niçin Eylem Düğmesini basılı tut.		
skill_accel_jump_attack	Fire Tackle		ファイヤータックル	Acometida Ardiente		Affronto di Fuoco	Investida Ardente	Tacleada de fuego	Feuertackle	Ogniste Powalenie	火焰撞擊	Alev Hücumu		Увеличенная мощность атаки во время короткого прыжка
skill_accel_jump_attack1	Sub Fire Tackle		サブ　ファイヤータックル	Sub Acometida Ardiente		Sub Affronto di Fuoco	Sub Investida Ardente	Sub-tacleada de fuego	Sub-Feuertackle	Sub-Ogniste Powalenie	次火焰撞擊	Alt Alev Hücumu		Подвид увеличенной мощности атаки во время короткого прыжка
skill_accel_jump_attack_description	Grants attack power when\nperforming a Short Jump.		小ジャンプ中に攻撃力が追加される。	Daña a los enemigos al\nrealizar un Brinco.		Aumenta il potere d'attacco quando\nusi un Salto Acceleratorio.	Aumenta o poder de ataque ao\nrealizar um Salto Acelerado.	El poder de ataque aumenta al dar brinquitos.	Verleiht Angriffskräfte mittels Beschleunigungssprung.	Zwiększa siłę ataku podczas\nwykonywania Krótkiego Skoku.	短跳追加攻擊力。	Hızlanma Zıplaması yapıldığında\nsaldırı gücünü artırır.		Во время коротких прыжков, увеличится ударная сила.
skill_accel_jump_attack_description1	Grants attack power when performing a Short Jump, but also reduces defense.		小ジャンプ中に攻撃力が追加されるが\n防御力が低下する。	Daña a los enemigos al realizar\nun Brinco, pero reduce tu defensa.		Aumenta il potere d'attacco quando\nusi un Salto Acceleratorio, a scapito della difesa.	Aumenta o poder de ataque ao realizar\num Salto Acelerado, mas também reduz a defesa.	El poder de ataque aumenta al dar brinquitos, pero disminuye la defensa.	Verleiht Angriffskräfte mittels Beschleunigungssprung, reduziert jedoch Verteidigung.	Zwiększa siłę ataku podczas wykonywania\nSkoku Akceleracyjnego, ale ogranicza obronę.	短跳追加攻擊力，但防禦力降低。	Hızlanma Zıplaması yapıldığında saldırı gücünü artırır, ama savunmayı düşürür.		Во время коротких прыжков увеличится ударная сила, но очень сильно снизится защита.
skill_spin_jump	Spin Jump		スピンジャンプ	Salto Rotatorio		Salto Roteante	Pulo Giratório	Salto giratorio	Spin-Attack	Obrotowy Skok	旋轉跳躍	Dönme Zıplama		Прыжок после столкновения
skill_spin_jump_description	Grants attack power when jumping into enemies.		ジャンプ中に\n攻撃力が追加される。	Daña a los enemigos al\nsaltar sobre ellos.		Aumenta il potere d'attacco quando salti sui nemici.	Aumenta o poder de ataque ao saltar em inimigos.	El poder de ataque aumenta cuando saltas.	Erlaubt es Gegner durch Springen zu attackieren.	Zwiększa siłę ataku podczas skakania na przeciwników.	跳躍增加攻擊力。	Düşmanlara atlarken saldırı gücünü arttırır.		Увеличивает силу атаки при прыжке на врагов.
skill_armor_jump	Armored Jump		アーマージャンプ	Salto Blindado		Salto Blindato	Pulo Blindado	Salto con armadura	Gerüsteter Sprung	Uzbrojony Skok	鎧甲跳躍	Zırhlı Zıplama		Усиленный прыжок
skill_armor_jump_description	Increases defense when jumping into enemies.		ジャンプ中に\n防御力が追加される。	Aumenta tu defensa al saltar\nsobre enemigos.		Aumenta la difesa quando salti sui nemici.	Aumenta a defesa ao saltar em inimigos.	La defensa aumenta cuando saltas.	Steigert Abwehr während man in Gegner hineinspringt.	Zwiększa obronę podczas skakania na przeciwników.	跳躍增加防禦力。	Düşmanlara atlarken savunmayı arttırır.		Увеличивает защиту при прыжке на врагов.
skill_double_jump	Double Jump		ダブルジャンプ	Doble Salto		Doppio Salto	Pulo Duplo	Salto doble	Doppelsprung	Podwójny Skok	二段跳	Çift Zıplama		Двойной прыжок
skill_double_jump_description	Provides an extra jump when in the air.		空にいる時に\n追加ジャンプを可能にする。	Obtén un salto extra en el aire.		Ti garantisce un salto in più in aria.	Permite que Sonic pule duas vezes.	Permite un salto adicional en el aire.	Stellt einen Extra-Sprung in der Luft zur Verfügung.	Pozwala na dodatkowy skok w powietrzu.	置空時能再次跳躍。	Havadayken bir kere daha zıplayabilirsin.		Даёт дополнительный прыжок в воздухе.
skill_backstep_attack	Fire Step		ファイヤーステップ	Paso Ígneo		Passo Infuocato	Esquiva Ardente	Paso de fuego	Feuerschritt	Ognisty Krok	火焰跨步	Ateşli Adım		Огневой обратный шаг
skill_backstep_attack_description	Grants attack power when\nperforming a Backflip.		バックステップに攻撃力が追加される。	Daña a los enemigos al realizar\nla Voltereta hacia Atrás.		Aumenta il potere d'attacco quando\nesegui una capriola.	Aumenta o poder de ataque ao se esquivar para trás.	Otorga poder de ataque al dar pasos hacía atrás.	Erlaubt Angriff-Stärke, während ein Rückwärtssalto eingesetzt wird.	Zwiększa siłę ataku podczas\nwykonywania Przewrotu w Tył.	後空翻追加攻擊力。	Geri takla atıldığında\nsaldırı gücü artar.		При обратном шаге, увеличится ударная сила.
skill_land_dash	Landing Dash		ランディングダッシュ	Aterrizaje Acelerante		Slancio d'Atterraggiò	Impulso de Aterrissagem	Aterrizaje con arranque	Landungsschub	Przyśpieszające Lądowanie	著地衝刺	İniş Atılması		Рывок при приземлении
skill_land_dash_description	Provides a speed boost when landing.		着地した時に初速があがる。	Recibe un acelerón al entrar\nen contacto con el suelo.		Fornisce un aumento di velocità quando atterrì.	Obtenha um impulso após aterrissar.	La velocidad inicial aumenta al aterrizar.	Gibt Sonic einen Geschwindigkeitsschub beim Landen.	Zapewnia przyśpieszenie podczas lądowania.	著地時加速。	İniş sırasında hız artışı sağlar.		При приземлении, увеличится начальная скорость.
skill_land_soul	Soul Absorber		ソウルアブソーバー	Absorción de Almas		Assorbitore dell'Anima	Absorção Espiritual	Absorbe almas	Seelen-Absorber	Pochłaniacz Dusz	魂力吸收者	Ruh Emici		Поглотитель души
skill_land_soul1	Soul Assimilator		ソウルセモレイター	Asimilación de Almas		Assimilatore dell'Anima	Assimilador Espiritual	Asimila almas	Seelen-Assimilator	Asymilator Dusz	魂力同化者	Ruh Özümseyici		Впитыватель души
skill_land_soul2	Soul Devourer		ソウルディヴァウワー	Devorador de Almas		Divoratore dell'Anima	Devorador Espiritual	Devora almas	Seelen-Verschlinger	Pożeracz Dusz	魂力吞噬者	Ruh Yiyici		Пожиратель души
skill_land_soul3	Sub Soul Devourer		サブ　ソウルディヴァウワー	Sub Devorador de Almas		Sub Divoratore dell'Anima	Sub Devorador Espiritual	Demi-devora almas	Sub-Seelen-Verschlinger	Sub-Pożeracz Dusz	次魂力吞噬者	Alt Ruh Yiyici		Сильный пожиратель души
skill_land_soul_description	Slightly increases the Soul Gauge\nwhen landing.		着地した時にソウルゲージがちょっと上昇する。	Llena un poco la Barra de Almas\nal aterrizar de un salto.		Aumenta leggermente l'Indicatore dell'Anima\nquando atterrì.	Aumenta levemente a Barra Espiritual ao aterrissar.	El medidor de almas aumenta ligeramente al aterrizar.	Leichte Erhöhung der Soul Gauge,\nbeim Landen.	Lekko zwiększa Pasek Dusz\npodczas lądowania.	著地時稍微增加魂力量表。	İniş sırasında biraz\nhız artışı sağlar.		При приземлении, заполнится шкала души.
skill_land_soul_description1	Moderately increases the Soul Gauge\nwhen landing.		着地した時にソウルゲージがほどほど上昇する。	Llena moderadamente la Barra de\nAlmas al aterrizar de un salto.		Aumenta moderatamente l'Indicatore dell'Anima\nquando atterrì.	Aumenta moderadamente a Barra Espiritual ao aterrissar.	El medidor de almas aumenta moderadamente al aterrizar.	Moderate Erhöhung der Soul Gauge,\nbeim Landen.	Umiarkowanie zwiększa Pasek Dusz\npodczas lądowania.	著地時適度增加魂力量表。	İniş sırasında orta\nderece hız artışı sağlar.		При приземлении, шкала души заполнится ещё больше.
skill_land_soul_description2	Greatly increases the Soul Gauge\nwhen landing.		着地した時にソウルゲージがかなり上昇する。	Llena bastante la Barra de Almas\nal aterrizar de un salto.		Aumenta notevolmente l'Indicatore dell'Anima\nquando atterrì.	Aumenta significativamente a Barra Espiritual ao aterrissar.	El medidor de almas aumenta considerablemente al aterrizar.	Große Erhöhung der Soul Gauge,\nbeim Landen.	Dużo zwiększa Pasek Dusz\npodczas lądowania.	著地時大幅增加魂力量表。	İniş sırasında oldukça\nhız artışı sağlar.		Шкала души значительно увеличится при приземлении.
skill_land_soul_description3	Significantly increases the Soul Gauge when landing, but consumes rings.		着地した時にソウルゲージがかなり上昇するが\nリングを消費する。	Llena significativamente la Barra de\nAlmas al aterrizar de un salto.		Aumenta in modo signoficativo l'Indicatore dell'Anima\nquando atterrì, ma consuma anelli.	Aumenta significativamente a Barra Espiritual ao aterrissar, mas consome anéis.	El medidor de almas aumenta considerablemente\nal aterrizar, pero gasta Anillos.	Deutliche Erhöhung der Soul Gauge,\nbeim Landen, aber Ringe reduzieren sich dabei.	Bardzo dużo większa Pasek Dusz podczas\nlądowania, ale zużywa przy tym pierścienie.	著地時大幅增加魂力量表，但會消耗金環。	İniş sırasında oldukça hız artışı sağlar, ama yüzükleri tüketir.		При приземлении, заполнится шкала души, но потратятся кольца.
skill_rocket_start	Rocket Start		ロケットスタート	Salida Cohete		Inizio a Razzo	Largada Foguete	Inicio cohete	Raketen-Start	Rakietowy Start	火箭起步	Roket Başlama		Ракетный старт
skill_rocket_start1	Warp Dash		ワープダッシュ			Scatto Trasportante	Largada Relâmpago	Arranque relámpago	Warp Dash	Wypaczony Pęd		Çözgü Atılımı		
skill_rocket_start_description	Press the Action Button when\nthe countdown ends for a speed boost.		カウントダウンが終了時に\nアクションボタンを押すことで加速する。	Pulsa Acción Especial cuando la\ncuenta atrás termine para un impulso.		Premi il Pulsante d'Azione quando\nil cronometro finisce per un aumento di velocità.	Aperte o Botão de Ação quando a contagem\nregressiva acabar para receber um impulso.	Presiona el botón de acción al finalizar la cuenta\nregresiva para un impulso de velocidad.	Drücke den Action-Knopf, sobald der Countdown endet, um einen Geschwindigkeitsschub zu bekommen.	Podczas odliczania, gdy wyświetli się 1,\nnaciśnij Przycisk Akcji, aby uzyskać przyśpieszenie.	當倒數至1時按下動作鍵會加速。	Geri sayım bittiğinde hız artışı\niçin Aksiyon Düğmesine basın.		Скорость разгона увеличится ещё больше.
skill_rocket_start_description1	Fills the Soul Gauge when\nperforming a successful Rocket Start.		ロケットスタートが成功時に\nソウルゲージが上昇する			Riempie la Barra dell'Anima quando\nfai un Inizio a Razzo con successo 	Enche a Barra Espiritual\nao realizar uma Largada Foguete.	Llena el Medidor de almas\nal realizar exitosamente un Inicio cohete.	Füllt die Soul Gauge beim\nerfolgreichem Raketen-Start auf.	Ładuje Pasek Dusz przy poprawnym wykonaniu Rakietowego Startu.		Başarılı bir Roket Başlangıcı gerçekleştirildiğinde\nRuh Göstergesini doldurur.		
skill_down_cancel	Down Cancel		ダウンキャンセル	Antiderribos		Infermabile	Retomada	Cancelable	Stehaufmännchen	Anulowanie Powalenia	受身	Aşağı İptal		Восстановление после урона
skill_down_cancel_description	Press the Jump Button when\ntaking damage to cancel knockdown.		ダメージ中にジャンプボタンを押すことで\nダメージ体勢をキャンセルする。	Pulsa el Botón de Salto para\nevitar salir despedido al recibir daños.		Premi il Tasto di Salto quando\nprendi danno per cancellare l'atterramento.	Aperte o Botão de Pulo ao levar\ndano para não ser derrubado.	Al presionar el botón de salto mientras\nrecibes daño, se cancela la postura de daño.	Drücke die Sprungtaste, wenn man Schaden nimmt, um den Rückstoß zu umgehen.	Gdy odniesiesz obrażenia, naciśnij\nPrzycisk Skoku, aby Anulować Powalenie.	受傷時按下跳躍鍵可以取消受傷硬直時間。	Hasar aldığında devrilmeyi iptal\netmek için Zıplama Düğmesine bas.		При получении урона, герой быстро автоматически встанет снова.
skill_fire_soul_lockon	Fire Lock-On		ファイヤーロックオン	Fijado Ígneo		Aggancio di Fuoco	Trava Ardente	Fijado al fuego	Feuer-Zielschuss	Ogniste Namierzanie	火焰追蹤	Ateş Kilitlenme		Прицел на Душу огня
skill_fire_soul_lockon_description	Allows Homing Attacks\nto target Fire Souls.		ファイヤーソウルをロックオンしホーミング\nアタックできるようになる。	Permite al Ataque Teledirigido fijar\nAlmas Ígneas como objetivo.		Permette Attacchi a Ricerca\nalle Anime Infuocate.	Permite realizar Ataques\nTeleguiados em Almas de Fogo.	Permite fijar como objetivo de un\nAtaque teledirigido las Almas de fuego.	Erlaubt das Anvisieren von Feuerseelen für Homing Attacks.	Pozwala Atakom Naprowadzającym\nnamierzać Ogniste Dusze.	對焰魂使用追蹤攻擊。	Ateş Ruhları hedeflerine\nGüdümlü Saldırı yapılabilir.		Даёт прицел на Душу огня с помощью Самонаводящейся атаки.
skill_splash_jump	Splash Jump		スプラッシュジャンプ	Salto de Respaldo		Salto Sguazzante	Salto Suplementar	Salto chapoteador	Splash Jump	Skok Rozpryskowy	噴濺跳躍	Çırpınma Zıplama		Прыжок после столкновения
skill_splash_jump_description	Provides an extra jump when\nJump Dashing into an obstacle.		空中で障害物に接触すると\nジャンプする	Obtén un salto extra al realizar un\nAcelerón Aéreo contra un obstáculo.		Fornisce un salto aggiuntivo quando\nesegui un Salto Impetuoso ad un ostacolo.	Obtenha um pulo extra ao realizar\numa Investida contra um obstáculo.	Si chocas con un obstáculo en el aire, saltarás.	Verleiht einen Extrasprung, wenn man einen Jump Dash auf einer Wand anwendet.	Zapewnia dodatkowy skok podczas wykonywania\nSkoku Pędowego w przeszkodę.	跳躍衝刺接觸障礙物時能再跳躍。	Engele doğru Zıplama Atılmada\nekstra sıçrama sağlar.		При сильном столкновении с препятствием в воздухе, вы подпрыгнете.
skill_drift_exp	Expert Drift		エキスパートドリフト	Derrape Experto		Derapata Esperta	Derrapagem de Especialista	Derrape experto	Expertendrift	Drift Eksperta	專家甩尾	Uzman Yanlama		Экспертный дрифт
skill_drift_exp_description	Increases EXP during a Drift, but requires pressing the Action Button with good timing.		ドリフト中にEXPが増加するがタイミングよく\nアクションボタンを押す必要がある。	Derrapa pulsando Acción Especial en el momento justo y obtén más EXP.		Aumenta i PE durante una derapata, ma richiede di premere il Tasto d'Azione al tempismo giusto.	Aumenta a Experiência ganha por Derrapagem,\nmas requer controle manual no momento certo.	La EXP aumenta al derrapar, pero debes presionar\nel botón de acción en el momento adecuado.	Erhöht EP beim Driften, aber verlangt Timing mittels Action-Knopf.	Zwiększa PD podczas driftu, ale wymaga\nnaciśnięcia Przycisku Akcji tuż przy końcu skrętu.	在甩尾時獲得EXP，但需要在正確時間點按下動作鍵。	Yanlama sırasında EXP'yi artırır, ancak Aksiyon Düğmesine iyi bir zamanda basılmasını gerektirir.		При приближении к рельсу, можно применить дрифт и получить опыт.
skill_rank_preview	Rank Preview		ランク プレビュー	Rango Visible		Anteprima del Rango	Prévia de Ranque	Vista previa del rango	Rang-Vorschau	Podgląd Rangi	評價預覽	Rütbe Önizlemesi		Предварительный просмотр ранга
skill_rank_preview_description	Displays the current rank during gameplay.		ゲーム時に順位が表示されます。	Se muestra tu rango actual mientras juegas.		Visualizza il rango corrente durante il livello.	Mostra o ranque atual durante o jogo.	Tu rango se mostrará durante el juego.	Zeigt jetzigen Rang während Gameplay an.	Wyświetla bieżącą rangę podczas rozgrywki.	在遊玩時顯示目前的評價順位。	Oyun sırasında mevcut rütbeyi gösterir.		Ваш ранг будет отображаться во время игры.
skill_perfect_homing_attack	Perfect Homing Attack		パーフェクトストライク	Ataque Teledirigido Preciso		Attacco a ricerca Perfetto	Ataque Teleguiado Perfeito	Ataque teledirigido perfecto	Perfekte Homing Attack	Perfekcyjny Atak Naprowadzający	完美追蹤攻擊	Kusursuz Güdümlü Saldırı		Идеальная Самонаводящаяся атака
skill_perfect_homing_attack_description	Increases attack power when\nperforming a well-timed Homing Attack.		タイミングよくホーミングアタックを\n行った時の攻撃力が増加する。	Inflinge mayor daño al realizar un\nAtaque Teledirigido en el momento justo.		Aumenta il Potere d'Attacco quando\nesegui un Attacco a Ricerca al tempismo giusto.	Inflinge maior dano ao realizar um\nataque teleguiado no tempo certo.	Aumenta el poder de ataque al realizar un\nAtaque teledirigido en el momento adecuado.	Erhöht Angriffskraft mittels Homing Attack mit guten Timing.	Zwiększa siłę ataku podczas dobrze\nwyczutego Ataku Naprowadzającego.	在正確時間點進行的追蹤攻擊追加攻擊力。	İyi zamanlanmış bir Güdümlü Saldırı\ngerçekleştirildiğinde saldırı gücünü artırır.		Сила атаки увеличится, если сделать\nСамонаводящуюся атаку в нужный момент.
skill_grounded_homing_attack	Grounded Homing Attack		グラウンデッドホーミングアタック			Attacco a Ricerca Terreno	Ataque Teleguiado Terreno	Ataque teledirigido terrestre	Sprunglose Homing Attack	Uziemiony Atak Naprowadzający		Yere Bağlı Güdümlü Saldırı		
skill_grounded_homing_attack_description	Allows starting a Homing Attack when on the ground.		地上にいる時に\nホーミングアタックをできる。			Permette di iniziare un Attacco a Ricerca mentre sei a terra.	Permite iniciar um Ataque Teleguiado do chao.	Puedes realizar el Ataque teledirigido estando en tierra.	Erlaubt vom Boden aus eine Homing Attack zu starten.	Pozwala na wykonanie\nAtaku Naprowadzającego na ziemi.		Yerdeyken Güdümlü Saldırı yapmana izin verir.		
skill_air_boost	Air Boost		エアブースト			Boost Aereo	Impulso Aéreo	Impulso aéreo	Air Boost	Powietrzny Pęd		Hava Desteği		
skill_air_boost_description	Allows performing a Speed Break in the air.		空にいる時に\nスピードブレイクをできる。			Permette di usare la Rottura della Velocità in aria.	Permite usar Impulso Veloz no ar.	Puedes realizar un Quiebra-velocidad en el aire.	Erlaubt es Speed Break in der Luft zu aktivieren.	Pozwala na wykonanie Zrywu Pędu w powietrzu.		Havada hız kesme manevrası yapılmasına olanak tanır.		
skill_instant_speed_break	Insta-Break		インスタブレイク			Insta-Rottura	Impulso Instantâneo	Quiebre inmediato	Insta-Break	Natychmiastowy Zryw		Anında Ara		
skill_instant_speed_break_description	Reduces startup on Speed Break.		スピードブレイク\n起動時を削減する。			Reduce il tempo d'inizio della Rottura della Velocità.	Reduz o tempo de ativação do Impulso Veloz.	Disminuye el tiempo de activación\ndel Quiebra-velocidad.	Reduziert die Start-Animation für Speed Break.	Zmniejsza czas wystartowania Zrywu Pędu.		Hız kesme anında kalkış süresini azaltır.		
skill_quick_step	Quick Step		クイックステップ	Paso Rápido		Passo Rapido	Deslocamento Rápido	Paso rápido	Quick Step	Szybki Krok	快速跨步	Çabuk Adım		Быстрый шаг
skill_quick_step_description	Press the Step Buttons when running to step sideways.		走り中にステップボタンを押すと\n横にステップします。	Pulsa los botones traseros en carrera para realizar un movimiento lateral.		Premi il Pulsante del Passo quando corri per eseguire un Passo Rapido.	Pressione os botões de Esquiva enquanto\ncorre para realizar um Deslocamento Rápido.	Presiona los botones de paso mientras corres\npara dar un paso rápido.	Drücke die Step-Knöpfe während man rennt, um einen Schnellschritt auszuführen.	Wciśnij Przyciski Kroku podczas biegu\nby wykonać Szybki Krok.	跑步時按下跨步鍵可以使用快速跨步。	Çabuk Adım gerçekleştirmek için koşarken Adım Düğmelerine bas.		Быстрое перемещение влево и вправо во время бега.
skill_quick_step1	Quick Slide		クイックスライド			Scivolamento Veloce	Deslizamento Rápido	Deslizamiento rápido	Quick Slide	Szybki Wślizg		Hızlı Kayma		Быстрое скольжение
skill_quick_step_description1	Press and hold the Step Buttons when running to slide sideways.		走っている時にステップボタンを押すと\n横にスライドします。			Tieni premuto il Pulsante del Passo mentre corri per scivolare lateralmente. 	Segure os botões de Esquiva enquanto \ncorre para deslizar lateralmente	Presiona y mantén los botones de Paso\npara deslizarte lateralmente.	Drücke und halte die Step-Knöpfe während man rennt, um seitwärts zu rutschen.	Wciśnij i przytrzymaj Przyciski Kroku\npodczas biegania aby ślizgać się na boki.		Koşarken yana doğru kaymak için Adım Düğmelerine basılı tut.		Нажмите и удерживайте кнопки Быстрого шага\nво время бега, чтобы скользить вбок.
skill_light_speed_dash	Light Speed Dash		ライトスピードダッシュ	Acelerón Fugaz		Slancio alla Velocità della Luce	Arrancada Suave	Arranque a velocidad luz	Light Speed Dash	Pęd Prędkości Światła	光速衝刺	Işık Hızı Atılma		Световой рывок
skill_light_speed_dash_description	Press the Light Dash Button when\nnear Rings to travel along them.		リングの近くにライトダッシュボタンを\n押すことでリングに沿って移動する。	Pulsa el botón de Acelerón Fugaz para viajar sobre una hilera de Anillos.		Premi il Pulsante Slancio della Luce quando\nsei vicino a degli anelli per viaggiare tra di essi.	Pressione o botão da Arrancada Suave próximo\na anéis para viajar sobre eles.	Presiona el botón del Arranque luz cerca de\nuna hilera de Anillos para viajar por ellos.	Drücke den Light Dash-Knopf in der Nähe von Ringen, um an ihnen entlang zu fliegen.	Wciśnij przycisk Pędu Pręd. Światła gdy jesteś\nblisko pierścieni, by przemierzyć się wzdłuż nich.	在接近金環時按下光速衝刺鍵可以隨著金還穿梭。	Halkaların yakınındayken Işık Hızı Düğmesine\nbasarak halkalar boyunca ilerleyin.		Вы сможете двигаться со скоростью света по дорожкам из колец.
skill_light_speed_attack	Light Speed Attack		ライトスピードアタック	Ataque Fugaz		Attacco alla Velocità della Luce	Ataque Fugaz	Ataque a velocidad luz	Light Speed Attack	Atak Prędkości Światła	光速攻擊	Işık Hızı Saldırı		Световая атака
skill_light_speed_attack_description	Hold the Attack button during a Homing Attack to attack multiple enemies quickly.		ホーミングアタック時にアタックボタンを押し\n続けると敵を早く攻撃する。	Mantén el botón de Salto para atacar a varios enemigos rápidamente.		Tieni premuto il Tasto di Salto durante un'attacco a ricerca per attaccare multipli nemici velocemente.	Segure o Botão de Pulo durante um Ataque Teleguiado\npara atacar vários inimigos rapidamente.	Mantener presionado el botón de salto durante un ataque teledirigido\npermite golpear a los enemigos más rápidamente.	Halte die Sprung-Taste während einer Homing Attack gedrückt, um mehrere Gegner auf einmal anzugreifen.	Trzymaj przycisk Skoku podczas Ataku Naprowadzającego\nby szybko zaatakować kilku przeciwników.	在進行追蹤攻擊時按下跳躍鍵可以快速攻擊多數敵人。	Bir sürü düşmana hızlıca saldırmak için Hedefe Yönelik Saldırı sırasında Zıplama düğmesini basılı tut.		Вы сможете уничтожить множество врагов со скоростью света.
skill_crest_wind	Crest of Wind		クレストオブウィンド	Cresta del Viento		Cresta del Vento	Crista do Vento	Cresta de viento	Wappen des Windes	Szczyt Wiatru	風之徽章	Rüzgarın Zirvesi		На гребне ветра
skill_crest_wind_description	Consumes rings to provide a speed boost when running at full speed.		全速力で走る時にリングを消費して\n最高速度の上限が上昇する。	Desbloquea el poder del Viento al\nequipar 10 o más abilidades de Viento.		Consuma anelli per dare un aumento di velocità quando sei a velocità massima.	Consome anéis para ganhar um impulso\nao correr na velocidade máxima.	Gasta anillos para aumentar el límite de\nvelocidad al correr a toda velocidad.	Reduziert Ringe im Austausch für einen Geschwindigkeitsschub bei maximaler Geschwindkeit.	Konsumuje pierścienie, aby dostarczyć przyśpieszenie\npodczas biegania z maks. prędkością.	全速奔跑時消耗金環以獲得加速效果。	10 Rüzgar tabanlı beceriyi kuşanırsan\nRüzgar gücünü açarsın.		Расходует кольца, обеспечивая ускорение при беге на полной скорости.
skill_crest_fire	Crest of Fire		クレストオブフャイヤー	Cresta Ígnea		Cresta del Fuoco	Crista do Fogo	Cresta de fuego	Wappen des Feuers	Szczyt Ognia	焰之徽章	Ateşin Zirvesi		На гребне огня
skill_crest_fire_description	Creates a large explosion when performing a homing attack on enemies.		敵にホーミングアタック時に\n大きい爆発を引き起こす。	Desbloquea el poder del Fuego al\nequipar 6 o más abilidades de Fuego.		Crea una grande esplosione quando usi il tuo Attacco a Ricerca sui nemici.	Cria uma grande explosão ao acertar um inimigo\ncom o Ataque Teleguiado.	El ataque teledirigido provoca una\ngran explosión sobre el enemigo.	Erzeugt große Explosionen während man eine Homing Attack auf Gegnern ausführt.	Tworzy wielką eksplozję podczas wykonywania\nAtaku Naprowadzającego na przeciwnikach.	對敵人使用追蹤攻擊時追加大爆炸效果。	6 Ateş tabanlı beceriyi kuşanırsan\nAteş gücünü açarsın.		Создаёт большой взрыв при Самонаводящейся атаке по врагам.
skill_crest_dark	Crest of Darkness		クレストオブダーク	Cresta Sombría		Cresta delle Tenebre	Crista da Escuridão	Cresta sombría	Wappen der Finsternis	Szczyt Mroku	闇之徽章	Karanlığın Zirvesi		На гребне тьмы
skill_crest_dark_description	Increases the Soul Gauge when running at full speed and increases defense when it is charged.		全速力で走る時にソウルゲージが上昇する。\nチャージされている時に防衛力が追加される。	Desbloquea el poder de la Oscuridad al\nequipar 8 o más habilidades Oscuras.		Aumenta l'Indicatore dell'Anima quando sei a velocità massima\ne aumenta la difesa quando è carico.	Aumenta a Barra Espiritual ao alcançar a velocidade\nmáxima e aumenta a defesa quando ela estiver carregada.	El medidor de almas aumenta cuando corres a toda\nvelocidad. La defensa aumenta cuando está cargado.	Erhöht die Soul Gauge bei maximaler Geschwindkeit und erhöht Verteidigung sobald diese aufgeladen ist.	Zwiększa Pasek Dusz podczas biegania z maks. prędkościa,\noraz zwiększa obronę gdy jest naładowany.	全速奔跑時恢復魂力量表，並在充滿時增加防禦力。	8 Karanlık tabanlı beceriyi kuşanırsan\nKaranlık gücünü açarsın.		Увеличивает шкалу души при беге на полной скорости и повышает защиту при зарядке.
skill_darkspine	Darkspine		ダークスパインソニック			Darkspine	Darkspine	Espinoscuro	Darkspine	Darkspine		Karadiken		Даркспайн
skill_darkspine_description	Increase the Soul Gauge at will.		ソウルゲージを自由に増やす。			Aumenta la Barra dell'Anima a volontà.	Aumenta a Barra Espiritual à vontade.	Aumenta el Medidor de almas a voluntad.	Erhöht die Soul Gauge nach Belieben.	Naładuj Pasek Dusz kiedy chcesz.	自由增加魂力量表。	Ruh Göstergesini istediğin gibi artır.		
skill_character	Modded Characters	MOD　キャラ					Mods de Personagens	Mods de personajes	Mod-Charaktere					
skill_character_description	Community made character mods.	プレイヤー作ったキャラクターMOD。					Mods de personagens feitos pela comunidade.	Mods de personajes creados por la comunidad.	Von der Community erstellte Charakter-Mods					
skill_custom_character_description	Play as [CHARACTER].	[CHARACTER]としてプレイします。					Jogar como [CHARACTER]	Jugar con [CHARACTER].	Spiele als [CHARACTER].					
														
														
bonus_ring	Ring Bonus		リング　ボーナス	Bonificación por Anillos		Bonus Anelli	Bônus de Anel	Bonus por Anillos	Ring-Bonus	Bonus Pierścieni	金環獎勵	Yüzük Bonusu		Бонус за кольца
bonus_enemy	Enemy Bonus		マジン　ボーナス	Bonificación por Enemigos		Bonus Nemici	Bônus de Inimigo	Bonus por Enemigos	Gegner-Bonus	Bonus Przeciwników	敵人獎勵	Düşman Bonusu		Бонус за врагов
bonus_drift	Drift Bonus		ドリフト　ボーナス	Bonificación por Derrape		Bonus Derapata	Bônus de Derrapagem	Bonus por derrapes	Drift-Bonus	Bonus Driftu	甩尾獎勵	Kayma Bonusu		Бонус за дрифт
bonus_grindstep	Grind Step Bonus		ステップ　ボーナス	Bonificación por Aterrizaje en Raíl		Bonus Corsa sulla Ringhiera	Bônus de Troca de Trilho	Bonus por cambio de riel	Grind Step-Bonus	Bonus Kroku Szynowego	換軌獎勵	Ray Adımı Bonusu		Бонус за скольжение
bonus_grind_shuffle	Grind Shuffle Bonus		シャッフル　ボーナス	Bonificación por Truco en Raíl		Bonus Azione su Ringhiera	Bônus de Truque no Trilho	Bonus por trucos en riel	Grind Shuffle-Bonus	Bonus Przeplatanki Szynowej	踏軌加速獎勵	Ray Karışık Hareket Bonusu		Бонус за комбо скольжение
bonus_exp	EXP Bonus		EXP　ボーナス	Bonificación de EXP		Bonus PE	Bônus de EXP	Bonus de EXP	EP-Bonus	Bonus PD	EXP獎勵	EXP Bonusu		Бонус за опыт
														
spb_brackets	[DATA]		【DATA】	[DATA]		[DATA]	[DATA]	[DATOS]	[DATA]	[DANE]	[DATA]	[VERİ]		[ДАННЫЕ]
spb_chapter	Chapter		第章	Capítulo		Capitolo	Capítulo	Capítulo	Kapitel	Rozdział	章節	Bölüm		Глава
spb_chapter_history	HISTORY		ヒストリー	HISTORIA		STORIA	HISTÓRIA	HISTORIA	GESCHICHTE	HISTORIA	歷史	TARİH		ИСТОРИЯ
spb_chapter_illust	ILLUSTRATIONS		イラスト	ILUSTRACIONES		ILLUSTRAZIONI	ILUSTRAÇÕES	ILUSTRACIONES	ILLUSTRATIONEN	ILLUSTRACJE	插圖	RESİMLER		ИЛЛЮСТРАЦИИ
spb_chapter_movie	MOVIE		ムービー	ESCENAS		FILMATI	CENAS	CINEMÁTICAS	FILMCLIP	SCENY	電影	FİLM		КАТСЦЕНЫ
spb_chapter_dev	DEVELOPER MATERIAL		開発資料	DESARROLLO DEL JUEGO		MATERIALE DEGLI SVILUPPATORI	MATERIAL DE DESENVOLVIMENTO	MATERIALES DEL DESARROLLO	ENTWICKLERMATERIAL	MATERIAŁ DEWELOPERSKI	開發素材	GELİŞTİRİCİ MATERYAL		ДОКУМЕНТЫ ПО РАЗРАБОТКЕ
spb_chapter_music	BGM		BGM	MÚSICA		MUSICA	MÚSICA	MÚSICA DE FONDO	BGM	MUZYKA W TLE	BGM	APM		МУЗЫКА
spb_chapter_rank	ACHIEVEMENTS		ランクネーム	LOGROS		RISULTATI	CONQUISTAS	LOGROS	ERRUNGENSCHAFTEN	OSIĄGNIĘCIA	成就	BAŞARIMLAR		ДОСТИЖЕНИЯ
spb_chapter_diary	BIG'S TRAVEL DIARY		ビッグの旅日記	DIARIO DE VIAJE DE BIG		DIARIO DI VIAGGIO DI BIG	DIÁRIO DE VIAGEM DO BIG	DIARIO DE VIAJE DE BIG	BIGS REISETAGEBUCH	PAMIĘTNIK Z PODRÓŻY BIG'A	比谷的旅行日誌	BIG'İN SEYAHAT GÜNLÜĞÜ		ДНЕВНИК ПУТЕШЕСТВИЙ КОТА БИГА
														
spb_hint_complete	Complete [AREA] Mission [NUMBER]...		[AREA]ミッション[NUMBER]をクリアする...	Supera la Misión [NUMBER] del [AREA]...		Completa la Missione [NUMBER] in [AREA]...	Complete [AREA] Missão [NUMBER]...	Completa la misión [NUMBER] de [AREA]...	Absolviere [AREA] Mission [NUMBER]...	Ukończ [AREA] Misję [NUMBER]...	完成 [AREA] 第 [NUMBER] 任務…	[AREA] [NUMBER] Tamamla...		Пройдите [AREA] в миссии [NUMBER]...
spb_hint_silver	Get [NUMBER] Silver Medals...		[NUMBER]個の銀メダルを集めて...	Consigue [NUMBER] Medallas de Plata...		Ottieni [NUMBER] Medaglie d'Argento...	Consiga [NUMBER] Medalhas de Prata...	Obtén [NUMBER] Medallas plateadas...	Hol dir [NUMBER] Silbermedaillen...	Zdobądż [NUMBER] Srebrnych Medali...	獲得 [NUMBER] 銀色獎牌…	[NUMBER] Gümüş Madalya Kazan...		Соберите [NUMBER] серебряных медалей...
spb_hint_gold	Complete [AREA]\nMission [NUMBER] with a Gold Medal...		[AREA]ミッション[NUMBER]を金メダルでクリアする...	Obtén una Medalla de Oro en la Misión [NUMBER] del [AREA]...		Ottieni una Medaglia d'Oro\nnella Missione [NUMBER] in [AREA]...	Complete [AREA]\nMissão [NUMBER] com uma Medalha de Ouro...	Completa la misión [NUMBER] de [AREA]\ncon una Medalla dorada...	Absolviere [AREA]\nMission [NUMBER] mit einer Goldmedaille...	Ukończ [AREA]\nMisję [NUMBER] ze Złotym Medalem...	以金色獎牌的成績完成 [AREA] 第 [NUMBER] 任務…	[AREA]\n[NUMBER]'i Altın Madalya ile tamamla...		Пройдите [AREA] в миссии [NUMBER], чтобы \nполучить золотые медали...
spb_hint_all_gold	Complete All Missions in\n[AREA] with a Gold Medal...		[AREA]の全ミッションを金メダルでクリアする...	Supera todas las Misiones del [AREA] con una Medalla de Oro...		Ottieni una Medaglia d'Oro in\ntutte le Missioni in [AREA]...	Complete todas as missões em\n[AREA] com Medalhas de Ouro...	Completa todas las misiones de [AREA]\ncon una Medalla dorada...	Absolviere alle Missionen in\n[AREA] mit Goldmedaillen...	Ukończ Wszystkie Misje\nw [AREA] ze Złotym Medalem...	以金色獎牌的成績完成 [AREA] 所有任務…	[AREA] tüm\nGörevleri Altın Madalya ile tamamla...		Пройдите все миссии,\n[AREA] чтобы получить золотые медали...
spb_hint_big	Hidden somewhere in [AREA] Mission [NUMBER]...		[AREA]ミッション[NUMBER]のどこかに隠されている…	Escondido en alguna parte de la Misión [NUMBER] de [AREA]		Nascosto da qualche parte in [AREA] missione [NUMBER]...	Escondido em algum lugar em [AREA] na Missão [NUMBER]...	Oculta en alguna parte de\nla misión [NUMBER] de [AREA]...	Irgendwo in [AREA] Mission [NUMBER] versteckt...	Ukryte gdzieś w [AREA] Misji [Number]...	隱藏在 [AREA] 第 [NUMBER] 任務…	[AREA] Görev [NUMBER]'nın bir yerinde saklı...		Найдите в [AREA] на миссии [NUMBER]...
														
spb_bgm	BGM		BGM	Banda Sonora		Musica di Sottofondo	Música	MÚSICA DE FONDO	BGM	Muzyka w Tle	BGM	APM		Музыка
														
spb_title_ch1_1	History of Sonic - 1991		ソニックの歴史　１９９１年	Historia de Sonic - 1991		Storia di Sonic - 1991	História do Sonic - 1991	Historia de Sonic - 1991	Sonics Geschichte - 1991	Historia Sonica - 1991	索尼克的歷史 — 1991	Sonic'in Tarihi - 1991		История Соника. 1991 год
spb_title_ch1_2	History of Sonic - 1992		ソニックの歴史　１９９２年	Historia de Sonic - 1992		Storia di Sonic - 1992	História do Sonic - 1992	Historia de Sonic - 1992	Sonics Geschichte - 1992	Historia Sonica - 1992	索尼克的歷史 — 1992	Sonic'in Tarihi - 1992		История Соника. 1992 год
spb_title_ch1_3	History of Sonic - 1993		ソニックの歴史　１９９３年	Historia de Sonic - 1993		Storia di Sonic - 1993	História do Sonic - 1993	Historia de Sonic - 1993	Sonics Geschichte - 1993	Historia Sonica - 1993	索尼克的歷史 — 1993	Sonic'in Tarihi - 1993		История Соника. 1993 год
spb_title_ch1_4	History of Sonic - 1994		ソニックの歴史　１９９４年	Historia de Sonic - 1994		Storia di Sonic - 1994	História do Sonic - 1994	Historia de Sonic - 1994	Sonics Geschichte - 1994	Historia Sonica - 1994	索尼克的歷史 — 1994	Sonic'in Tarihi - 1994		История Соника. 1994 год
spb_title_ch1_5	History of Sonic - 1995		ソニックの歴史　１９９５年	Historia de Sonic - 1995		Storia di Sonic - 1995	História do Sonic - 1995	Historia de Sonic - 1995	Sonics Geschichte - 1995	Historia Sonica - 1995	索尼克的歷史 — 1995	Sonic'in Tarihi - 1995		История Соника. 1995 год
spb_title_ch1_6	History of Sonic - 1996		ソニックの歴史　１９９６年	Historia de Sonic - 1996		Storia di Sonic - 1996	História do Sonic - 1996	Historia de Sonic - 1996	Sonics Geschichte - 1996	Historia Sonica - 1996	索尼克的歷史 — 1996	Sonic'in Tarihi - 1996		История Соника. 1996 год
spb_title_ch1_7	History of Sonic - 1997		ソニックの歴史　１９９７年	Historia de Sonic - 1997		Storia di Sonic - 1997	História do Sonic - 1997	Historia de Sonic - 1997	Sonics Geschichte - 1997	Historia Sonica - 1997	索尼克的歷史 — 1997	Sonic'in Tarihi - 1997		История Соника. 1997 год
spb_title_ch1_8	History of Sonic - 1998		ソニックの歴史　１９９８年	Historia de Sonic - 1998		Storia di Sonic - 1998	História do Sonic - 1998	Historia de Sonic - 1998	Sonics Geschichte - 1998	Historia Sonica - 1998	索尼克的歷史 — 1998	Sonic'in Tarihi - 1998		История Соника. 1998 год
spb_title_ch1_9	History of Sonic - 1999		ソニックの歴史　１９９９年	Historia de Sonic - 1999		Storia di Sonic - 1999	História do Sonic - 1999	Historia de Sonic - 1999	Sonics Geschichte - 1999	Historia Sonica - 1999	索尼克的歷史 — 1999	Sonic'in Tarihi - 1999		История Соника. 1999 год
spb_title_ch1_10	History of Sonic - 2000		ソニックの歴史　２０００年	Historia de Sonic - 2000		Storia di Sonic - 2000	História do Sonic - 2000	Historia de Sonic - 2000	Sonics Geschichte - 2000	Historia Sonica - 2000	索尼克的歷史 — 2000	Sonic'in Tarihi - 2000		История Соника. 2000 год
spb_title_ch1_11	History of Sonic - 2001		ソニックの歴史　２００１年	Historia de Sonic - 2001		Storia di Sonic - 2001	História do Sonic - 2001	Historia de Sonic - 2001	Sonics Geschichte - 2001	Historia Sonica - 2001	索尼克的歷史 — 2001	Sonic'in Tarihi - 2001		История Соника. 2001 год
spb_title_ch1_12	History of Sonic - 2002		ソニックの歴史　２００２年	Historia de Sonic - 2002		Storia di Sonic - 2002	História do Sonic - 2002	Historia de Sonic - 2002	Sonics Geschichte - 2002	Historia Sonica - 2002	索尼克的歷史 — 2002	Sonic'in Tarihi - 2002		История Соника. 2002 год
spb_title_ch1_13	History of Sonic - 2003		ソニックの歴史　２００３年	Historia de Sonic - 2003		Storia di Sonic - 2003	História do Sonic - 2003	Historia de Sonic - 2003	Sonics Geschichte - 2003	Historia Sonica - 2003	索尼克的歷史 — 2003	Sonic'in Tarihi - 2003		История Соника. 2003 год
spb_title_ch1_14	History of Sonic - 2004		ソニックの歴史　２００４年	Historia de Sonic - 2004		Storia di Sonic - 2004	História do Sonic - 2004	Historia de Sonic - 2004	Sonics Geschichte - 2004	Historia Sonica - 2004	索尼克的歷史 — 2004	Sonic'in Tarihi - 2004		История Соника. 2004 год
spb_title_ch1_15	History of Sonic - 2005, 2006		ソニックの歴史　２００５～２００６年	Historia de Sonic - 2005, 2006		Storia di Sonic - 2005,2006	História do Sonic - 2005, 2006	Historia de Sonic - 2005, 2006	Sonics Geschichte - 2005, 2006	Historia Sonica - 2005, 2006	索尼克的歷史 — 2005, 2006	Sonic'in Tarihi - 2005, 2006		История Соника. 2005-2006 год
														
spb_title_ch2_1	Teaser Image 1		ティザー用　イメージ　１	Imagen Promocional 1		Immagine Promozionale 1	Imagem Promocional 1	Imagen promocional 1	Aufmacher 1	Zajawka Graficzna 1	前導圖 1	Fragman Resmi 1		Тизерное изображение 1
spb_title_ch2_2	Teaser Image 2		ティザー用　イメージ　２	Imagen Promocional 2		Immagine Promozionale 2	Imagem Promocional 2	Imagen promocional 2	Aufmacher 2	Zajawka Graficzna 2	前導圖 2	Fragman Resmi 2		Тизерное изображение 2
spb_title_ch2_3	Teaser Image - Japanese		ティザー　イメージ　日本語版	Imagen Promocional - Japonés		Immagine Promozionale - Giapponese	Imagem Promocional - Japonesa	Imagen promocional - Japonés	Aufmacher - Japanisch	Zajawka Graficzna - Japoński	前導圖 — 日文	Fragman Resmi - Japonca		Тизерное изображение на японском языке
spb_title_ch2_4	Trade Show Pamphlet		ショー用　パンフレット	Folleto para Exhibición Comercial		Opuscolo della Esebizione Commerciale	Panfleto de Feira Comercial	Folleto de exhibición comercial	Messeflyer	Broszura Targowa	貿易展冊子	Fuar Broşürü		Брошюра для шоу
spb_title_ch2_5	Teaser Image Final Version		ティザーイメージ　完全版	Imagen Promocional Final		Versione Finale dell'Immagine Promozionale	Imagem Promocional Versão Final	Imagen promocional final	Aufmacher - Endgültige Version	Zajawka Graficzna Wersja Finalna	前導圖 最終版	Fragman Resmi Son Versiyonu		Тизерное изображение, финальная версия
spb_title_ch2_6	Main Visual Image		メインビジュアル　イメージ	Imagen Protagónica		Immagine Visiva Principale	Imagem Principal	Imagen visual principal	Visualisierung	Główny Element Wizualny	主視覺圖	Ana Görsel Resmi		Изображение главного визуала
spb_title_ch2_7	Title Logo - English Version		タイトルロゴ　英語版	Logotipo del Título - Versión Inglesa		Logo del Titolo - Versione Inglese	Logomarca - Versão Inglesa	Logotipo del título - Versión en inglés	Titellogo - Englische Version	Logo Tytułu - Wersja Angielska	標題 英文版	Başlık Logosu - İngilizce Versiyon		Логотип на английском языке
spb_title_ch2_8	Title Logo - Japanese Version		タイトルロゴ　日本語版	Logotipo del Título - Versión Japonesa		Logo del Titolo - Versione Giapponese	Logomarca - Versão Japonesa	Logotipo del título - Versión japonesa	Titellogo - Japanische Version	Logo Tytułu - Wersja Japońska	標題 日文版	Başlık Logosu - Japonca Versiyon		Логотип на японском языке
spb_title_ch2_9	Title Logo - German Version		タイトルロゴ　ドイツ語版	Logotipo del Título - Versión Alemana		Logo del Titolo - Versione Tedesca	Logomarca - Versão Alemã	Logotipo del título - Versión en alemán	Titellogo - Deutsche Version	Logo Tytułu - Wersja Niemiecka	標題 德文版	Başlık Logosu - Almanca Versiyon		Логотип на немецком языке
spb_title_ch2_10	Title Logo - Italian Version		タイトルロゴ　イタリア語版	Logotipo del Título - Versión Italiana		Logo del Titolo - Versione Italiana	Logomarca - Versão Italiana	Logotipo del título - Versión en italiano	Titellogo - Italienische Version	Logo Tytułu - Wersja Włoska	標題 義大利文版	Başlık Logosu - İtalyanca Versiyon		Логотип на итальянском языке
spb_title_ch2_11	Title Logo - Spanish Version		タイトルロゴ　スペイン語版	Logotipo del Título - Versión Española		Logo del Titolo - Versione Spagnola	Logomarca - Versão Espanhola	Logotipo del título - Versión en español	Titellogo - Spanische Version	Logo Tytułu - Wersja Hiszpańska	標題 西班牙文版	Başlık Logosu - İspanyolca Versiyon		Логотип на испанском языке
spb_title_ch2_12	Teaser Promo Image		ティザー　初期イメージ	Imagen Promocional		Immagine Promozionale	Imagem Promocional	Avance: Concepto inicial	Werbeaufmacher	Zajawka Promocyjna	前導宣傳圖	Fragman Tanıtım Görseli		Изначальное тизерное изображение
spb_title_ch2_13	Title Logo - Initial 1		タイトルロゴ　初期イメージ　１	Logotípo del Título - Inicial 1		Logo del Titolo - Iniziale 1	Logomarca - Inicial 1	Logo del título - Concepto inicial 1	Titellogo - Entwurf 1	Logo Tytułu - Inicjał 1	標題 初版 1	Başlık Logosu - İlk 1		Вариант логотипа 1
spb_title_ch2_14	Title Logo - Initial 2		タイトルロゴ　初期イメージ　２	Logotípo del Título - Inicial 2		Logo del Titolo - Iniziale 2	Logomarca - Inicial 2	Logo del título - Concepto inicial 2	Titellogo - Entwurf 2	Logo Tytułu - Inicjał 2	標題 初版 2	Başlık Logosu - İlk 2		Вариант логотипа 2
spb_title_ch2_15	Title Logo - Initial 3		タイトルロゴ　初期イメージ　３	Logotípo del Título - Inicial 3		Logo del Titolo - Iniziale 3	Logomarca - Inicial 3	Logo del título - Concepto inicial 3	Titellogo - Entwurf 3	Logo Tytułu - Inicjał 3	標題 初版 3	Başlık Logosu - İlk 3		Вариант логотипа 3
														
spb_title_ch3_1	Shahra - Concept Image 1		シャーラ　初期イメージ　１	Shara - Imagen Conceptual		Shahra - Immagine Concettuale	Shahra - Imagem Conceitual	Shahra - Imagen conceptual	Shahra - Konzept 1	Shahra - Obraz Koncepcyjny	夏拉 概念圖	Shahra - Konsept Resim		Шахра: Концепт-арт 1
spb_title_ch3_2	Shahra - Concept Colors		シャーラ　初期カラー設定	Shara - Colores Conceptuales		Shahra - Colori Concettuali	Shahra - Cores Conceituais	Shahra - Colores conceptuales	Shahra - Konzeptfarben	Shahra - Kolory Koncepcyjne	夏拉 概念色	Shahra - Konsept Renkler		Шахра: Цветовая гамма
spb_title_ch3_3	Shahra - 3 Faces		シャーラ　3面図	Shara - Tres Perspectivas		Shahra - 3 Prospettive	Shahra - 3 Rostos	Shahra - Diagrama de tres vistas	Shahra - 3 Perspektiven	Shahra - 3 Twarze	夏拉 三面圖	Shahra - 3 Yüzler		Шахра: В трёх ракурсах
spb_title_ch3_4	Shahra - Expressions 1		シャーラ　表情パターン　１	Shara - Expresiones 1		Shahra - Espressione 1	Shahra - Expressões 1	Shahra - Expresiones 1	Shahra - Mimik 1	Shahra - Wyrazy Twarzy 1	夏拉 表情 1	Shahra - İfadeler 1		Шахра: Эмоции 1
spb_title_ch3_5	Shahra - Expressions 2		シャーラ　表情パターン　２	Shara - Expresiones 2		Shahra - Espressione 2	Shahra - Expressões 2	Shahra - Expresiones 2	Shahra - Mimik 2	Shahra - Wyrazy Twarzy 2	夏拉 表情 2	Shahra - İfadeler 2		Шахра: Эмоции 2
spb_title_ch3_6	Shahra - Production CG Model		シャーラ　製作中ＣＧモデル	Shara - Modelo por Ordenador		Shahra - Modello dei Filmati	Shahra - Modelo de Produção CG	Shahra - Modelo CG en producción	Shahra - Computermodell	Shahra - Model CG do Produkcji	夏拉 製作中CG模型	Shahra - Üretim CG Modeli		Шахра: CG-модель в процессе создания
spb_title_ch3_7	Shahra - Concept Image 2		シャーラ　初期イメージ　２	Shara - Imagen Conceptual 2		Shahra - Immagine Concettuale 2	Shahra - Imagem Conceitual 2	Shahra - Imagen conceptual 2	Shahra - Konzept 2	Shahra - Obraz Koncepcyjny 2	夏拉 概念圖 2	Shahra - Konsept Resim 2		Шахра: Концепт-арт 2
spb_title_ch3_8	Erazor - Concept Image 1		イレイザー　初期イメージ　１	Erazor - Imagen Conceptual 1		Erazor - Immagine Concettuale 1	Erazor - Imagem Conceitual 1	Erazor - Imagen conceptual 1	Erazor - Konzept 1	Erazor - Obraz Koncepcyjny 1	伊萊薩 概念圖 1	Erazor - Konsept Resim 1		Эрейзор: Концепт-арт 1
spb_title_ch3_9	Erazor - Concept Colors 1		イレイザー　初期カラー設定　１	Erazor - Colores Conceptuales 1		Erazor - Colori Concettuali 1	Erazor - Cores Conceituais 1	Erazor - Colores conceptuales 1	Erazor - Konzeptfarben 1	Erazor - Kolory Koncepcyjne 1	伊萊薩 概念色 1	Erazor - Konsept Renkler 1		Эрейзор: Цветовая гамма 1
spb_title_ch3_10	Erazor - Concept Colors 2		イレイザー　初期カラー設定　２	Erazor - Colores Conceptuales 2		Erazor - Colori Concettuali 2	Erazor - Cores Conceituais 2	Erazor - Colores conceptuales 2	Erazor - Konzeptfarben 2	Erazor - Kolory Koncepcyjne 2	伊萊薩 概念色 2	Erazor - Konsept Renkler 2		Эрейзор: Цветовая гамма 2
spb_title_ch3_11	Erazor - 3 Faces		イレイザー　３面図	Erazor - Tres Perspectivas		Erazor - 3 Prospettive	Erazor - 3 Rostos	Erazor - Diagrama de tres vistas	Erazor - 3 Perspektiven	Erazor - 3 Twarze	伊萊薩 三面圖	Erazor - 3 Yüzler		Эрейзор: В трёх ракурсах
spb_title_ch3_12	Erazor - Expressions 1		イレイザー　表情パターン　１	Erazor - Expresiones 1		Erazor - Espressioni 1	Erazor - Expressões 1	Erazor - Expresiones 1	Erazor - Mimik 1	Erazor - Wyrazy Twarzy 1	伊萊薩 表情 1	Erazor - İfadeler 1		Эрейзор: Эмоции 1
spb_title_ch3_13	Erazor - Expressions 2		イレイザー　表情パターン　２	Erazor - Expresiones 2		Erazor - Espressioni 2	Erazor - Expressões 2	Erazor - Expresiones 2	Erazor - Mimik 2	Erazor - Wyrazy Twarzy 2	伊萊薩 表情 2	Erazor - İfadeler 2		Эрейзор: Эмоции 2
spb_title_ch3_14	Erazor - Production CG Model		イレイザー　製作中ＣＧモデル	Erazor - Modelo por Ordenador		Erazor - Modello dei Filmati	Erazor - Modelo de Produção CG	Erazor - Modelo CG en producción	Erazor - Computermodell	Erazor - Model CG do Produkcji	伊萊薩 製作中的CG模型	Erazor - Üretim CG Modeli		Эрейзор: CG-модель в процессе создания
spb_title_ch3_15	Erazor - Concept Image 2		イレイザー　初期イメージ　２	Erazor - Imagen Conceptual 2		Erazor - Immagine Concettuale 2	Erazor - Imagem Conceitual 2	Erazor - Imagen conceptual 2	Erazor - Konzept 2	Erazor - Obraz Koncepcyjny 2	伊萊薩 概念圖 1	Erazor - Konsept Resim 2		Эрейзор: Концепт-арт 2
														
spb_title_ch4_1	Ali-Baba Image		アリババ　イメージ	Imagen de Ali-Baba		Immagine di Ali-Baba	Imagem de Ali Baba	Imagen de Ali Babá	Ali-Baba	Obraz Ali-Baby	阿里巴巴 圖像	Ali-Baba Resmi		Изображение Али Бабы
spb_title_ch4_2	Sinbad Image		シンドバッド　イメージ	Imagen de Simbad		Immagine di Sinbad	Imagem de Simbad	Imagen de Simbad	Sindbad	Obraz Sinbada	辛巴達 圖像	Sinbad Resmi		Изображение Синдбада
spb_title_ch4_3	King Shahryar Image		シャフリャール王　イメージ	Imagen del Sultán Shahriar		Immagine di re Sciahriar	Imagem do Rei Xariar	Imagen del sultán Shahriar	King Shahryar	Obraz Króla Shahryara	山魯亞爾國王 圖像	Kral Shahryar Resmi		Изображение царя Шахрияра
spb_title_ch4_4	King Solomon Image		ソロモン王　イメージ	Imagen del Rey Salomón		Immagine di re Solomone	Imagem do Rei Salomão	Imagen del rey Salomón	King Solomon	Obraz Króla Solomona	所羅門王 圖像	Kral Solomon Resmi		Изображение царя Соломона
spb_title_ch4_5	King Solomon Concept Image		ソロモン王　初期イメージ	Imagen Conceptual del Rey Salomón		Immagine Concettuale di re Salomone	Imagem Conceitual do Rei Salomão	Imagen conceptual del rey Salomón	King Solomon - Konzept	Obraz Koncepcyjny Króla Solomona	所羅門王 概念圖	Kral Solomon Konsept Resmi		Царь Соломон: Концепт-арт
spb_title_ch4_6	Erazor's Lamp Image		イレーザーのランプ　イメージ	Imagen de la Lámpara de Erazor		Immagine della Lampada di Erazor	Imagem da Lâmpada do Erazor	Imagen de la lámpara de Erazor	Erazors Lampe	Obraz Lampy Erazora	伊萊薩的神燈 圖像	Erazor'un Lamba Resmi		Изображение лампы Эрейзора
spb_title_ch4_7	Erazor's Lamp Concept		イレーザーのランプ　初期イメージ	Imagen Conceptual de la Lámpara de Erazor		Immagine Concettuale della Lampada di Erazor	Imagem Conceitual da Lâmpada do Erazor	Imagen conceptual de la lámpara de Erazor	Erazors Lampe - Konzept	Koncept Lampy Erazora	伊萊薩的神燈 概念圖	Erazor'un Lamba Konsepti		Первоначальное изображение лампы Эрейзора
spb_title_ch4_8	Shahra's Ring Image		シャーラのリング　イメージ	Imagen del Anillo de Shara		Immagine dell'Anello di Shahra	Imagem do Anel de Shahra	Imagen del anillo de Shahra	Shahras Ring	Obraz Pierścienia Shahry	夏拉的戒指 圖像	Shahra'nın Yüzük Resmi		Изображение кольца Шахры
spb_title_ch4_9	Shahra's Ring Concept		シャーラのリング　初期イメージ	Imagen Conceptual del Anillo de Shara		Immagine Concettuale dell'Anello di Shahra	Imagem Conceitual do Anel de Shahra	Imagen conceptual del anillo de Shahra	Shahras Ring - Konzept	Koncept Pierścienia Shahry	夏拉的戒指 概念圖	Shahra'nın Yüzük Konsepti		Первоначальное изображение кольца Шахры
spb_title_ch4_10	World Ring Image		世界リング　イメージ	Imagen de un Anillo Secreto		Immagine dell'Anello Mondiale	Imagem do Anel do Mundo	Imagen de un Anillo mundial	Weltenring	Obraz Pierścienia Świata	世界戒指 圖像	Dünya Yüzüğü Resmi		Изображение Мирового кольца
spb_title_ch4_11	World Ring Concept Image		世界リング　初期イメージ	Imagen Conceptual de un Anillo Secreto		Immagine Concettruale dell'Anello Mondiale	Imagem Conceitual do Anel do Mundo	Imagen conceptual de un Anillo mundial	Weltenring - Konzept	Obraz Koncepcyjny Pierścienia Świata	世界戒指 概念圖	Dünya Yüzüğü Konsept Resmi		Первоначальное изображение Мирового кольца
spb_title_ch4_12	Night Palace Exterior Concept		ナイトパレス外観　初期イメージ	Concepto del Exterior del Palacio Nocturno		Concetto dell'esteriore del Palazzo Notturno	Imagem Conceitual do Exterior de Night Palace	Concepto del Exterior del Palacio Nocturno	Night Palace (außen) - Konzept	Koncept Nocnego Pałacu na Zewnątrz	暗夜宮殿 外景概念圖	Gece Sarayı Dış Mekan Konsepti		Первоначальное изображение внешнего вида Ночного дворца
spb_title_ch4_13	World Ring Door Image		世界リングのとびら　イメージ	Imagen de la Puerta de los Anillos Secretos		Immagine della Porta degli Anelli Mondiali	Imagem da Porta dos Anéis do Mundo	Imagen de la puerta de los Anillos mundiales	Weltenringtür	Obraz Drzwi Pierścieni Świata	世界戒指之門 圖像	Dünya Yüzüğü Kapı Resmi		Изображение двери с Мировыми кольцами
spb_title_ch4_14	Throne Room Image		王座の間　イメージ	Imagen de la Sala del Trono		Immagine della Sala del Trono	Imagem da Sala do Trono	Imagen de la sala del trono	Thronsaal	Obraz Sali Tronowej	寶座廳 圖像	Taht Odası Resmi		Изображение тронного зала
spb_title_ch4_15	Arabian Nights' Book Image		アラビアンナイトの本　イメージ	Imagen del Libro de Las mil y una noches		Immagine del Libro delle Mille e una Notte	Imagem do Livro das Mil e Uma Noites	Imagen del libro de """Las mil y una noches"""	Das Buch "Tausendundeine Nacht"	Obraz Książki Arabskich Nocy	天方夜譚書本 圖像 	Binbir Gece Masalları' Kitap Görseli		Изображение книги """Тысяча и одна ночь"""
														
spb_title_ch5_1	Lost Prologue		ロストプロローグ	Prólogo Perdido		Prologo Perduto	Lost Prologue	Prólogo Perdido	Lost Prologue	Zaginiony Prolog	失落序章	Kayıp Başlangıç		Потерянный пролог
spb_title_ch5_2	Sand Oasis Image		サンドオアシス　イメージ	Oasis de Arena		Immagine di Oasi Sabbiose	Imagem de Sand Oasis	Imagen de Oasis Arenoso	Sand Oasis	Obraz Piaszczystej Oazy	沙漠綠洲 圖像	Kum Vahası Resmi		Изображение Песчаного оазиса
spb_title_ch5_3	Sand Oasis Image		サンドオアシス　イメージ	Oasis de Arena		Immagine di Oasi Sabbiose	Imagem de Sand Oasis	Imagen de Oasis Arenoso	Sand Oasis	Obraz Piaszczystej Oazy	沙漠綠洲 圖像	Kum Vahası Resmi		Изображение Песчаного оазиса
spb_title_ch5_4	Dinosaur Jungle Image		ダイナソージャングル　イメージ	Jungla Jurásica		Immagine della Giungla dei Dinosauri	Imagem de Dinosaur Jungle	Imagen de Dino Jungla	Dinosaur Jungle	Obraz Dżungli Dinozaurów	恐龍叢林 圖像	Dinazor Ormanı Resmi		Изображение Джунглей динозавров
spb_title_ch5_5	Dinosaur Jungle Image		ダイナソージャングル　イメージ	Jungla Jurásica		Immagine della Giungla dei Dinosauri	Imagem de Dinosaur Jungle	Imagen de Dino Jungla	Dinosaur Jungle	Obraz Dżungli Dinozaurów	恐龍叢林 圖像	Dinazor Ormanı Resmi		Изображение Джунглей динозавров
spb_title_ch5_6	Dinosaur Jungle Image		ダイナソージャングル　イメージ	Jungla Jurásica		Immagine della Giungla dei Dinosauri	Imagem de Dinosaur Jungle	Imagen de Dino Jungla	Dinosaur Jungle	Obraz Dżungli Dinozaurów	恐龍叢林 圖像	Dinazor Ormanı Resmi		Изображение Джунглей динозавров
spb_title_ch5_7	Dinosaur Jungle Image		ダイナソージャングル　イメージ	Jungla Jurásica		Immagine della Giungla dei Dinosauri	Imagem de Dinosaur Jungle	Imagen de Dino Jungla	Dinosaur Jungle	Obraz Dżungli Dinozaurów	恐龍叢林 圖像	Dinazor Ormanı Resmi		Изображение Джунглей динозавров
spb_title_ch5_8	Evil Foundry Image		イビルフャウンドリー　イメージ	Forja Maligna		Immagine della Fonderia Maligna	Imagem de Evil Foundry	Imagen de Fundición Maléfica	Evil Foundry	Obraz Przeklętej Odlewni	萬惡鑄造廠 圖像	Kötü Dökümhane Resmi		Изображение Плавильни зла
spb_title_ch5_9	Evil Foundry Image		イビルフャウンドリー　イメージ	Forja Maligna		Immagine della Fonderia Maligna	Imagem de Evil Foundry	Imagen de Fundición Maléfica	Evil Foundry	Obraz Przeklętej Odlewni	萬惡鑄造廠 圖像	Kötü Dökümhane Resmi		Изображение Плавильни зла
spb_title_ch5_10	Evil Foundry Image		イビルフャウンドリー　イメージ	Forja Maligna		Immagine della Fonderia Maligna	Imagem de Evil Foundry	Imagen de Fundición Maléfica	Evil Foundry	Obraz Przeklętej Odlewni	萬惡鑄造廠 圖像	Kötü Dökümhane Resmi		Изображение Плавильни зла
spb_title_ch5_11	Evil Foundry Image		イビルフャウンドリー　イメージ	Forja Maligna		Immagine della Fonderia Maligna	Imagem de Evil Foundry	Imagen de Fundición Maléfica	Evil Foundry	Obraz Przeklętej Odlewni	萬惡鑄造廠 圖像	Kötü Dökümhane Resmi		Изображение Плавильни зла
spb_title_ch5_12	Evil Foundry Image		イビルフャウンドリー　イメージ	Forja Maligna		Immagine della Fonderia Maligna	Imagem de Evil Foundry	Imagen de Fundición Maléfica	Evil Foundry	Obraz Przeklętej Odlewni	萬惡鑄造廠 圖像	Kötü Dökümhane Resmi		Изображение Плавильни зла
spb_title_ch5_13	Levitated Ruins Image		レビテイテッドルーイン　イメージ	Ruinas Levitantes		Immagine delle Rovine Levitate	Imagem de Levitated Ruins	Imagen de Ruinas Levitadas	Levitated Ruins	Obraz Lewitujących Ruin	懸浮遺址 圖像	Havadaki Harabe Resmi		Изображение Парящих руин
spb_title_ch5_14	Levitated Ruins Image		レビテイテッドルーイン　イメージ	Ruinas Levitantes		Immagine delle Rovine Levitate	Imagem de Levitated Ruins	Imagen de Ruinas Levitadas	Levitated Ruins	Obraz Lewitujących Ruin	懸浮遺址 圖像	Havadaki Harabe Resmi		Изображение Парящих руин
spb_title_ch5_15	Levitated Ruins Image		レビテイテッドルーイン　イメージ	Ruinas Levitantes		Immagine delle Rovine Levitate	Imagem de Levitated Ruins	Imagen de Ruinas Levitadas	Levitated Ruins	Obraz Lewitujących Ruin	懸浮遺址 圖像	Havadaki Harabe Resmi		Изображение Парящих руин
														
spb_title_ch6_1	Pirate Storm Image		パイレーツ　ストーム　イメージ	Tormenta Pirata		Immagine della Tempesta Pirata	Imagem de Pirate Storm	Imagen de Tormenta Pirata	Pirate Storm	Obraz Pirackiego Sztormu	海盜暴風 圖像	Korsan Fırtınası Resmi		Изображение Пиратского шторма
spb_title_ch6_2	Pirate Storm Image		パイレーツ　ストーム　イメージ	Tormenta Pirata		Immagine della Tempesta Pirata	Imagem de Pirate Storm	Imagen de Tormenta Pirata	Pirate Storm	Obraz Pirackiego Sztormu	海盜暴風 圖像	Korsan Fırtınası Resmi		Изображение Пиратского шторма
spb_title_ch6_3	Pirate Storm Image		パイレーツ　ストーム　イメージ	Tormenta Pirata		Immagine della Tempesta Pirata	Imagem de Pirate Storm	Imagen de Tormenta Pirata	Pirate Storm	Obraz Pirackiego Sztormu	海盜暴風 圖像	Korsan Fırtınası Resmi		Изображение Пиратского шторма
spb_title_ch6_4	Skeleton Dome Image		スケレトンドーム　イメージ	Domo Esquelético		Immagine della Cupola Scheletrica	Imagem de Skeleton Dome	Imagen de Domo Esquelético	Skeleton Dome	Obraz Kopuły Szkieletów	骷髏巨蛋 圖像	İskelet Kubbesi Resmi		Изображение Скелетного свода
spb_title_ch6_5	Skeleton Dome Image		スケレトンドーム　イメージ	Domo Esquelético		Immagine della Cupola Scheletrica	Imagem de Skeleton Dome	Imagen de Domo Esquelético	Skeleton Dome	Obraz Kopuły Szkieletów	骷髏巨蛋 圖像	İskelet Kubbesi Resmi		Изображение Скелетного свода
spb_title_ch6_6	Skeleton Dome Image		スケレトンドーム　イメージ	Domo Esquelético		Immagine della Cupola Scheletrica	Imagem de Skeleton Dome	Imagen de Domo Esquelético	Skeleton Dome	Obraz Kopuły Szkieletów	骷髏巨蛋 圖像	İskelet Kubbesi Resmi		Изображение Скелетного свода
spb_title_ch6_7	Skeleton Dome Image		スケレトンドーム　イメージ	Domo Esquelético		Immagine della Cupola Scheletrica	Imagem de Skeleton Dome	Imagen de Domo Esquelético	Skeleton Dome	Obraz Kopuły Szkieletów	骷髏巨蛋 圖像	İskelet Kubbesi Resmi		Изображение Скелетного свода
spb_title_ch6_8	Skeleton Dome Image		スケレトンドーム　イメージ	Domo Esquelético		Immagine della Cupola Scheletrica	Imagem de Skeleton Dome	Imagen de Domo Esquelético	Skeleton Dome	Obraz Kopuły Szkieletów	骷髏巨蛋 圖像	İskelet Kubbesi Resmi		Изображение Скелетного свода
spb_title_ch6_9	Skeleton Dome Image		スケレトンドーム　イメージ	Domo Esquelético		Immagine della Cupola Scheletrica	Imagem de Skeleton Dome	Imagen de Domo Esquelético	Skeleton Dome	Obraz Kopuły Szkieletów	骷髏巨蛋 圖像	İskelet Kubbesi Resmi		Изображение Скелетного свода
spb_title_ch6_10	Night Palace Image		ナイトパレス　イメージ	Palacio Nocturno		Immagine del Palazzo Notturno	Imagem de Night Palace	Imagen de Palacio Nocturno	Night Palace	Obraz Nocnego Pałacu	暗夜宮殿 圖像	Gece Sarayı Resmi		Изображение Ночного дворца
spb_title_ch6_11	Night Palace Image		ナイトパレス　イメージ	Palacio Nocturno		Immagine del Palazzo Notturno	Imagem de Night Palace	Imagen de Palacio Nocturno	Night Palace	Obraz Nocnego Pałacu	暗夜宮殿 圖像	Gece Sarayı Resmi		Изображение Ночного дворца
spb_title_ch6_12	Night Palace Image		ナイトパレス　イメージ	Palacio Nocturno		Immagine del Palazzo Notturno	Imagem de Night Palace	Imagen de Palacio Nocturno	Night Palace	Obraz Nocnego Pałacu	暗夜宮殿 圖像	Gece Sarayı Resmi		Изображение Ночного дворца
spb_title_ch6_13	Night Palace Image		ナイトパレス　イメージ	Palacio Nocturno		Immagine del Palazzo Notturno	Imagem de Night Palace	Imagen de Palacio Nocturno	Night Palace	Obraz Nocnego Pałacu	暗夜宮殿 圖像	Gece Sarayı Resmi		Изображение Ночного дворца
spb_title_ch6_14	Night Palace Image		ナイトパレス　イメージ	Palacio Nocturno		Immagine del Palazzo Notturno	Imagem de Night Palace	Imagen de Palacio Nocturno	Night Palace	Obraz Nocnego Pałacu	暗夜宮殿 圖像	Gece Sarayı Resmi		Изображение Ночного дворца
spb_title_ch6_15	Night Palace Image		ナイトパレス　イメージ	Palacio Nocturno		Immagine del Palazzo Notturno	Imagem de Night Palace	Imagen de Palacio Nocturno	Night Palace	Obraz Nocnego Pałacu	暗夜宮殿 圖像	Gece Sarayı Resmi		Изображение Ночного дворца
														
spb_title_ch7_1	Sand Scorpion		サンド　スコーピオン	Escorpión de Arena		Scorpione delle Sabbie	Sand Scorpion	Escorpión de la Arena	Sand Scorpion	Piaskowy Skorpion	沙漠巨蠍	Kum Akrebi		Песчаный скорпион
spb_title_ch7_2	Ifrit Golem		イフリート　ゴーレム	Gólem Ifrit		Golem Ifrit	Ifrit Golem	Ifrit Gólem	Ifrit Golem	Golem Ifrit	伊弗利特巨像	Ifrit Golemi		Ифрит Голем
spb_title_ch7_3	Captain Bemoth		キャプテン　ベモス	Capitán Bimoz		Capitano Bemoth	Capitão Bemoth	Capitán Bémot	Captain Bemoth	Kapitan Bemoth	貝摩斯船長	Kaptan Bemoth		Капитан Бемот
spb_title_ch7_4	Erazor Djinn		イレーザー・ジン	Erazor el Yinn		Erazor Djinn	Erazor Djinn	Erazor, el Genio	Erazor Djinn	Erazor Dżin	伊萊薩	Erazor Cin		Эрейзор Джинн
spb_title_ch7_5	Alf Layla wa-Layla		アルフ・ライラ・ワ・ライラ	Alf Leyla wa-Leyla		Alf Layla wa-Layla	Alf Layla wa-Layla	Alf Leyla wa Leyla	Alf Layla wa-Layla	Alf Layla wa-Layla	一千零一夜	Alf Layla wa-Layla		Альф-Лейла-ва-Лейла
spb_title_ch7_6	Genie 1		マジン　１	Genio 1		Genio 1	Gênio 1	Majin 1	Geist 1	Dżin 1	精靈 1	Cin 1		Злой дух 1
spb_title_ch7_7	Genie 2		マジン　２	Genio 2		Genio 2	Gênio 2	Majin 2	Geist 2	Dżin 2	精靈 2	Cin 2		Злой дух 2
spb_title_ch7_8	Genie 3		マジン　３	Genio 3		Genio 3	Gênio 3	Majin 3	Geist 3	Dżin 3	精靈 3	Cin 3		Злой дух 3
spb_title_ch7_9	Genie 4		マジン　４	Genio 4		Genio 4	Gênio 4	Majin 4	Geist 4	Dżin 4	精靈 4	Cin 4		Злой дух 4
spb_title_ch7_10	Genie 5		マジン　５	Genio 5		Genio 5	Gênio 5	Majin 5	Geist 5	Dżin 5	精靈 5	Cin 5		Злой дух 5
spb_title_ch7_11	Genie 6		マジン　６	Genio 6		Genio 6	Gênio 6	Majin 6	Geist 6	Dżin 6	精靈 6	Cin 6		Злой дух 6
spb_title_ch7_12	Genie 7		マジン　７	Genio 7		Genio 7	Gênio 7	Majin 7	Geist 7	Dżin 7	精靈 7	Cin 7		Злой дух 7
spb_title_ch7_13	Genie 8		マジン　８	Genio 8		Genio 8	Gênio 8	Majin 8	Geist 8	Dżin 8	精靈 8	Cin 8		Злой дух 8
spb_title_ch7_14	Genie 9		マジン　９	Genio 9		Genio 9	Gênio 9	Majin 9	Geist 9	Dżin 9	精靈 9	Cin 9		Злой дух 9
spb_title_ch7_15	Genie 10		マジン　１０	Genio 10		Genio 10	Gênio 10	Majin 10	Geist 10	Dżin 10	精靈 10	Cin 10		Злой дух 10
														
spb_title_ch8_1	The World of the Book	The Start of the Legend\nthat Saved the Arabian Nights	アラビアンナイトを救う伝説のはじまり	El Mundo del Libro		Il Mondo del Libro	O Mundo do Livro	Comienza la leyenda para salvar\n"""Las mil y una noches"""	Die Welt des Buches	Świat Książki	書之世界	Kitap Dünyası		Начало истории по спасению\n"""Тысячи и одной ночи"""
spb_title_ch8_2	Erazor Appears	Those Who Reap the World\nand Those Who are Written	世界を刈りとる者と書きこまれた者	Aparece Erazor		Appare Erazor	Erazor Surge	El segador del mundo y aquel del que se escribió	Erazor erscheint	Pojawia się Erazor	伊萊薩現身	Erazor Görünüyor		Тот, кто стирает мир,\nи тот, кого в него вписали
spb_title_ch8_3	The King is Found!	The King in the Pot and the Blue Spikes	ツボのなかの国王と青いトゲトゲ	¡Aquí está el Sultán!		Il re è trovato!	O Rei é Encontrado!	El sultán en el jarrón y el espinoso azul	Der König ist gefunden!	Odnaleziono Króla!	發現國王！	Kral Bulundu!		Царь из кувшина\nи синий с шипами
spb_title_ch8_4	A Grateful Ali-Baba	The Clever Ali-Baba	器用なアリババ	El Agradecimiento de Ali-Baba		Un Ali-Baba riconoscente	A Gratidão de Ali Baba	El astuto Alí Babá	Dankbarer Ali-Baba	Wdzięczny Ali-Baba	感激的阿里巴巴	Minnettar bir Ali-Baba		Ловкий Али-Баба
spb_title_ch8_5	The Sand Scorpion Appears		サンド　スコーピオン　登場	Aparece el Escorpión de Arena		Appare lo Scorpione delle Sabbie	Sand Scorpion Surge	El Escorpión de la arena aparece	Der Sand Scorpion erscheint	Pojawia się Piaskowy Skorpion	沙漠巨蠍登場	Kum Akrebi Görünüyor		Песчаный скорпион\nПоявление
spb_title_ch8_6	The Ring of Joy		黄色の世界リング　ゲート！	El Anillo del Júbilo		L'anello della Gioia	O Anel da Felicidade	¡Obteniendo el Anillo amarillo de la Alegría!	Der gelbe Weltenring	Pierścień Radości	獲得快樂之戒！	Sevinç Yüzüğü		Вы получили жёлтое\nМировое кольцо!
spb_title_ch8_7	Rescuing the King		王様を助けてみたものの…	Rescatando al Sultán		Salvare il re	Resgatando o Rei	Intentando ayudar al sultán...	Die Rettung des Königs	Ratowanie Króla	拯救國王	Kralı Kurtarmak		Попробовал спасти царя, но...
spb_title_ch8_8	The Ring of Hatred		緑色の世界リング　ゲート！	El Anillo del Odio		L'anello dell'Odio	O Anel do Ódio	¡Obteniendo el Anillo verde del Odio!	Der grüne Weltenring	Pierścień Nienawiści	獲得憎恨之戒！	Nefret Yüzüğü		Вы получили зелёное\nМировое кольцо!
spb_title_ch8_9	The Fire Spirit Appears		強敵　炎のマジンあらわる	Aparece el Espíritu de Fuego		Appare lo Spirito di Fuoco 	O Espirito de Fogo Surge	Un formidable enemigo: el majin de fuego	Der Feuergeist erscheint	Pojawia się Ognisty Duch	火焰精靈現身	Ateş Ruhu Görünüyor		Появляется сильный\nпротивник, злой дух огня
spb_title_ch8_10	Ali-Baba's Advice	Ali-Baba's Advice; A New Adventure	アリババの助言、新たな冒険	El consejo de Ali-Baba		Il Consiglio di Ali-Baba	O Conselho de Ali Baba	El consejo de Alí Babá, una nueva aventura	Ali-Babas guter Rat	Porada Ali-Baby	阿里巴巴的建議	Ali-Baba'nın Tavsiyeleri		Совет от Али-Баба,\nновое приключение
spb_title_ch8_11	Meeting Sinbad	The Adventurer Who Crossed the 7 Seas!?	７つの海をまたにかけた冒険者！？	Encuentro con Simbad		Incontro con Sinbad	Encontrando Simbad	¡¿Un aventurero que ha cruzado los siete mares?!	Begegnung mit Sindbad	Spotkanie Sinbada	遇見辛巴達	Sinbadla Buluşma		Заключённый Синдбад
spb_title_ch8_12	The Rescue of Sinbad!		炎のマジンには水をカイゾクには何を？	¡El Rescate de Simbad!		Il Salvataggio di Sinbad!	O Resgate de Simbad!	Agua para el majin de fuego,\n¿pero para los piratas?	Sindbads Rettung!	Uratowanie Sinbada!	拯救辛巴達！	Sinbad'ın Kurtarılması!		Спасение Синдбада!
spb_title_ch8_13	The Ring of Prayers		青色の世界リング　ゲート！	El Anillo de la Fe		L'Anello delle Preghiere	O Anel da Esperança	¡Obteniendo el Anillo azul de las Plegarias!	Der blaue Weltenring	Pierścień Pacierzy	獲得祝禱之戒	Dua Yüzüğü		Вы получили синее\nмировое кольцо!
spb_title_ch8_14	Pirates Sighted!		海賊船団　発見！	¡Piratas a la Vista!		Pirati in Vista!	Piratas à vista!	¡Piratas a la vista!	Piraten in Sicht!	Piraci na Horyzoncie!	發現海盜團！	Korsanlar Görüldü!		Обнаружены пиратские корабли!
spb_title_ch8_15	Captain Bemoth Appears		キャプテン　ベモス　登場	Aparece el Capitán Bimoz		Appare il Capitano Bemoth	Capitão Bemoth Surge	El Capitán Bémot aparece	Captain Bemoth erscheint	Pojawia się Kapitan Bemoth	貝摩斯船長登場	Kaptan Bemoth Görünüyor		Капитан Бемот\nПоявление
														
spb_title_ch9_1	The Ring of Pleasure		水色の世界リング　ゲット！	El Anillo del Placer		L'Anello del Piacere	O Anel do Prazer	¡Obteniendo el Anillo celeste del Placer!	Der wasserblaue Weltenring	Pierścień Przyjemności	愉悅之戒	Zevk Yüzüğü		Вы получили голубое\nмировое кольцо!
spb_title_ch9_2	Rematch with the Ifrit		イフリートとの再戦！	Revancha contra el Ifrit		Rivincita con l'Ifrit	Revanche contra Ifrit	¡La revancha contra el ifrit!	Wiedersehen mit dem Ifrit	Rewanż z Ifritem	再戰伊弗利特	Ifritle Rövanş		Повторная схватка с Ифритом!
spb_title_ch9_3	Escaping the Factory	Escaping the Genie Factory	マジン工場から脱出	Escapando de la Fábrica		Scappare dalla Fabbrica	Fugindo da Fábrica	Escape de la fábrica majin	Flucht aus der Fabrik	Ucieczka z Fabryki	逃離工廠	Fabrikadan Kaçış		Побег с завода злых духов
spb_title_ch9_4	The Ring of Rage		赤色の世界リング　ゲット！	El Anillo de la Ira		L'Anello della Rabbia	O Anel da Raiva	¡Obteniendo el Anillo rojo de la Furia!	Der rote Weltenring	Pierścień Wściekłości	憤怒之戒	Öfke Yüzüğü		Вы получили красное\nмировое кольцо!
spb_title_ch9_5	King Solomon	The Skull on the Decayed Throne	朽ちた王座のシャレコウべ	El Rey Salomón		Re Salomone	Rei Salomão	La calavera sombría del trono decadente	King Solomon	Król Solomon	所羅門王	Kral Solomon		Череп в ветхом тронном зале
spb_title_ch9_6	The Ring of Wishes		白色の世界リング　ゲット！	El Anillo de la Ambición		L'Anello dei Desideri	O Anel dos Desejos	¡Obteniendo el Anillo blanco de los Deseos!	Der weiße Weltenring	Pierścień Pacierzy	願望之戒	Dilek Yüzüğü		Вы получили белое\nмировое кольцо!
spb_title_ch9_7	Enemy Stronghold	The Floating Moonlit Palace	月夜こうかぶ空中宮殿	El Baluarte Enemigo		La Roccaforte dei Nemici	Fortaleza Inimiga	El palacio en el cielo iluminado por la Luna	Feindliche Hochburg	Twierdza Przeciwnika	敵人要塞	Düşman Kalesi		Ограничение по времени\nи обещание, которое не забыть
spb_title_ch9_8	Entering the Palace	The Time Limit and Promise	タイムリミットとわすれない約束	Entrando al Palacio		Entrando al Palazzo	Entrando no Palácio	Plazos y promesas inolvidables	Betreten des Palastes	Wejście do Pałacu	進入宮殿	Saraya Girmek		Дворец, парящий в небе,\nв свете Луны
spb_title_ch9_9	The Ring of Sadness		紫色の世界リング　ゲット！	El Anillo de la Tristeza		L'Anello della Tristezza	O Anel da Tristeza	¡Obteniendo el Anillo morado de la Tristeza!	Der lila Weltenring	Pierścień Smutku	悲戚之戒	Üzüntü Yüzüğü		Вы получили фиолетовое\nмировое кольцо!
spb_title_ch9_10	Battle With Erazor	Pride is Always Cut Down	切りきざまれるのは　いつもプライド	Batalla contra Erazor		Battaglia con Erazor	Batalha contra Erazor	Lo que queda hecho trizas es siempre el orgullo	Kampf gegen Erazor	Bitwa z Erazorem	與伊萊薩戰鬥	Erazor İle Kapışma		Битва с Эрейзором Джинном
spb_title_ch9_11	The Mysterious Door	The Mysterious Door\nand the Book's Design	ナゾの扉と本の装丁	La Puerta Misteriosa		La Porta Misteriosa	A Porta Misteriosa	La puerta misteriosa y la portada del libro	Die mysteriöse Tür	Tajemnicze Drzwi	神秘之門	Gizemli Kapı		Таинственная дверь\nи переплёт книги
spb_title_ch9_12	Alf Layla wa-Layla Appears	Dying Ambition	滅びるゆくのは野心	Aparece Alf Leyla wa-Leyla		Appare Alf Layla wa-Layla	Alf Layla wa-Layla Surge	La ambición es lo que perece.	Alf Layla wa Layla erscheint	Pojawia się Alf Layla wa-Layla	一千零一夜登場	Alf Layla wa-Layla Görünüyor		Альф-Лейла-ва-Лейла\nПоявление
spb_title_ch9_13	End Credits		スタッフロール	Créditos Finales		Riconoscimenti Finali	Créditos	Créditos finales	Abspann	Napisy Końcowe	結局名單	Bitiş Jeneriği		Титры
spb_title_ch9_14	Development Team Intro		開発チーム紹介	Introducción del Equipo de Desarrollo		Introduzione al Team di Sviluppo	Introdução do Time de Desenvolvimento	Conoce al equipo de desarrollo	Vorstellung des Entwicklerteams	Intro Drużyny Deweloperskiej	開發團隊介紹	Geliştirme Takımı Tanıtımı		Знакомство с командой разработчиков
spb_title_ch9_15														
														
spb_title_ch10_1	Opening - Animatic		オープニング　コンテ動画	Apertura - Guión Gráfico Animado		Apertura - Animatico	Abertura - Animatic	Video del guion gráfico de la apertura.	Anfang - Animatic	Wprowadzenie - Animatik	入場動畫 分鏡	Açılış - Animatik		Вступление, видео с раскадровкой
spb_title_ch10_2	Opening - In-Production 1		オープニング　途中段階　１	Apertura - En Producción 1		Apertura - In Produzione 1	Abertura - Em Produção 1	Apertura - En progreso 1	Anfang - Produktionsarbeiten 1	Wprowadzenie - W Produkcji 1	入場動畫 製作途中 1	Açılış - Yapım Aşamasında 1		Вступление, промежуточный этап 1
spb_title_ch10_3	Opening - In-Production 2		オープニング　途中段階　２	Apertura - En Producción 2		Apertura - In Produzione 2	Abertura - Em Produção 2	Apertura - En progreso 2	Anfang - Produktionsarbeiten 2	Wprowadzenie - W Produkcji 2	入場動畫 製作途中 2	Açılış - Yapım Aşamasında 2		Вступление, промежуточный этап 2
spb_title_ch10_4	Ending - Animatic		エンディング　コンテ動画	Desenlace - Guión Gráfico Animado		Fine - Animatico	Encerramento - Animatic	Video del guion gráfico del cierre	Ende - Animatic	Zakończenie - Animatik	結局動畫 分鏡	Bitiş - Animatik		Заключение, видео с раскадровкой
spb_title_ch10_5	Ending - In-Production 1		エンディング　途中段階　１	Desenlace - En Producción 1		Fine - In Produzione 1	Encerramento - Em Produção 1	Cierre - En progreso 1	Ende - Produktionsarbeiten 1	Zakończenie - W Produkcji 1	結局動畫 製作途中 1	Bitiş - Yapım Aşamasında 1		Заключение, промежуточный этап 1
spb_title_ch10_6	Ending - In-Production 2		エンディング　途中段階　２	Desenlace - En Producción 2		Fine - In Produzione 2	Encerramento - Em Produção 2	Cierre - En progreso 2	Ende - Produktionsarbeiten 2	Zakończenie - W Produkcji 2	結局動畫 製作途中 2	Bitiş - Yapım Aşamasında 2		Заключение, промежуточный этап 2
spb_title_ch10_7	Opening - Finished Version		オープニング　完成版	Apertura - Versión Final		Apertura - Versione Finale	Abertura - Versão Final	Apertura - Versión final	Anfang - Fertige Version	Wprowadzenie - Wersja Finalna	入場動畫—完成版	Açılış - Bitmiş Versiyonu		Вступление, финальная версия
spb_title_ch10_8	Ending - Finished Version		エンディング　完成版	Desenlace - Versión Final		Fine - Versione Finale	Encerramento - Versão Final	Cierre - Versión final	Ende - Fertige Version	Zakończenie - Wersja Finalna	結局動畫—完成版	Bitiş - Bitmiş Versiyonu		Заключение, финальная версия
spb_title_ch10_9	Object Memo		しかけ　メモ	Nota con un Objeto		Nota di un Oggetto	Nota de Objeto	Nota sobre los objetos	Memo: Objekte	Opis Obiektu	物件 備忘	Nesne Notu		Заметки с начальной стадии
spb_title_ch10_10	Dinosaur Jungle Memo		ダイナソージャングル　メモ	Nota de la Jungla Jurásica		Nota della Giungla dei Dinosauri	Nota de Dinosaur Jungle	Nota sobre Dino Jungla	Memo: Dinosaur Jungle	Opis Dżungli Dinozaurów	恐龍叢林 備忘	Dinazor Ormanı Notu		Заметки о Джунглях динозавров
spb_title_ch10_11	Golem Djinn Memo		ゴーレム・ジン　メモ	Nota del Yinn Gólem		Nota del Golem Djinn	Nota do Golem Djinn	Nota sobre el majin gólem	Memo: Golem Djinn	Opis Golema Dżin	精靈巨像 備忘	Golem Djinn Notu		Заметки об Голем Джинне
spb_title_ch10_12	Ifrit Golem Memo		イフリート　ゴーレム　メモ	Nota del Gólem Ifrit		Nota del Golem Ifrit	Nota de Ifrit Golem	Nota sobre el Ifrit Gólem	Memo: Ifrit Golem	Opis Ifrit Golema	伊弗利特巨像 備忘	Ifrit Golem Notu		Заметки об Голем Ифрите
spb_title_ch10_13	Levitated Ruin Memo 1		レビテイテッドルーイン　メモ　１	Nota de las Ruinas Levitantes 1		Nota delle Rovine Levitate 1	Nota de Levitated Ruins 1	Nota sobre Ruinas Levitadas 1	Memo: Levitated Ruin 1	Opis Lewitujących Ruin 1	懸浮遺址 備忘 1	Havadaki Harabe Notu 1		Заметки о Парящих руинах 1
spb_title_ch10_14	Levitated Ruin Memo 2		レビテイテッドルーイン　メモ　２	Nota de las Ruinas Levitantes 2		Nota delle Rovine Levitate 2	Nota de Levitated Ruins 2	Nota sobre Ruinas Levitadas 2	Memo: Levitated Ruin 2	Opis Lewitujących Ruin 2	懸浮遺址 備忘 2	Havadaki Harabe Notu 2		Заметки о Парящих руинах 2
spb_title_ch10_15	Skeleton Dome Memo		スケレトンドーム　メモ	Nota del Domo Esquelético		Nota della Cupola Scheletrica	Nota de Skeleton Dome	Nota sobre Domo Esquelético	Memo: Skeleton Dome	Opis Kopuły Szkieletów	骷髏巨蛋 備忘	İskelet Kubbesi Notu		Заметки о Скелетном своде
														
spb_title_ch11_1	Sandstorm					Sanstorm	Sandstorm		Sandstorm	Sandstorm		Sandstorm		Sandstorm
spb_title_ch11_2	Seven Rings In Hand					Seven Rings In Hand	Seven Rings In Hand		Seven Rings In Hand	Seven Rings in Hand		Seven Rings In Hand		Seven Rings In Hand
spb_title_ch11_3	The Lost Prologue					The Lost Prologue	The Lost Prologue		The Lost Prologue	The Lost Prologue		The Lost Prologue		The Lost Prologue
spb_title_ch11_4	Let The Speed Mend It					Let The Speed Mend It	Let The Speed Mend It		Let The Speed Mend It	Let The Speed Mend It		Let The Speed Mend It		Let The Speed Mend It
spb_title_ch11_5	The Wicked Wild					The Wicked Wild	The Wicked Wild		The Wicked Wild	The Wicked Wild		The Wicked Wild		The Wicked Wild
spb_title_ch11_6	The Palace That Was Found					The Palace That Was Found	The Palace That Was Found		The Palace That Was Found	The Palace That Was Found		The Palace That Was Found		The Palace That Was Found
spb_title_ch11_7	High And Broken					High And Broken	High And Broken		High And Broken	High And Broken		High And Broken		High And Broken
spb_title_ch11_8	No Way Through					No Way Through	No Way Through		No Way Through	No Way Through		No Way Through		No Way Through
spb_title_ch11_9	The White of Sky					The White Sky	The White of Sky		The White of Sky	The White of Sky		The White of Sky		The White of Sky
spb_title_ch11_10	Unawakening Float					Unawakening Float	Unawakening Float		Unawakening Float	Unawakening Float		Unawakening Float		Unawakening Float
spb_title_ch11_11	Poison Spear					Poison Spear	Poison Spear		Poison Spear	Poison Spear		Poison Spear		Poison Spear
spb_title_ch11_12	How It Started					How It Started	How It Started		How It Started	How It Started		How It Started		How It Started
spb_title_ch11_13	Blue On The Run					Blue On The Run	Blue On The Run		Blue On The Run	Blue On The Run		Blue On The Run		Blue On The Run
spb_title_ch11_14	It Has Come To This					It Has Come To This	It Has Come To This		It Has Come To This	It Has Come To This		It Has Come To This		It Has Come To This
spb_title_ch11_15	The Power of The Ring					The Power of The Ring	The Power of The Ring		The Power of The Ring	The Power of The Ring		The Power of The Ring		The Power of The Ring
														
spb_title_ch12_1	The Legendary Blue Hedgehog					The Legendery Blue Hedgehog	The Legendary Blue Hedgehog		The Legendary Blue Hedgehog	The Legendary Blue Hedgehog		The Legendary Blue Hedgehog		The Legendary Blue Hedgehog
spb_title_ch12_2	Judgement					Judgement	Judgement		Judgement	Judgement		Judgement		Judgement
spb_title_ch12_3	King of Kings					King of Kings	King of Kings		King of Kings	King of Kings		King of Kings		King of Kings
spb_title_ch12_4	His Fate					His Fate	His Fate		His Fate	His Fate		His Fate		His Fate
spb_title_ch12_5	Shimmer of Hot Air					Shimmer of Hot Air	Shimmer of Hot Air		Shimmer of Hot Air	Shimmer of Hot Air		Shimmer of Hot Air		Shimmer of Hot Air
spb_title_ch12_6	Misgiving					Misgiving	Misgiving		Misgiving	Misgiving		Misgiving		Misgiving
spb_title_ch12_7	The Promise					The Promise	The Promise		The Promise	The Promise		The Promise		The Promise
spb_title_ch12_8	Miss You					Miss You	Miss You		Miss You	Miss You		Miss You		Miss You
spb_title_ch12_9	Worth a Chance					Worth a Chance	Worth a Chance		Worth a Chance	Worth a Chance		Worth a Chance		Worth a Chance
spb_title_ch12_10	Ali Baba & Sinbad Rescued!					Ali Baba & Sinbad Rescued!	Ali Baba & Sinbad Rescued!		Ali Baba & Sinbad Rescued!	Ali Baba & Sinbad Rescued!		Ali Baba & Sinbad Rescued!		Ali Baba & Sinbad Rescued!
spb_title_ch12_11	Revive					Revive	Revive		Revive	Revive		Revive		Revive
spb_title_ch12_12	Shimmer of Hot Air - Heat					Shimmer of Hot Air - Heat	Shimmer of Hot Air - Heat		Shimmer of Hot Air - Heat	Shimmer of Hot Air - Heat		Shimmer of Hot Air - Heat		Shimmer of Hot Air - Heat
spb_title_ch12_13	Shimmer of Hot Air - Rage					Shimmer of Hot Air - Rage	Shimmer of Hot Air - Rage		Shimmer of Hot Air - Rage	Shimmer of Hot Air - Heat		Shimmer of Hot Air - Rage		Shimmer of Hot Air - Rage
spb_title_ch12_14	Seven Rings in Hand - Crush 40 Version					Seven Ring in Hand - Version di Crush 40	Seven Rings in Hand - Crush 40 Version		Seven Rings in Hand - Crush 40 Version	Seven Rings in Hand - Wersja Crush 40		Seven Rings in Hand - Crush 40 Version		Seven Rings in Hand - Crush 40 Version
spb_title_ch12_15	Seven Rings in Hand - Fairytales in Trance Version					Seven Ring in Hand - Versione di Fairytales in Trance 	Seven Rings in Hand - Fairytales in Trance Version		Seven Rings in Hand - Fairytales in Trance Version	Seven Rings in Hand - Wersja Fairytales in Trance		Seven Rings in Hand - Fairytales in Trance Version		Seven Rings in Hand - Fairytales in Trance Version
														
spb_title_ch13_1	Dune's Tempest					Dune's Tempest	Dune's Tempest		Dune's Tempest	Dune's Tempest		Dune'un Tapınağı		Dune's Tempest
spb_title_ch13_2	Desert Palace					Desert Palace	Desert Palace		Desert Palace	Desert Palace		Çöl Sarayı		Desert Palace
spb_title_ch13_3	The Wicked Wild - Metal Version					The Wicked Wild - Versione Metal 	The Wicked Wild - Metal Version		The Wicked Wild - Metal Version	The Wicked Wild - Wersja Metalowa		The Wicked Wild - Metal Versiyon		The Wicked Wild - Metal Version
spb_title_ch13_4	The Wicked Wild - Acoustic Version					The Wicked Wild - Versione Acoustic 	The Wicked Wild - Acoustic Version		The Wicked Wild - Acoustic Version	The Wicked Wild - Wersja Akustyczna		The Wicked Wild - Akustik Versiyon		The Wicked Wild - Acoustic Version
spb_title_ch13_5	The Palace That Was Found - Metal Version					The Palace That Was Found - Versione Metal 	The Palace That Was Found - Metal Version		The Palace That Was Found - Metal Version	The Palace That Was Found - Wersja Metalowa		The Palace That Was Found - Metal Versiyon		The Palace That Was Found - Metal Version
spb_title_ch13_6	Magma Foundry					Magma Foundry	Magma Foundry		Magma Foundry	Magma Foundry		Magma Dökümhanesi		Magma Foundry
spb_title_ch13_7	High and Broken - Chorus Version					High and Broken - Versione da Coro	High and Broken - Chorus Version		High and Broken - Chorus Version	High And Broken - Wersja Chórowa		Yüksek ve Kırık - Koro Versiyon		High and Broken - Chorus Version
spb_title_ch13_8	Sky Athletics					Sky Athletics	Sky Athletics		Sky Athletics	Sky Athletics		Gökyüzü Atletizmi		Sky Athletics
spb_title_ch13_9	No Way Through - Metal Version					No Way Through - Versione Metal 	No Way Through - Metal Version		No Way Through - Metal Version	No Way Through - Wersja Metalowa		No Way Through - Metal Versiyon		No Way Through - Metal Version
spb_title_ch13_10	High Seas					High Seas	High Seas		High Seas	High Seas		Açık Denizler		High Seas
spb_title_ch13_11	40 Thieves and a Legend					40 Thieves and a Legend	40 Thieves and a Legend		40 Thieves and a Legend	40 Thieves And a Legend		40 Hırsız ve Bir Efsane		40 Thieves and a Legend
spb_title_ch13_12	Grim Winter					Grim Winter	Grim Winter		Grim Winter	Grim Winter		Acımasız Kış		Grim Winter
spb_title_ch13_13	Glass Heart					Glass Heart	Glass Heart		Glass Heart	Glass Heart		Cam Kalp		Glass Heart
spb_title_ch13_14	Unawakening Float - Rock Version					Unawakening Float - Versione Rock 	Unawakening Float - Rock Version		Unawakening Float - Rock Version	Unawakening Float - Wersja Rockowa		Unawakening Float - Rock Versiyon		Unawakening Float - Rock Version
spb_title_ch13_15	Seven Rings in Hand - Credits Version					Seven Rings in Hand - Versione dei Riconoscimenti	Seven Rings in Hand - Credits Version		Seven Rings in Hand - Credits Version	Seven Rings in Hand - Wersja Napisów Końcowych		Seven Rings in Hand - Jenerik Versiyon		Seven Rings in Hand - Credits Version
														
spb_title_ch14_1	Hero		ヒーロー	Héroe		Eroe	Herói	Héroe	Held	Bohater	英雄	Kahraman		Герой
spb_title_ch14_2	True Hero		トュルーヒーロー	Héroe Verdadero		Vero Eroe	Verdadeiro Herói	Héroe verdadero	Wahrer Held	Prawdziwy Bohater	真正的英雄	Gerçek Kahraman		Настоящий герой
spb_title_ch14_3	World Traveler		ワールドトラベラー	Trotamundos		Avventuriero	Viajante do Mundo	Viajero mundial	Weltenbummler	Podróżnik Świata	世界旅者	Dünya Gezgini		Путешественник по миру
spb_title_ch14_4	Grind Performer		グラインドパフォーマー	Especialista del Raíl		Specialista del Corrimano	Especialista em Trilhos	Artista de los rieles	Grind-Performer	Szynowy Jeżdziec	滑軌表演者	Ray Ustası		Скользящий полёт
spb_title_ch14_5	Ring Getter		リングゲッター	Adquisidor de Anillos		Acquisitore di Anelli	Colecionador de Anéis	Consigue-Anillos	Ring-Sammler	Zbieracz Pierścieni	金環收集者	Yüzük Toplayıcısı		Собиратель колец
spb_title_ch14_6	Genie Buster		マジッシュバスター	Destructor de Genios		Distruttore di Geni	Caçador de Gênios	Cazador mágico	Geistjäger	Pogromca Dżinów	精靈剋星	Cin Avcısı		Уничтожитель злых духов
spb_title_ch14_7	Extreme Speedster		エクストリームスピーダー	Súperveloz		Super-Sonico	Velocista Extremo	Velocista extremo	Speed-Freak	Ekstremalny Sprinter	極速高手	Aşırı Hızcı		Экстремальный гонщик
spb_title_ch14_8	Time Controller		タイムコントローラー	Maestro del Tiempo		Controllore del Tempo	Controlador do Tempo	Controla-tiempo	Zeit-Regler	Kontroler Czasu	時間控制者	Zaman Denetleyicisi		Контроллер времени
spb_title_ch14_9	Chain Striker		チェインストライカー	Experto en Cadenas		Esperto Concatenatore	Especialista em Combos	Cierra-cadenas	Ketten-Schläger	Łańcuchowy Napastnik	連鎖急襲者	Zincir Vuruşçusu		Цепная реакция
spb_title_ch14_10	Skill Saver			Ahorrador de Habilidades		Risparmiatore di Abilità	Preservador de Habilidades	Ahorra-habilidades	Skill-Sparer	Oszczędzacz Talentów	技能節省者	Beceri Koruyucusu		Хранитель навыков
spb_title_ch14_11	Skill Quinti		スキルクインティ					Habilidad Epítome	Überlebenskünstler					
spb_title_ch14_12	Flame Master		フレイムマスター	Maestro de las Llamas		Maestro del Fuoco	Mestre das Chamas	Maestro de las llamas	Flammen Meister	Mistrz Ognia	炎之大師	Alev Ustası		Мастер пламени
spb_title_ch14_13	Wind Master		ウィンドマスター	Maestro del Viento		Maestro del Vento	Mestre dos Ventos	Maestro del viento	Meister des Winds	Mistrz Wiatru	風之大師	Rüzgar Ustası		Мастер ветра
spb_title_ch14_14	Dark Master		ダークマスター	Maestro de las Sombras		Maestro dell'Oscurità	Mestre da Escuridão	Maestro de las sombras	Finsterer Meister	Mistrz Ciemności	闇之大師	Karanlık Ustası		Мастер тьмы
spb_title_ch14_15	Rebellion		リベリオン	Rebelde		Ribellione	Rebelião	Rebelión	Rebell	Rebellion	反叛者	İsyan		Бунтарь
														
spb_title_ch15_1	Super Player		スーパープレイャー	Júgador Estrella		Giocatore Impeccabile	Super Jogador	Súper jugador	Super-Spieler	Super Gracz	超級玩家	Süper Oyuncu		Супер игрок
spb_title_ch15_2	Skill Collector		スキルコレクター	Coleccionista de Habilidades		Collezionista di Abilità	Colecionador de Habilidades	Coleccionista de habilidades	Skill-Sammler	Kolekcjoner Talentów	技能收集者	Beceri Koleksiyoneri		Собиратель навыков
spb_title_ch15_3	Soul Collector		ソウルコレクター	Coleccionista de Almas		Collezionista di Anime	Colecionador de Almas	Coleccionista de almas	Seelen-Sammler	Kolekcjoner Dusz	靈魂收集者	Ruh Koleksiyoneri		Собиратель душ огня
spb_title_ch15_4	The Ultimate		ザ・アルティメット	Jugador Definitivo		Giocatore definitivo	Jogador Supremo	El supremo	Der Ultimative	Ostateczny	究極	Nihai		Непобедимый
spb_title_ch15_5	Bookworm		ブックワーム	Obseso		Topo di Biblioteca	Rato de Biblioteca	Ratón de biblioteca	Bücherwurm	Książkoholik	書蟲	Kitap Kurdu		Книжный червь
spb_title_ch15_6	Star		スター	Juerguista		Stella	Estrela	Estrella	Star	Gwiazda	星星	Yıldız		Звезда
spb_title_ch15_7	Celebrity		セレブレティ	Celebridad		Celebrità	Celebridade	Celebridad	Berühmtheit	Celebryta	明星	Ünlü		Знаменитость
spb_title_ch15_8	Dealer		ディーラー	Postor Experto		Negoziante	Negociador	Negociador	Händler	Diler	商人	Satıcı		Дилер
spb_title_ch15_9	Trier		トライヤー	Resiliente		Ostinato	Resiliente	Obstinado	Prüfer	Pracuś	嘗試者	Çabalayan		Старатель
spb_title_ch15_10	Pirate		パイレーツ	Bucanero		Pirata	Pirata	Pirata	Pirat	Pirat	海盜	Korsan		Пират
spb_title_ch15_11	Thief		シーフ	Bandido		Ladro	Ladrão	Ladrón	Dieb	Złodziej	竊賊	Hırsız		Вор
spb_title_ch15_12	Explorer		エクスプローラー	Explorador		Esploratore	Explorador	Explorador	Forscher	Eksplorer	探險家	Kaşif		Исследователь
spb_title_ch15_13	Champion		チャンピオン	Campeón		Campione	Campeão	Campeón	Recke	Czempion	冠軍	Şampiyon		Чемпион
spb_title_ch15_14	Sonic Freak		ソニックフリーク	Fanático		Appassionato di Sonic	Fanático por Sonic	Fan de Sonic	Sonic Freak	Sonicowy Świr	索尼克狂粉	Sonic Delisi		Фанат Соника
spb_title_ch15_15	Record Buster		レコードバスター	Plusmarquista		Distruttore di Record	Recordista	Rompe récords	Rekord-Brecher	Łamacz Rekordów	打破紀錄者	Rekor Kırıcı		Рекордсмен
														
spb_title_ch15b_1														
spb_title_ch15b_2														
spb_title_ch15b_3														
spb_title_ch15b_4														
spb_title_ch15b_5														
spb_title_ch15b_6														
spb_title_ch15b_7														
spb_title_ch15b_8														
spb_title_ch15b_9														
spb_title_ch15b_10														
spb_title_ch15b_11														
spb_title_ch15b_12														
spb_title_ch15b_13														
spb_title_ch15b_14														
spb_title_ch15b_15														
														
spb_title_ch16_1	Lost Prologue		ロストプロローグ　にて	Prólogo Perdido		Prologo Perduto	Lost Prologue	Prólogo Perdido	Lost Prologue	Zaginiony Prolog	失落序章	Kayıp Giriş		Потерянный пролог
spb_title_ch16_2	Sand Oasis		サンドオアシス　にて	Oasis de Arena		Oasi Sabbiose	Sand Oasis	Oasis Arenoso	Sand Oasis	Piaszczysta Oaza	沙漠綠洲	Kum Vahası		Песчаный оазис
spb_title_ch16_3	Sand Oasis		サンドオアシス　にて	Oasis de Arena		Oasi Sabbiose	Sand Oasis	Oasis Arenoso	Sand Oasis	Piaszczysta Oaza	沙漠綠洲	Kum Vahası		Песчаный оазис
spb_title_ch16_4	Dinosaur Jungle		ダイナソージャングル　にて	Jungla Jurásica		Giungla dei Dinosauri	Dinosaur Jungle	Dino Jungla	Dinosaur Jungle	Dżungla Dinozaurów	恐龍叢林	Dinazor Ormanı		Джунгли динозавров
spb_title_ch16_5	Dinosaur Jungle		ダイナソージャングル　にて	Jungla Jurásica		Giungla dei Dinosauri	Dinosaur Jungle	Dino Jungla	Dinosaur Jungle	Dżungla Dinozaurów	恐龍叢林	Dinazor Ormanı		Джунгли динозавров
spb_title_ch16_6	Evil Foundry		イビルフャウンドリー　にて	Forja Maligna		Fonderia Maligna	Evil Foundry	Fundición Maléfica	Evil Foundry	Przeklęta Odlewnia	萬惡鑄造廠	Kötü Dökümhane		Плавильня зла
spb_title_ch16_7	Evil Foundry		イビルフャウンドリー　にて	Forja Maligna		Fonderia Maligna	Evil Foundry	Fundición Maléfica	Evil Foundry	Przeklęta Odlewnia	萬惡鑄造廠	Kötü Dökümhane		Плавильня зла
spb_title_ch16_8	Levitated Ruin		レビテイテッドルーイン　にて	Ruinas Levitantes		Rovine Levitate	Levitated Ruins	Ruinas Levitadas	Levitated Ruin	Lewitujące Ruiny	懸浮遺跡	Havadaki Harabe		Парящие руины
spb_title_ch16_9	Levitated Ruin		レビテイテッドルーイン　にて	Ruinas Levitantes		Rovine Levitate	Levitated Ruins	Ruinas Levitadas	Levitated Ruin	Lewitujące Ruiny	懸浮遺跡	Havadaki Harabe		Парящие руины
spb_title_ch16_10	Pirate Storm		パイレーツストーム　にて	Tormenta Pirata		Tempesta Pirata	Pirate Storm	Tormenta Pirata	Pirate Storm	Piracki Sztorm	海盜暴風	Korsan Fırtınası		Пиратский шторм
spb_title_ch16_11	Pirate Storm		パイレーツストーム　にて	Tormenta Pirata		Tempesta Pirata	Pirate Storm	Tormenta Pirata	Pirate Storm	Piracki Sztorm	海盜暴風	Korsan Fırtınası		Пиратский шторм
spb_title_ch16_12	Skeleton Dome		スケレトンドーム　にて	Domo Esquelético		Cupola Scheletrica	Skeleton Dome	Domo Esquelético	Skeleton Dome	Kopuła Szkieletów	骷髏巨蛋	İskelet Kubbesi		Скелетный свод
spb_title_ch16_13	Skeleton Dome		スケレトンドーム　にて	Domo Esquelético		Cupola Scheletrica	Skeleton Dome	Domo Esquelético	Skeleton Dome	Kopuła Szkieletów	骷髏巨蛋	İskelet Kubbesi		Скелетный свод
spb_title_ch16_14	Night Palace		ナイトパレス　にて	Palacio Nocturno		Palazzo Notturno	Night Palace	Palacio Nocturno	Night Palace	Nocny Pałac	暗夜宮殿	Gece Sarayı		Ночной дворец
spb_title_ch16_15	Night Palace		ナイトパレス　にて	Palacio Nocturno		Palazzo Notturno	Night Palace	Palacio Nocturno	Night Palace	Nocny Pałac	暗夜宮殿	Gece Sarayı		Ночной дворец
														
spb_desc_ch1_1	- 1991 -\n"""Sonic The Hedgehog"""\nThe World's fastest hedgehog makes his debut!		１９９１年\n「ソニック・ザ・ヘッジホッグ」\n走ることなら誰にも負けない世界最速にして超音速のハリネズミがさっそうと登場！	- 1991 -\n"""Sonic The Hedgehog"""\n¡El debut del erizo más rápido del mundo!		- 1991 -\n"""Sonic The Hedgehog"""\nIl debutto del riccio più veloce al mondo!	1991 -\n"""Sonic The Hedgehog"""\nO ouriço mais rápido do mundo faz sua estreia!	1991\n"""Sonic the Hedgehog"""\n¡Hace su gallarda aparición el erizo supersónico\nmás rápido del mundo, a quien nadie\ngana si se trata de correr!	- 1991 -\n"""Sonic The Hedgehog"""\nDer schnellste Igel der Welt feiert sein Debüt!	- 1991 -\n"""Sonic The Hedgehog"""\nNajszybszy jeż na Świecie debiutuje!	- 1991 -\n"""音速小子"""\n世界最快刺蝟初登場！	- 1991 -\n"""Sonic The Hedgehog"""\nDünyanın en hızlı kirpisi ilk kez ortaya çıktı!		- 1991 -\n"""Sonic The Hedgehog"""\nПервое появление самого быстрого в мире, никому не проигрывающего в беге сверхзвукового ежа!
spb_desc_ch1_2	- 1992 -\n"""Sonic The Hedgehog 2"""\nSonic is first joined by Tails, his two-tailed fox friend.		１９９２年\n「ソニック・ザ・ヘッジホッグ２」\nソニックにあこがれるテイルスが登場。２本のしっぽをふって一生けんめい走る！	- 1992 -\n"""Sonic The Hedgehog 2"""\nSonic va acompañado de Tails, el zorro de dos colas.		- 1992 -\n"""Sonic The Hedgehog 2"""\nSonic incontra Tails, il suo amico volpe a due code.	1992 -\n"""Sonic The Hedgehog 2"""\nSonic é acompanhado pela primeira vez por Tails, seu amigo raposa de duas caudas.	1992\n"""Sonic the Hedgehog 2"""\nAparece Tails, quien admira a Sonic.\n¡Corre con todas sus fuerzas\nmoviendo sus dos colas!	- 1992 -\n"""Sonic The Hedgehog 2"""\nSonic wird erstmals von Tails, dem Fuchs mit den zwei Schwänzen, begleitet.	- 1992 -\n"""Sonic The Hedgehog 2"""\nDo Sonica dołącza lis Tails, jego dwu-ogonowy przyjaciel.	- 1992 -\n"""音速小子 2"""\n崇拜索尼克的塔爾斯登場！搖著兩條尾巴的他將竭盡全力地奔跑！	- 1992 -\n"""Sonic The Hedgehog 2"""\nSonic'e ilk olarak iki kuyruklu tilki arkadaşı Tails katılır.		- 1992 -\n"""Sonic The Hedgehog 2"""\nПервое появление Тейлза, который восхищается Соником. У него 2 хвоста, которые позволяют ему летать!
spb_desc_ch1_3	- 1993 -\n"""Sonic CD"""\nMeet Amy Rose, Sonic's ever-cheerful love interest.		１９９３年\n「ソニックＣＤ」\n元気いっぱい恋に恋する女の子エミー登場	- 1993 -\n"""Sonic CD"""\nConoce a Amy Rose, la risueña erizo enamorada de Sonic.		- 1993 -\n"""Sonic CD"""\nSonic incontra Amy Rose, una ragazza innamorata di lui.	1993 -\n"""Sonic CD"""\nConheça Amy Rose, a sempre alegre apaixonada por Sonic.	1993\n"""Sonic CD"""\nAparece Amy, una chica llena\nde energía y enamorada del amor.	- 1993 -\n"""Sonic CD"""\nAmy Rose, Sonic's unfreiwillige Romanze	- 1993 -\n"""Sonic CD"""\nSpotkaj Amy Rose. Niestrudzona kandydatka Sonica.	- 1993 -\n"""音速小子 CD"""\n充滿元氣，憧憬戀愛的女孩艾咪蘿絲登場！	- 1993 -\n"""Sonic CD"""\nSonic'in her daim neşeli sevgilisi Amy Rose ile tanışın.		- 1993 -\n"""Sonic CD"""\nПервое появление Эми, очень весёлой и влюблённой девочки.
spb_desc_ch1_4	- 1994 -\n"""Sonic the Hedgehog 3""" and """Sonic & Knuckles"""\nKnuckles, the hard-headed echidna, makes his first appearance.		１９９４年\n「ソニック・ザ・ヘッジホッグ３」「ソニック＆ナッカルズ」\nがんこな性格でマーシャルアーツの達人ナッカルズが登場	- 1994 -\n"""Sonic the Hedgehog 3""" & """Sonic & Knuckles"""\nAparece por primera vez Knuckles, el testarudo equidna.		- 1994 -\n"""Sonic the Hedgehog 3""" & """Sonic & Knuckles"""\nKnuckles, un testardo echidna, fa la sua prima apparizione.	1994 -\n"""Sonic The Hedgehog 3""" e """Sonic & Knuckles"""\nKnuckles, o equidna cabeça-dura, faz sua primeira aparição.	1994\n"""Sonic the Hedgehog 3""" y """Sonic & Knuckles"""\nAparece Knuckles, experto en artes marciales\ny de carácter obstinado.	- 1994 -\n"""Sonic the Hedgehog 3""" and """Sonic & Knuckles"""\nKnuckles, der sture Echidna tritt auf den Plan.	- 1994 -\n"""Sonic The Hedgehog 3""" oraz """Sonic & Knuckles"""\nKnuckles, twardogłowa kolczatka pokazuje się po raz pierwszy.	- 1994 -\n"""音速小子 3""" & """音速小子 & 納克魯斯"""\n固執的針鼬，納克魯斯初登場！	- 1994 -\n"""Sonic the Hedgehog 3""" & """Sonic & Knuckles"""\nİnatçı ekidna Knuckles ilk kez ortaya çıkıyor.		- 1994 -\n"""Sonic the Hedgehog 3""" and """Sonic & Knuckles"""\nПервое появления Наклза, упрямого, но прекрасно владеющего боевыми искусствами.
spb_desc_ch1_5	- 1995 -\n"""Knuckles Chaotix"""\nKnuckles is joined by his rambunctious friends!		１９９５年\n「カオティクス」\nナッカルズとその仲間が大かつやく！	- 1995 -\n"""Knuckles Chaotix"""\n¡A Knuckles se le suman sus marchosos amigos!		- 1995 -\n"""Knuckles Chaotix"""\nKnuckles fa squadra con i suoi turbolenti amici!	1995 -\n"""Knuckles Chaotix"""\nKnuckles é acompanhado por seus amigos agitados!	1995\n"""Knuckles Chaotix"""\n¡Knuckles y sus amigos\ntienen un gran protagonismo!	- 1995 -\n"""Knuckles Chaotix"""\nKnuckles wird von seinen verrückten Freunden begleitet!	- 1995 -\n"""Knuckles Chaotix"""\nDo Knucklesa dołaczają jego żywiołowi kumple!	- 1995 -\n"""Knuckles Chaotix"""\n納克魯斯與他喧鬧的朋友一同冒險！	- 1995 -\n"""Knuckles Chaotix"""\nKnuckles'a haylaz arkadaşları katılıyor!		- 1995 -\n"""Knuckles Chaotix"""\nНаклз и его друзья идут навстречу приключениям!
spb_desc_ch1_6	- 1996 -\n"""Sonic 3D Blast"""\nSonic goes in search of the Chaos Emeralds on Flicky Island		１９９６年\n「ソニック３Ｄブラスト」\nソニックがカオスエメラルドの眠る"""フリッキーアイランド"""をぶたいにかつやく！	- 1996 -\n"""Sonic 3D Blast"""\nSonic pone rumbo a la Isla de los Flickies en busca de las Esmeraldas del Caos.		- 1996 -\n"""Sonic 3D Blast"""\nSonic va alla ricerca dei Chaos Emeralds nell'Isola dei Flicky	1996 -\n"""Sonic 3D Blast"""\nSonic parte em busca das Esmeraldas do Caos em Flicky Island.	1996\n"""Sonic 3D Blast"""\n¡Sonic entra en acción en la """Isla Flicky""", donde duermen las Esmeraldas Caos!	- 1996 -\n"""Sonic 3D Blast"""\nSonic sucht auf Flicky Island nach den Chaos Emeralds.	- 1996 -\n"""Sonic 3D Blast"""\nSonic wyrusza na poszukiwanie Szmaragdów Chaosu na Wyspie Flicky.	- 1996 -\n"""音速小子 3D 大爆炸"""\n索尼克在Flicky島上展開搜索渾沌寶石的冒險。	- 1996 -\n"""Sonic 3D Blast"""\nSonic, Flicky Adası'nda Kaos Zümrütlerini aramaya gidiyor		- 1996 -\n"""Sonic 3D Blast"""\nСоник отправляется на остров Флики, где спрятаны Изумруды Хаоса.
spb_desc_ch1_7	- 1997 -\n"""Sonic R"""\nThe first fully 3-D Sonic racing game!		１９９７年\n「ソニックＲ」\n完全に３Ｄとなったソニックたちがレースで戦うぞ！	- 1997 -\n"""Sonic R"""\n¡El primer juego de Sonic completamente en 3D!		- 1997 -\n"""Sonic R"""\nIl primo gioco di corsa di Sonic in 3D!	1997 -\n"""Sonic R"""\nO primeiro jogo de corrida do Sonic totalmente em 3D!	1997\n"""Sonic R"""\n¡Sonic y compañía, totalmente en 3D,\ncompiten en carreras!	- 1997 -\n"""Sonic R"""\nDas erste voll in 3D realisierte Rennspiel mit Sonic!	- 1997 -\n"""Sonic R"""\nPierwsza gra wyścigowa Sonica w pełnym 3D!	- 1997 -\n"""音速小子 R"""\n首款全3D索尼克賽跑遊戲！	- 1997 -\n"""Sonic R"""\nİlk tamamen 3D Sonic yarış oyunu!		- 1997 -\n"""Sonic R"""\nСоник и его друзья предстали в 3D, чтобы сразиться в гонке!
spb_desc_ch1_8	- 1998 -\n"""Sonic Adventure"""\nSix characters with six unique adventures! Sold in Japan only.		１９９８年\n「ソニック・アドベンチャー」\n６人のキャラクターを使って６つアドベンチャーを攻略せよ！日本でのみ発売	- 1998 -\n"""Sonic Adventure"""\n¡Seis personajes, seis aventuras únicas! Solo a la venta en Japón.		- 1998 -\n"""Sonic Adventure"""\nSei personaggi con sei avventure uniche! Venduto solo in Giappone.	1998 -\n"""Sonic Adventure"""\nSeis personagens com seis aventuras únicas! Vendido apenas no Japão.	1998\n"""Sonic Adventure"""\n¡Utiliza a 6 personajes para superar 6 aventuras!\nLanzado solo en Japón.	- 1998 -\n"""Sonic Adventure"""\nSechs Figuren und sechs einzigartige Abenteuer! Nur in Japan erhältlich.	- 1998 -\n"""Sonic Adventure"""\nSześć postaci z sześcioma przygodami! Sprzedane tylko w Japoni.	- 1998 -\n"""音速小子大冒險"""\n六個角色皆有獨特的冒險！僅在日本發售。	- 1998 -\n"""Sonic Adventure"""\nAltı karakter altı benzersiz macera! Sadece Japonya'da satılmaktadır.		- 1998 -\n"""Sonic Adventure"""\nПройдите 6 приключений, используя 6 героев! Только для японского рынка.
spb_desc_ch1_9	- 1999 -\n"""Sonic Adventure International"""\nSonic Adventure released to the rest of the world.		１９９９年\n「ソニック・アドベンチャー・インターナショナル」\nソニックアドベンチャーが全世界で発売！	- 1999 -\n"""Sonic Adventure Internacional"""\nSonic Adventure sale a la venta en el resto del mundo.		- 1999 -\n"""Sonic Adventure Internzionale"""\nSonic Adventure viene rilasciato al resto del mondo.	1999 -\n"""Sonic Adventure International"""\nSonic Adventure lançado para o resto do mundo.	1999\n"""Sonic Adventure International"""\n¡Sonic Adventure sale a la venta en todo el mundo!	- 1999 -\n"""Sonic Adventure International"""\nSonic Adventure erscheint nun auch außerhalb Japans!	- 1999 -\n"""Sonic Adventure International"""\nPrzygody Sonica wypuszczone dla reszty świata.	- 1999 -\n"""音速小子大冒險國際版"""\n索尼克大冒險釋出於國外。	- 1999 -\n"""Sonic Adventure Uluslar Arası"""\nSonic Adventure tüm dünyaya sunuldu.		- 1999 -\n"""Sonic Adventure International"""\nSonic Adventure вышел во всём мире!
spb_desc_ch1_10	- 2000 -\n"""Sonic Shuffle"""\nSonic and his pals battle against Void to protect Maginaryworld!		２０００年「ソニック・シャッフル」\n夢と光の世界マージナリフールドを守るためにソニックと仲間たちがヴォイドと対決！	- 2000 -\n"""Sonic Shuffle"""\nSonic y sus amigos luchan contra Void para proteger el Maginaryworld!		- 2000 -\n"""Sonic Shuffle"""\nSonic e i suoi amici combattono contro Void per proteggere Maginaryworld!	2000 -\n"""Sonic Shuffle"""\nSonic e seus amigos lutam contra Void para proteger Maginaryworld!	2000\n"""Sonic Shuffle"""\n¡Sonic y sus amigos se enfrentan a Void para proteger Maginarimundo,\nel mundo de los sueños y la luz!	- 2000 -\n"""Sonic Shuffle"""\nSonic und seine Freunde kämpfen gegen Void, um Maginary World zu retten!	- 2000 -\n"""Sonic Shuffle"""\nSonic i jego znajomi walczą z Próżnią by ochronić Wyobrażoświat!	- 2000 -\n"""Sonic Shuffle"""\n索尼克和他的夥伴們為了保護 Maginaryworld 和 Void 對戰！	- 2000 -\n"""Sonic Shuffle"""\nSonic ve arkadaşları Maginaryworld'ü korumak için Void'e karşı savaşıyor!		- 2000 -\n"""Sonic Shuffle"""\nСоник и его друзья сражаются с Войдом, чтобы защитить Воображариум, мир мечты и света!
spb_desc_ch1_11	- 2001 -\n"""Sonic Adventure 2""" and """Sonic Advance"""\nThe black hedgehog Shadow makes his sinister debut!		２００１年「ソニック・アドベンチャー２」「ソニック・アドバンス」\n黒きハリネズミシャドウ登場！	- 2001 -\n"""Sonic Adventure 2"""\n"""Sonic Advance"""\n¡El siniestro debut de Shadow, el erizo negro!		- 2001 -\n"""Sonic Adventure 2"""\n"""Sonic Advance"""\nIl riccio nero Shadow fa il suo sinistro debutto!	2001 -\n"""Sonic Adventure 2""" e """Sonic Advance"""\nO ouriço negro Shadow faz sua estreia sinistra!	2001\n"""Sonic Adventure 2""" y """Sonic Advance"""\n¡Aparece Shadow, el erizo negro!	- 2001 -\n"""Sonic Adventure 2""" und """Sonic Advance"""\nDer schwarze Igel Shadow tritt zum ersten Mal in Erscheinung!	- 2001 -\n"""Sonic Adventure 2""" oraz """Sonic Advance"""\nCzarny jeż Shadow robi złowieszczy debiut!	- 2001 -\n"""音速小子大冒險 2""" & """音速小子 進化"""\n漆黑的刺蝟「夏多」初登場！	- 2001 -\n"""Sonic Adventure 2"""\n"""Sonic Advance"""\nKara kirpi Shadow uğursuz çıkışını yapıyor!		- 2001 -\n"""Sonic Adventure 2""" and """Sonic Advance"""\nПервое появление тёмного ежа Шедоу!
spb_desc_ch1_12	- 2002 -\n"""Sonic Advance 2"""\nMeet Cream and her little Chao friend, Cheese!		２００２年「ソニック・アドバンス２」\nチャオのチーズと大の仲良しクリーム登場！	- 2002 -\n"""Sonic Advance 2"""\n¡Conoce a Cream y a su pequeño amigo Chao, Cheese!		- 2002 -\n"""Sonic Advance 2"""\nIncontra Cream e il suo piccolo amico Chao Cheese!	2002 -\n"""Sonic Advance 2"""\nConheça Cream e seu pequeno amigo Chao, Cheese!	2002\n"""Sonic Advance 2"""\n¡Aparece Cream, la gran amiga del Chao Cheese!	- 2002 -\n"""Sonic Advance 2"""\nLerne Cream und ihren kleinen Chao-Freund Cheese kennen!	- 2002 -\n"""Sonic Advance 2"""\nSpotkaj Cream i jej małego Chao przyjaciela, Cheese!	- 2002 -\n"""音速小子 進化 2"""\n克林姆與起司的初登場！	- 2002 -\n"""Sonic Advance 2"""\nCream ve küçük Chao arkadaşı Cheese ile tanışın!		- 2002 -\n"""Sonic Advance 2"""\nПоявление Чао Чиза и его подруги Крим!
spb_desc_ch1_13	- 2003 -\n"""Sonic Heroes"""\n12 characters split into teams and head out into action together!		２００３年「ソニック・ヒーローズ」\n１２名の多彩なキャラクターが登場チームアクションでつきすすめ！	- 2003 -\n"""Sonic Heroes"""\n¡12 personajes divididos en equipos se disponen a la acción!		- 2003 -\n"""Sonic Heroes"""\n12 personaggi divisi in squadre che vanno incontro all'azione insieme!	2003 -\n"""Sonic Heroes"""\n12 personagens divididos em equipes partem juntos para a ação!	2003\n"""Sonic Heroes"""\n¡Aparecen 12 variados personajes! ¡Avanza actuando en equipo!	- 2003 -\n"""Sonic Heroes"""\n12 Figuren und 4 Teams in einem aufregenden Action-Abenteuer!	- 2003 -\n"""Sonic Heroes"""\n12 postaci podzielonych na drużyny które razem wkraczają do akcji!	- 2003 -\n"""音速小子群雄"""\n12 characters split into teams and head out into action together!	- 2003 -\n"""Sonic Heroes"""\n12 karakter takımlara ayrılıp birlikte aksiyona atılıyor!		- 2003 -\n"""Sonic Heroes"""\nПеред Вами предстанут 12 разных героев. Вы будете сражаться командой!
spb_desc_ch1_14	- 2004 -\n"""Sonic Advance 3"""\nPlayers get to play with friends!\n"""Sonic Heroes""" comes to Europe and North America.		２００４年「ソニック・アドバンス３」\n好きな仲間と冒険！\nこの年、「ソニック・ヒーローズ」が北米、欧州で発売	- 2004 -\n"""Sonic Advance 3"""\n¡Puedes jugar con tus amigos!\n"""Sonic Heroes""" llega a Europa y a Norteamérica.		- 2004 -\n"""Sonic Advance 3"""\nSi può giocare con gli amici!\n"""Sonic Heroes""" arriva in Europa e Nord America.	2004 -\n"""Sonic Advance 3"""\nOs jogadores podem se divertir com os amigos!\n"""Sonic Heroes""" chega à Europa e América do Norte.	2004\n"""Sonic Advance 3"""\n¡Una aventura con tus compañeros favoritos!\nEste año, """Sonic Heroes""" sale a la venta en Norteamérica y Europa.	- 2004 -\n"""Sonic Advance 3"""\nSpieler können nun mit ihren Freunden spielen!\n"""Sonic Heroes""" erscheint in Europa und den USA.	- 2004 -\n"""Sonic Advance 3"""\nGracze mogą grać z przyjaciółmi!\n"""Sonic Heroes""" wypuszczone dla Europy oraz Ameryki Północnej.	- 2004 -\n"""音速小子 進化 3"""\n玩家能和朋友一起遊玩！!\n"""Sonic Heroes""" 進軍歐美國家！	- 2004 -\n"""Sonic Advance 3"""\nOyuncular arkadaşlarıyla oynayabiliyor!\n"""Sonic Heroes""" Avrupa ve Kuzey Amerika'ya geliyor.		- 2004 -\n"""Sonic Advance 3"""\nПриключения с любимыми друзьями!!\n"""Sonic Heroes""" в этом году вышли в Северной Америке и Европе.
spb_desc_ch1_15	- 2005 - 2006 -\n"""Shadow the Hedgehog""", """Sonic Rush""", and """Sonic Riders"""\nAnd the adventure continues...		２００５～２００６年「シャドウ・ザ・ヘッジホッグ」「ソニック・ラッシュ」「ソニック・ライダーズ」\n冒険は続くぞ！	- 2005 - 2006 -\n"""Shadow the Hedgehog"""\n"""Sonic Rush"""\n"""Sonic Riders"""\nY la aventura continúa...		- 2005 - 2006 -\n"""Shadow the Hedgehog"""\n"""Sonic Rush"""\n"""Sonic Riders"""\nE l'avventura continua...	2005 - 2006 -\n"""Shadow the Hedgehog""", """Sonic Rush""", e """Sonic Riders"""\nE a aventura continua...	2005-2006\n"""Shadow the Hedgehog"""\n"""Sonic Rush"""\n"""Sonic Riders"""\n¡La aventura continúa!	- 2005 - 2006 -\n"""Shadow the Hedgehog""", """Sonic Rush""", und """Sonic Riders"""\nUnd die Abenteuer nehmen kein Ende...!	- 2005 - 2006 -\n"""Shadow The Hedgehog""", """Sonic Rush""", oraz """Sonic Riders"""\nI przygoda dalej trwa...	- 2005 - 2006 -\n"""刺蝟夏多""", """音速小子 衝刺""", 與 """音速小子 滑板"""\n他們的冒險將繼續下去……	- 2005 - 2006 -\n"""Shadow the Hedgehog"""\n"""Sonic Rush"""\n"""Sonic Riders"""\nVe macera devam ediyor...		- 2005 - 2006 -\n"""Shadow the Hedgehog""", """Sonic Rush""", """Sonic Riders"""\nПриключения продолжаются!
														
spb_desc_ch2_1	We decided to include the fire in Sonic's chest early on during the planning stages.		ソニックの胸から炎をだすことは、初期のストーリー案で決まっていた	Decidimos temprano en la planificación que incluiríamos el fuego en el pecho de Sonic.		Abbiamo deciso sin dall'inizio di includere il fuoco nel petto di Sonic.	Decidimos incluir o fogo no peito do Sonic logo nas fases iniciais de planejamento.	Que saliera fuego del pecho de Sonic estaba decidido en el borrador inicial de la historia.	Schon in der Planungsphase einigten wir uns auf den Flammenpfeil in Sonics Brust.	Zdecydowaliśmy uwzględnić ogień w piersi Sonica wcześnie w etapach planowania.	「索尼克從胸口噴出火焰」，是在最初的故事構想就已經決定的設定。	Fragman Resmi 1\nPlanlama aşamalarının başlarında Sonic'in göğsündeki ateşi eklemeye karar verdik.		То, что у Соника в груди будет пламя, было решено с самого начала.
spb_desc_ch2_2	A more fiery and powered-up version from the initial image.		炎の中を走る！\n最初のイメージからさらにパワーアップ	Una versión más fogosa y potente de la imagen original.		Una versione più focosa della immagine iniziale.	Uma versão mais flamejante e turbinada da imagem inicial.	¡Corriendo entre las llamas!\nAlgo más potente respecto a la imagen inicial.	Eine """feurigere""" Variante der ursprünglichen Abbildung.	Bardziej ognista i wzmocniona wersja z początkowego obrazu.	在火焰中奔馳！從最初的影像再度進化！	Fragman Resmi 2\nİlk görselden daha ateşli ve güçlendirilmiş bir versiyon.		Более мощная версия первоначального варианта.
spb_desc_ch2_3	Title logo for Japanese use.		タイトルロゴが日本語用	Versión con el logotipo del título en Japonés.		Logo del titolo per l'utilizzo in Giappone	Logo do título para uso no Japão.	Logotipo del título para la versión japonesa.	Titellogo für den japanischen Markt.	Logo tytułu dla użytku Japońskiego.	日文用的標題設計。	Fragman Resmi - Japonca\nJaponca kullanıma yönelik başlık logosu.		Сделали логотип на японском языке.
spb_desc_ch2_4	We included four in-game screenshots to convey what the game was all about.		ゲームの中身が想像できるようイメージの違う４つのスクリーンソョットが配置された	Incluímos cuatro capturas de pantalla del juego para enseñar cómo era.		Abbiamo incluso quattro foto del gioco per esprimere di cosa si tratti.	Incluímos quatro capturas de tela do jogo para mostrar do que ele se tratava.	Se colocaron 4 capturas de pantalla con imágenes diferentes para poder imaginar el contenido del juego.	Vier Screenshots sollen das Thema des Spiels näherbringen.	Uwzględniliśmy cztery screenshoty gry by przekazać o czym ta gra jest.	配置四張不同的遊戲截圖來展示遊戲的核心內容。	Fuar Broşürü\nOyunun ne hakkında olduğunu anlatmak için dört adet oyun içi ekran görüntüsü ekledik.		Здесь вставлено 4 разных скриншота, по которым можно понять содержание игры.
spb_desc_ch2_5	This was the version used for posters and pamphlets.		パンフレットやポスターにする時はこれを使う	Esta es la versión definitiva para carteles y folletos.		Questa è la versione usata per i poster e gli opuscoli.	Esta foi a versão usada em pôsteres e folhetos.	Esto se utiliza al hacer folletos o pósteres.	Dies ist die für Poster und Broschüren verwendete Version.	To była wersja użyta dla plakatów i ulotek.	海報及小冊子所使用的版本。	Fragman Resmi Son Versiyonu\nBu, poster ve broşürler için kullanılan sürümdür.		Эта версия использовалась для брошюр и плакатов.
spb_desc_ch2_6	Sonic's pose here with the ring was something that we arrived at through experimentation.		ソニックのポーズ指のリングをいかにかっこよく見せるかいろいろ試した結果生まれたもの	Nos decidimos por esta pose de Sonic con el anillo a través de la experimentación.		La posa di Sonic qua con l'anello è qualcosa che riuscimmo ad arrivare con sperimentazioni.	Essa pose do Sonic com o anel foi algo que chegamos por meio de experimentação.	El resultado de probar varias formas de hacer que el anillo en el dedo de Sonic luciera genial en su pose.	Nach vielen Ansätzen einigten wir uns auf diese Pose, die Sonic mit dem Ring zeigt.	Tutejsza poza Sonica z pierścieniem to było coś, do czego dotarliśmy przez eksperymentację.	這是我們經過各種嘗試，為了讓索尼克手上拿著金環的這個姿勢看起來更帥氣的成果	Ana Görsel\nSonic'in yüzükle verdiği poz, deneylerle ulaştığımız bir şeydi.		Поза Соника, получившаяся в результате многих попыток показать круто кольцо на пальце Соника.
spb_desc_ch2_7	The """O""" in """SONIC""" uses the same flame motif from the teaser image.		ＳＯＮＩＣの"""Ｏ"""の文字に注目\nディザーイメージと同じく炎がモチーフ	La """O""" de """SONIC""" utiliza el mismo adorno en forma de llama que aparece en la imagen promocional.		La """O""" in """SONIC""" usa il tema infuocato dalla immagine promozionale.	O """O""" em """SONIC""" usa o mesmo motif de chamas do teaser de imagem.	Atención a la letra """O""" de """SONIC"""\nEl motivo es el fuego, al igual que en la imagen promocional.	Das """O""" in """SONIC""" zeigt dasselbe Flammenmotiv wie das vom Aufmacher.	"""O""" w """SONIC""" używa tego samego ognistego motywu z obrazu zwiastunowego.	「SONIC」中的「O」字，和前導視覺圖一樣是使用火焰為主題。	Başlık Logosu - İngilizce Versiyonu\n"""SONIC"""teki """O""" harfi, tanıtım görselindeki alev motifini kullanıyor.		Обратите внимание на букву """O""" в слове """SONIC""".
spb_desc_ch2_8	Although the text was completely different from English letters, we wanted to keep the look similar.		文字がちがっても英語版と同じふんいきがでるようフォントを作成している	Aunque el texto fuese completamente distinto que con letras latinas, quisimos darle un aspecto similar		Anche se il testo è completamente diverso, volevamo mantenere l'aspetto simile.	Embora o texto fosse completamente diferente das letras em inglês, queríamos manter a aparência semelhante.	Se creó una fuente para que se vea igual que en la versión en inglés, aunque los caracteres sean diferentes.	Obwohl sich der Text von den englischen Buchstaben unterscheidet, sollte das Design ähnlich sein.	Mimo tego, że tekst był kompletnie inny od Angielskich litery, chcieliśmy utrzymać podobny wygląd.	儘管這些文字和英文版本完全不同，我們還是想要讓它們維持相似氛圍的樣子。	Başlık Logosu - Japonca Versiyonu\nMetin İngilizce harflerden tamamen farklı olsa da, görünümün benzer kalmasını istedik.		Как и на тизерном изображении, сохранён пламенный мотив.
spb_desc_ch2_9	The logo was based on the English version, with lettering adjusted accordingly.		英語版にイメージをあわせるため文字の位置を調整している	La imagen está basada en la versión inglesa, con las escritura ajustada acorde a las palabras.		L'immagine è basata dalla versione inglese, con le lettere aggiustate di conseguenza.	O logo foi baseado na versão em inglês, com as letras ajustadas apropriadamente.	Se ajustó la posición del texto para que coincida con la imagen de la versión en inglés.	Das auf der englischen Version basierte Bild mit entsprechendem deutschen Text.	Logo było bazowane na Angielskiej wersji z odpowiednio dopasowanym literowaniem.	以英文版為基底製成的設計，文字也已經過調整。	Başlık Logosu - Almanca Versiyonu\nGörsel İngilizce versiyona dayanmaktadır, yazılar buna göre ayarlanmıştır.		Шрифт подобран так, чтобы получилась такая же """атмосфера""", как в английской версии.
spb_desc_ch2_10	The logo was based on the English version, with lettering adjusted accordingly.		英語版にイメージをあわせるため文字の位置を調整している	La imagen está basada en la versión inglesa, con las escritura ajustada acorde a las palabras.		L'immagine è basata dalla versione inglese, con le lettere aggiustate di conseguenza.	O logo foi baseado na versão em inglês, com as letras ajustadas apropriadamente.	Se ajustó la posición del texto para que coincida con la imagen de la versión en inglés.	Das auf der englischen Version basierte Bild mit entsprechendem italienischen Text.	Logo było bazowane na Angielskiej wersji z odpowiednio dopasowanym literowaniem.	以英文版為基底製成的設計，文字也已經過調整。	Başlık Logosu - İtalyanca Versiyonu\nGörsel İngilizce versiyona dayanmaktadır, yazılar buna göre ayarlanmıştır.		Изменили положение букв, чтобы подогнать их под изображение в английской версии.
spb_desc_ch2_11	The logo was based on the English version, with lettering adjusted accordingly.		英語版にイメージをあわせるため文字の位置を調整している	La imagen está basada en la versión inglesa, con las escritura ajustada acorde a las palabras.		L'immagine è basata dalla versione inglese, con le lettere aggiustate di conseguenza.	O logo foi baseado na versão em inglês, com as letras ajustadas apropriadamente.	Se ajustó la posición del texto para que coincida con la imagen de la versión en inglés.	Das auf der englischen Version basierte Bild mit entsprechendem spanischen Text.	Logo było bazowane na Angielskiej wersji z odpowiednio dopasowanym literowaniem.	以英文版為基底製成的設計，文字也已經過調整。	Başlık Logosu - İspanyolca Versiyonu\nGörsel İngilizce versiyona dayanmaktadır, yazılar buna göre ayarlanmıştır.		Изменили положение букв, чтобы подогнать их под изображение в английской версии.
spb_desc_ch2_12	The design was made to look like the title page of a book.		本の表紙をイメージして作られたもの	La diseñamos con la idea de que pareciese la portada de un libro.		Il design è fatto in modo per somigliare alla copertina di un libro.	O design foi feito para se parecer com a página de título de um livro.	La creamos con la imagen de la portada de un libro en mente.	Dieses Design wurde im Stil einer Titelseite eines Buches ausgeführt.	Ten design był stworzony by wyglądał jak strona z książki.	這項設計是以書本封面為靈感所打造的。	Fragman Tanıtım Resmi\nTasarım bir kitabın başlık sayfasına benzeyecek şekilde yapılmıştır.		Сделано так, чтобы было похоже на обложку книги.
spb_desc_ch2_13	A rough design of a title logo.		タイトルロゴが決まるまでのラフデザイン	Bosquejos aproximados de un logotipo para el título.		Un design grezzo per il logo del titolo.	Um esboço do logo do título.	Bocetos de diseño previos a la decisión del logotipo del título.	Ein frühes Design für ein Titellogo.	Szkic designu dla logo tytułu.	標題設計確定之前使用的版本。	Başlık Logosu - İlk Harf 1\nBir başlık logosunun kaba tasarımı.		Черновой дизайн до утверждения финального логотипа.
spb_desc_ch2_14	Different iterations of the final logo. We tweaked it based on input from other territories.		よく見るとタイトルも今とはちがう。\nタイトルも世界中の意見を参考にしながら調整を重ねている	Versiones que se asemejan al logo final. Las ajustamos en base a comentarios externos.		Piccole variazioni differenti rispetto al logo finale. L'abbiamo modificato in base al contributo di altri territori.	Diferentes versões do logo final. Ajustamos ele com base nas sugestões de outros territórios.	Si miras bien, el título es diferente al actual.\nEl título se ajustó tomando como referencia opiniones de todo el mundo.	Leicht veränderte Version des entgültigen Logos, nach Feedback von den anderen Vertriebsregionen.	Inne wersje robocze finalnego logo. Poprawiliśmy je na podstawie porad z innych terytorium.	歷經多次修改的標題設計。我們根據來自世界各地的建議進行調整。Different iterations of the final logo. We tweaked it based on input from other territories.	Başlık Logosu - İlk 2\nSon logodan biraz farklı bir varyasyon. Diğer bölgelerden gelen geri bildirimlere dayanarak üzerinde değişiklikler yaptık.		В нескольких деталях финальный логотип другой. Он менялся на основании мнений людей со всего мира.
spb_desc_ch2_15	This was the logo shown in May, 2006. This was the working title at the time.		２００６年５月に発表された時のタイトルロゴ。\nこの時は、まだＷＯＲＫＩＮＧ　ＴＩＴＬＥ	Este es el logotipo mostrado en mayo del 2006. Era el título provisional en aquel momento.		Questo è il logo mostrato nel Maggio 2006. Questo era il titolo provvisorio al momento	Este foi o logo mostrado em maio de 2006. Este era o título provisório na época.	El logotipo del título cuando fue anunciado en mayo de 2006.\nEn ese momento, todavía era un TÍTULO PROVISIONAL.	Dies ist das Logo im Mai 2006 und der Arbeitstitel zu dieser Zeit.	Te logo było pokazane w Maju, 2006. Wtedy to był jeszcze tytuł roboczy.	2006年五月發表時採用的標題設計。當時仍是暫定標題。	Başlık Logosu - İlk Harf 3\nBu, Mayıs 2006'da gösterilen logodur. O zamanlar bu, çalışma başlığıydı.		Логотип игры, которая была выпущена в мае 2006 года. Тогда это было ещё рабочее название.
														
spb_desc_ch3_1	We tried many different costumes to get the right attitude and feel.		衣装もいくつかパターンを検討。\n動きがでるようにやわらかい素材を腰につけている	Probamos muchos atuendos distintos para encontrar la personalidad y el aspecto adecuados.		Abbiamo provato tanti vestiti per ottenere il giusto comportamento e percezione.	Testamos várias roupas diferentes para encontrar a personalidade e o aspecto adequados.	Se consideraron varios patrones para el vestuario.\nLleva un material suave en la cintura para dar sensación de movimiento.	Wir testeten viele verschiedene Kostüme zur Vermittlung des richtigen Flairs.	Próbowalismy wiele innych kostiumów, aby uzyskać odpowiednią atmosferę i klimat.	服裝設計上也嘗試了多種樣式。為了強化動態感，在腰部加入了柔軟材質。	Shahra - Konsept\nDoğru tavrı ve hissiyatı yakalamak için birçok farklı kostüm denedik.		Мы рассмотрели несколько вариантов одежды. Чтобы её движения были плавными, на пояснице был использован мягкий материал.
spb_desc_ch3_2	We wanted her to look happy, but also still a bit ephemeral.		元気ながらもどこかはかなげな印象になるよう調整されている	Queríamos que se viese alegre. pero también algo efímera.		Abbiamo voluto renderla felice, ma lasciandola un pò effimera.	Queríamos que ela parecesse feliz, mas ainda um pouco etérea.	Se hicieron ajustes para darle una apariencia alegre, pero también frágil.	Shahra sollte zwar einen glücklichen, aber gleichzeitig auch vergänglichen Eindruck vermitteln.	Chcieliśmy żeby wyglądała na radosną, ale też trochę efemeryczną.	在設計上刻意調整，使其既展現活力，又帶有一絲脆弱感。	Shahra - Konsept Renkler\nMutlu görünmesini istedik ama aynı zamanda biraz da geçici olmasını istedik.		Сделали так, чтобы показать её энергичной, но хрупкой.
spb_desc_ch3_3	You'll notice her accessories are based on the ring motif.		リングをモチーフにした髪かざりがポイント	Como puedes ver, sus accesorios están basados el motivo de los anillos.		Puoi vedere che i suoi accessori sono basati dal tema degli anelli.	Você notará que os acessórios dela são baseados no motif do anel.	El punto clave es el adorno del pelo con el motivo de un anillo.	Auffällig sind ihre Accessoires, die auf dem Ringmotiv beruhen.	Zauważysz, że jej akcesoria są bazowane na motywie pierścienia.	以戒指為主題的髮飾是造型的亮點。	Shahra - 3 Yüzler\nAksesuarlarının yüzük motifinden esinlendiğini fark edeceksiniz.		Мотивом украшения для волос стало кольцо.
spb_desc_ch3_4	She looks a bit older here, but there's a range of different facial expressions.		ちょっと大人っぽいが、いろいろなシャーラの表情を描いてもらった	Aquí se ve más mayor, pero muestra un gran rango de expresiones faciales diferentes.		Sembra un po più vecchia qua, ma ha una grande varietà di espressioni.	Ela parece um pouco mais velha aqui, mas há uma variedade de expressões faciais.	Un poco más mayor, pero se dibujaron varias expresiones de Shahra.	Hier sieht sie ein wenig älter aus, aber zeigt eine Reihe unterschiedlicher Gesichtsausdrücke.	Wyglada tutaj na trochę starszą, ale jest tutaj wiele różnych wyrazów twarzy.	雖然她的個性偏成熟感，我們還是把夏拉各式各樣的表情畫了出來。	Shahra - İfadeler 1\nBurada biraz daha yaşlı görünüyor, ancak farklı yüz ifadeleri var.		Были нарисованы различные выражения лица Шахры.
spb_desc_ch3_5	Here we have dfferent sketches based on specific story scenes.		ストーリーのシーンにあうように、何点か描いてもらった	Estos son varios bocetos basados en escenas específicas de la historia.		Qua abbiamo schizzi differenti basati su scene della storia specifiche.	Aqui temos diferentes esboços baseados em cenas específicas da história.	Se dibujaron varios bocetos para encajar con las escenas de la historia.	Hier haben wir verschiedene, auf bestimmte Szenen im Spiel angepasste Entwürfe.	Tutaj mamy różne szkice na podstawie specyficznych scen fabularnych.	根據特定的故事場景而繪製的不同插畫。	Shahra - İfadeler 2\nBurada belirli hikaye sahnelerine dayalı farklı eskizlerimiz var.		Было нарисовано несколько вариантов под разные сцены.
spb_desc_ch3_6	This model was based on the motifs we chose during concept stages.		初期イメージの中にあったとおりに髪かざりがモデリングされている	Este modelo está basado en los mismos motivos que escogimos durante el desarollo de los conceptos.		Il modello è basato sul tema che abbiamo scelto durante le fasi concettuali.	Este modelo foi baseado nos motifs que escolhemos durante as fases de conceito.	El adorno del pelo ha sido modelado tal y como estaba en la imagen inicial.	Dieses Modell basiert auf denselben Motiven, die wir während der Entwurfsphase ausgewählt haben.	Ten model był bazowany na motywach, które wybraliśmy podczas etapów konceptowych.	髮飾的建模完全是依照最初的設計構想進行。	Shahra - Üretim CG Modeli\nBu model, konsept aşamasında seçtiğimiz motiflere dayanmaktadır.		Украшение для волос полностью соответствует модели на первом концепте.
spb_desc_ch3_7	Different patterns for Shahra. We ended up liking the sash and skin color here, so we kept those for later.		シャーラの別のパターン。この腰の肌の色などがよかったためいろいろまぜ合わせて現在の設定にかった	Distintos patrones para Shara. Terminó por gustarnos la faja y el color de piel, así que los mantuvimos en posteriores diseños.		Motivi differenti per Shahra. Abbiamo finito per piacere fascia e il colore di pelle, quindi li abbiamo tenuti per dopo.	Diferentes padrões para Shahra. Acabamos gostando da faixa e da cor de pele aqui, então mantivemos esses para mais tarde.	Otros patrones de Shahra. Como el color de piel de la cintura y otros detalles eran buenos, se mezclaron varios elementos para llegar al diseño actual.	Verschiedene Muster für Shahra. Uns gefielen die Schärpe und Hautfarbe.	Różne wzory dla Shahry. Ostatecznie spodobał nam się tutaj pas i kolor skóry, więc zachowaliśmy je na póżniej.	夏拉的另一個設計草案。由於腰部肌膚的色調效果很好，我們將多種元素混合後，採用了現在的設定。	Shahra - Konsept Resmi 2\nShahra için farklı desenler. Kuşak ve ten rengini çok beğendiğimiz için onları daha sonraya sakladık.		Другой вариант Шахры. Цвет кожи и ткань на пояснице многим понравились, мы это объединили и получили вот это.
spb_desc_ch3_8	This must be what Erazor was like when he was younger and on friendly terms with Shahra.		シャーラと仲良しだったころはこんな感じの若者だったにちがいない	Así debía de verse cuando era más joven y estaba en buenos términos con Shara.		Questo doveva essere Erazor quando era giovane ed andava d'accordo con Shahra.	Assim devia ser Erazor quando era mais jovem e ainda possuía uma relação amigável com Shahra.	Sin duda debió de ser un joven así cuando se llevaba bien con Shahra.	So etwa muss er ausgesehen haben, als er jünger und noch gut zu Shahra war.	Taki musiał być Erazor, kiedy był młodszy i miał lepsze warunki z Shahrą.	伊來薩和夏拉關係要好的時候，肯定是像這樣的年輕人吧。	Erazor - Konsept Resmi 1\nBu, gençken ve Shahra ile dostken nasıl biri olduğuyla ilgili olmalı.		Так он мог выглядеть, когда был молодым и дружил с Шахрой.
spb_desc_ch3_9	Initially, he had somewhat more humanlike colors.		今よりも色あいが少しだけ人間らしい印象	Al principio, tenía colores más humanoides.		Inizialmente, aveva colori più umani.	Inicialmente, ele tinha cores um pouco mais humanas.	Los tonos dan una impresión un poco más humana que ahora.	Ursprünglich erschien er in eher realitätsnahen Farben...	Początkowo miał całkiem ludzkie kolory.	相較於現在的色調稍微更具人類感。	Erazor - Konsept Renkler 1\nBaşlangıçta daha insansı renklere sahipti.		Цвета подобраны так, что он был больше похож на человека, чем сейчас.
spb_desc_ch3_10	We changed his skin color to be more genie-like.		よりマジンらしく肌の色を変更した	Cambiamos el color de su piel para que pareciese más un genio.		Abbiamo cambiato i colori per renderlo più come in genio.	Mudamos a cor da pele dele para ficar mais parecida com a de um gênio.	Se cambió el color de piel para que pareciera más un majin.	...doch dann änderten wir seine Hautfarbe, so dass er mehr wie ein Geist aussah.	Zmieniliśmy jego kolor skóry by wyglądał bardziej jak dżin.	為了讓他看起來更像精靈，我們改變了他的膚色。	Erazor - Konsept Renkler 2\nCin rengini daha cin gibi olacak şekilde değiştirdik.		Изменили цвет кожи, чтобы он больше походил на джинна.
spb_desc_ch3_11	The outfit didn't end up changing much. You can see some of his more human origins here, offsetting some of his evil.		重厚なかざりは初期デザインから。\n悪者だがもとは人間という意味を残している	Su vestimenta no cambió mucho respecto a esta. Aquí se percibe algo más de orígenes humanos, que compensa su maldad.		Il vestito finì per essere non tanto cambiato. Puoi vedere in pò delle sue origini umane, controbilanciando la sua malvagità.	A roupa acabou não mudando muito. Aqui você pode ver algumas de suas origens mais humanas, equilibrando um pouco de sua maldade.	Los adornos pesados vienen del diseño inicial.\nConserva el significado de que, aunque es un villano, originalmente era humano.	Sein Outfit hat sich wenig geändert. Hier kann man seine menschlicheren Züge gut erkennen.	Strój nie zmienił się za bardzo. Widać tutaj jego ludzkie początki, równoważąc część jego zła.	厚重的裝飾來自最初的設計構想。\n代表著雖然他是反派，但殘留著過去曾是人類的意義。	Erazor - 3 Yüzler\nKıyafet pek değişmedi. Burada, kötülüğünün bir kısmını dengeleyen, daha insani kökenlerinden bazılarını görebilirsin.		Мощные украшения остались с первого дизайна. Он злодей, но изначально считался человеком.
spb_desc_ch3_12	Even evil characters have facial expressions other than scowling.		しかめっつらだけでなく悪者としてよゆうのある表情など細かく設定している	Incluso los personajes malvados tienen expresiones que no son de enfado.		Pure personaggi malvaggi non hanno solo l'espressione da accigliato.,	Até personagens malignos têm expressões faciais além de carrancas.	No sólo se han detallado gestos de ceño fruncido, sino también expresiones de compostura propias de un villano.	Selbst Bösewichte verfügen über ein Minenspiel und sehen nicht nur """böse""" aus!	Nawet złe postacie mają inne wyrazy twarzy niż marszczenie brwi.	就連反派角色也有除了皺眉以外的細膩表情。	Erazor - İfadeler 1\nKötü karakterlerin bile somurtmaktan başka yüz ifadeleri vardır.		Ему прорисовали не только хмурые брови, но и другие выражения лица злодея.
spb_desc_ch3_13	These faces were drawn up in planning for one of the movie scenes near the end.		最後のあたりのムービーシーンのために用意したいろいろな表情	Estas caras se dibujaron con una de las escenas finales en mente.		Queste facce furono disegniate nella pianificazione per una scena alla fine.	Essas expressões foram desenhadas durante o planejamento de uma das cenas do filme, perto do final.	Varias expresiones preparadas para las escenas de vídeo de la parte final.	Diese Gesichter wurden in der Planungsphase für eine der letzten Filmsequenzen gezeichnet.	Te twarze były narysowane podczas planowania jednych ze scen końcowych blisko końca.	為了接近故事尾聲的影片場景之一而繪製的多種表情。	Erazor - İfadeler 2\nBu yüzler filmin sonuna yakın bir sahnenin planlanması sırasında çizilmiştir.		Разные выражения лица для сцены в видеоролике ближе к концу.
spb_desc_ch3_14	His overall shape was set before more details were modeled in.		全体の形を大まかに作ったころのもの。\nここから細部がモデリングされる	Antes de modelar más detalles, aquí ya teníamos la forma general.		La sua forma era gia fatta prima che più dettagli furono messi.	A forma geral dele foi definida antes de mais detalhes serem modelados.	De cuando se creó la forma general a grandes rasgos.\nA partir de aquí se modelan los detalles.	Sein allgemeiner Umriss wird hier festgelegt, bevor mehr Details hinzukommen.	Jego ogólny kształt był wybrany zanim wymodelowano więcej detali.	這是整體造型初步完成時的版本，接下來才開始進行細部的建模作業。	Erazor - Üretim CG Modeli\nDaha fazla ayrıntı modellenmeden önce genel şekli burada ayarlanmıştır.		Создали модель в общих чертах. После этого были смоделированы детали.
spb_desc_ch3_15	An early Erazor concept. Perhaps he might have looked like this if the game was set in Sonic's world.		初期のイレイザー。\nいつもどおりのソニックならこにな感じもあるか！？	Un concepto temprano de Erazor. ¿Ves lo que hace tener que enfrentarse a Sonic?		Un concetto iniziale di Erazor. Forse sarrebbe stato così se il gioco era nel mondo di Sonic.	Um conceito inicial do Erazor. Talvez ele tivesse esse visual se o jogo se passasse no mundo do Sonic.	El primer diseño de Erazor.\nSi fuera un juego de Sonic usual, ¿tendría un aspecto así?	Ein früher Entwurf von Erazor. Vielleicht hätte er so ausgesehen, wenn dieses Spiel in Sonics Welt spielen würde.	Wczesny koncept Erazora. Możę tak by wyglądał, gdyby miejsce akcji toczyło się w świecie Sonica.	伊萊薩的初期設計。如果故事發生在索尼克的世界，他大概就會長成這樣吧。	Erazor - Konsept Resmi 2\nErken dönem Erazor konseptlerinden biri. Sonic'in ona ne yaptığını görüyor musunuz?		Первоначальный Эрейзор. Неужели Соник может производить подобное впечатление?!
														
spb_desc_ch4_1	We based his look on the character from """Ali-Baba and the Forty Thieves."""		アラビアンナイトの「アリババと４０人の盗賊」にでてくるアリババをモチーフにしたキャラクター	Basamos su apariencia en la del personaje de """Ali-Baba y los cuarenta ladrones""".		Abbiamo basato il suo aspetto dal personaggio di """Ali-Baba e i quaranta ladroni""".	Baseamos sua aparência no personagem de """Ali-Baba e os Quarenta Ladrões""".	Personaje inspirado en Alí Babá, de """Alí Babá y los 40 ladrones""" de """Las mil y una noches""".	Sein Aussehen haben wir dem Charakter aus """Ali Baba und die 40 Räuber""" nachempfunden.	Zrobiliśmy jego wygląd na podstawie postaci z """Ali-Baba i Czterdziestu Rozbójników""".	以《一千零一夜》中〈阿里巴巴與四十大盜〉登場的阿里巴巴為原型的角色。	Ali-Baba\nGörünümünü """Ali-Baba ve Kırk Haramiler""" dan karakterden esinlenerek oluşturduk.		Герой по мотивам Али-Баба, который появляется в рассказе """Али-Баба и 40 разбойников""" в """Тысяче и одной ночи""".
spb_desc_ch4_2	Sinbad is said to have sailed the seven seas.\nWe wanted him to look strong, cool, and worthy.		シンドバットは７つの海をまたにかける冒険王。\n力強く紳士的でかっこよう設定	Se dice que Simbad ha navegado los siete mares.\nQueríamos que se viese fuerte, genial y digno.		Sinbad è detto che ha attraversato i sette mari.\nAbbiamo voluto darli un aspetto forte, fico, e degno.	É dito que Simbad navegou pelos sete mares.\nQueríamos que ele parecesse forte, legal e digno.	Simbad es el rey de la aventura que recorrió los siete mares.\nLo diseñamos para verse fuerte, caballeroso y genial.	Sindbad soll die sieben Weltmeere befahren haben. Wir wollten ihn stark, cool und würdig aussehen lassen.	Mówi się, że Sinbad przepłynął siedem mór.\nChcieliśmy, żeby wyglądał na silnego, fajnego i godnego.	辛巴達是橫跨七海的冒險王，設定上是充滿力量、紳士風範且帥氣的角色。 	Sinbad\nSinbad'ın yedi denizi aştığı söylenir.\nOnun güçlü, havalı ve değerli görünmesini istedik.		Синдбад - король приключений, объехавший 7 морей. Он должен быть сильным, благородным и крутым.
spb_desc_ch4_3	The king is the one to whom the stories of the Arabian Nights were told, night after night...		夜な夜な、この王様に話された物語をまとめたのがアラビアンナイトとなった	Este sultán es a quien le cuentan, noche tras noche, las historias de Las mil y una noches...		Il re è il quale raccontava le storie delle Mille ed una notte, notte dopo notte...	O rei é aquele a quem as histórias das Mil e Uma Noites eram contadas, noite após noite...	La recopilación de las historias contadas noche tras noche a este sultán se convirtió en """Las mil y una noches""".	Dem König werden die Geschichten von Tausendundeiner Nacht erzählt, Nacht für Nacht...	Król to ten, któremu noc po nocy opowiadano historie z Arabskich Nocy.	每晚，為這位國王講述的故事被整理成了《一千零一夜》。	Kral Şehriyar\nŞah, Binbir Gece Masalları'nın anlatıldığı kişidir, geceler boyu...		"""Тысяча и одна ночь""" - это сборник рассказов, которые по ночам рассказывали царю Шахрияру.
spb_desc_ch4_4	We were deciding what to do about the rings placed on his body.		身につけている指輪にいたるまで設定を決めている	Intentábamos decidir que hacer con los anillos colocados en su cuerpo.		Stavamo decidendo su cosa fare degli anelli nel suo corpo.	Estávamos decidindo o que fazer com os anéis colocados em seu corpo.	Se decidieron los detalles incluso de los anillos que lleva puestos.	Hier waren wir noch am Überlegen, wie wir seinen mit Ringen geschmückten Körper gestalten sollten.	Decydowaliśmy o tym, co zrobić z jego pierścieniami na jego ciele.	甚至連他所佩戴的戒指也有詳細設定。	Kral Solomon\nVücuduna takılan yüzüklerle ilgili ne yapacağımızı düşünüyorduk.		Проработано вплоть до кольца, которое он носит.
spb_desc_ch4_5	We discarded this design because it was too removed from the feel of the rest of the game.		全体的なゲームのトーンとはちがっていたので没とした。\nこれはこれで味があるんだけど	Descartamos este diseño porque nos pareció que se alejaba demasiado del estilo del resto del juego.		Abbiamo scartato questo design perchè era troppo distaccato da come il gioco appariva.	Descartamos esse design porque ele estava muito distante da sensação do restante do jogo.	Se descartó porque difería del tono general del juego.\nAunque esto tenía su propio encanto.	Wir haben dieses Design verworfen, da es letztendlich nicht zum Spiel passte.	Odrzuciliśmy ten design, ponieważ był zbyt odległy od reszty atmosfery w grze.	因為整體風格與遊戲基調不符，最後這個設計被取消了。雖然如此，這個版本也別有風味。	Kral Solomon Konsepti\nBu tasarımı oyunun geri kalanının havasından çok uzak olduğu için kaldırdık.		Оно не соответствовало общему тону игры, поэтому от него отказались. Хотя в нём есть свой шарм.
spb_desc_ch4_6	The gold plating melts away, making this evil thing seem just like an ordinary lamp...		ふつうのランプとちがい金メッキがとけて中の地下が顔をだしてを表現。\n右下は「塊」状態	El enchapado de oro se derrite, haciendo parecer a este objeto maligno una lámpara corriente...		La placcatura di oro si scioglie via, facendo sembrare questa cosa malvagia una normale lampada...	O revestimento dourado derrete, fazendo com que essa coisa maligna pareça apenas uma lâmpada comum...	A diferencia de las lámparas comunes, esta muestra cómo el baño de oro se derrite para revelar el metal base que hay debajo.\nEn la parte inferior derecha se ve en estado """grumoso""".	Nachdem der Goldüberzug geschmolzen ist, unterscheidet dieses üble Ding nichs von einer gewöhnlichen Lampe.	Pozłacana odwłoka topi się, co sprawia, że ta przeklęta rzecz wygląda na zwykłą lampę...	與一般的神燈不同，這盞燈的金色鍍層剝落，露出內部的地底構造。 右下是「塊狀」狀態。 	Erazor'un Lambası\nAltın kaplama eriyip gidiyor ve bu şeytani şey sıradan bir lamba gibi görünüyor...		Cлегка расплавилась позолота и на месте бока обычной лампы, видится чьё-то лицо. Выглядит зловеще. Внизу справа лампа в состоянии сгустка.
spb_desc_ch4_7	An image of Erazor as the genie of the lamp. On the right are some more evil designs.		イレイザーがランプの精だったころのイメージ。\n右はそれをさらに邪悪にしたパターン	Una imagen de Erazor como genio de la lámpara. A la derecha, un diseño de aspecto más malvado.		Una immagine di Erazor come il genio della lampada. Alla si possono trovare più design malvagi.	Uma imagem do Erazor como o gênio da lâmpada. À direita, há alguns outros designs malignos.	Imagen de cuando Erazor era el genio de la lámpara.\nA la derecha, un patrón que lo hace ver aún más malvado.	Eine Abbildung von Erazor als Lampengeist. Rechts sind noch mehr finstere Bilder zu sehen.	Obraz Erazora jako dżina lampy. Na prawo są bardziej złe designy.	伊萊薩還是神燈精靈時期的形象。右邊是將其進一步邪惡化的版本。	Erazor'un Lambası Konsepti\nErazor'un lambanın cini olarak tasvir edildiği bir görsel. Sağda birkaç kötücül tasarım daha var.		Изображение лампы, когда Эрейзор был джинном. А справа - более зловещая версия.
spb_desc_ch4_8	The ring bears an inscription that calls for good luck to be bestowed upon its wearer.		シャーラの指輪。\n持ち主に幸せが訪れるよう「祝福があらんことをときざまれている」	El anillo lleva una inscripción que trae la buena suerte a su portador.		L'anello porta una inscrizione che chiama buona fortuna a chi lo indossa.	O anel possui uma inscrição que pede que boa sorte seja concedida ao seu portador.	El anillo de Shahra.\nLleva grabada la bendición """Que la felicidad llegue a su portador""".	Das Ring trägt eine Inschrift, die dem Besitzer Glück verheißen soll.	Pierścień nosi napis, który wzywa do obdarzenia noszącego go szczęściem.	沙拉（Shahra）的戒指。為了讓持有者獲得幸福，刻有「願你獲得祝福」的文字。 	Shahra Yüzüğü\nYüzük üzerinde, takan kişiye uğur getirmesi için dua eden bir yazı yer almaktadır.		На нём выгравировано пожелание счастья тому, кто его носит.
spb_desc_ch4_9	We tried designs for more feminine and more masculine sorts of rings.		女性らしいやわらかいな感じのリングや男性らしい固く怖いイメージなどいろいろ検討している	Probamos diseños más masculinos y más femeninos para el anillo.		Abbiamo provato designs per anelli più maschili o più femminili.	Testamos designs para anéis com estilos mais femininos e mais masculinos.	Se consideraron varias opciones, desde anillos con un toque suave y femenino hasta imágenes duras y aterradoras más masculinas.	Wir versuchten uns an Designs für weiblichere und männlichere Ringe.	Wypróbowaliśmy designy dla typów pierścieni bardziej żeńskich i bardziej męskich.	我們考慮了多種設計，包括女性柔和風格的戒指，以及男性剛硬、帶有威嚇感的戒指。	Shahra'nın Yüzük Konsepti\nDaha feminen ve daha maskülen yüzük çeşitleri için tasarımlar denedik.		Были рассмотрены разные варианты: женственные мягкие кольца, мужественные страшные кольца.
spb_desc_ch4_10	Made of a glass-like substance, the rings give off seven different colors.		ガラスのような素材で常に光をはなっている。\n７色分ある	Compuestos de una sustancia parecida al cristal, se encuentran en 7 colores diferentes.		Fatto di una sostanza simile al vetro, gli anelli danno sette colori diversi.	Feitos de uma substância semelhante ao vidro, os anéis emitem sete cores diferentes.	Son de un material similar al vidrio que emite luz constantemente.\nHay 7 colores diferentes.	Hergestellt aus einer glasähnlichen Substanz schimmern die Ringe in sieben verschiedenen Farben.	Zrobione z substancji podobnej do szkła, pierścienie emitują siedem różnych kolorów.	材質如玻璃般，持續散發光芒。共有七種顏色。	Dünya Yüzüğü\nCam benzeri bir maddeden yapılmış olan yüzük, yedi farklı renk yayıyor.		Сделано из материала вроде стекла, всегда испускает свет. Бывает 7 цветов.
spb_desc_ch4_11	We tried very hard to get different designs for all of the many rings that appear in the game.		このゲームにはいろいろなリングが登場するためちがいをだすのに苦労したいることがうかがえる	Pusimos todos nuestros esfuerzos en crear diseños distintos para cada anillo.		Abbiamo provato molto per ottenere vari design per i vari anelli che appaiono nel gioco.	Nos esforçamos muito para criar designs diferentes para todos os diversos anéis que aparecem no jogo.	Es evidente que se requirió un esfuerzo considerable para diferenciar entre los distintos anillos que aparecen en este juego.	Wir gaben uns beim Entwurf der vielen Ringe im Spiel redliche Mühe!	Bardzo się staraliśmy, aby uzyskać różne designy dla wszystkich licznych pierścieni pojawiających się w grze.	由於這款遊戲中登場了各式各樣的戒指，因此在設計差異上花了不少功夫。	Dünya Yüzük Konsepti\nOyunda görünen birçok yüzüğün hepsi için farklı tasarımlar elde etmek için çok uğraştık.		Из-за того, что в этой игре появляется много разных колец, пришлось приложить много усилий, чтобы показать их разницу.
spb_desc_ch4_12	An Arabian-style palace floating agains the night sky. This is close to the final version.		空にうかぶアラビアの城をイメージしたデザイン。\n最終イメージに近い	Un palacio arábigo que levita frente al cielo nocturno. Se asemeja a la versión final.		Un palazzo stile Arabo che fluttua nel cielo della notte. Molto vicino alla versione finale.	Um palácio em estilo árabe flutuando contra o céu noturno. Isso está próximo da versão final.	Diseño inspirado en un castillo árabe flotando en el cielo.\nCercano a la imagen final.	Ein im arabischen Stil gehaltenes, treibendes Schloss und der Nachthimmel. Dies ist ein Entwurf.	Lewitujący pałac w stylu Arabskim na tle nocnego nieba. To jest bliskie wersji finalnej.	設計靈感來自漂浮在空中的阿拉伯城堡。這個版本很接近最終決定的設計。	Gece Sarayı Dış Mekan Konsepti\nGece gökyüzünde süzülen Arap tarzı bir saray. Bu, son versiyona yakın.		Дизайн арабского дворца, парящего в небе. Близко к финальной версии.
spb_desc_ch4_13	The door to the throne room which the seven world rings opens.		王座の間をあけるとびらのイメージ。７つの世界リングがあればこのとびらが開く	imagen de la puerta que se abre con los siete anillos secretos y que lleva a la sala del trono.		La porta della stanza del trono che i sette anelli mondiali aprono.	A porta da sala do trono, que pode ser aberta pelos sete Anéis do Mundo.	Imagen de la puerta que abre la sala del trono. Esta puerta se abre si se tienen los 7 Anillos mundiales.	Dies ist die Tür, die in den Thronsaal führt und die nur mit Hilfe der sieben Weltenringe geöffnet werden kann.	Drzwi do sali tronowej, które otwierają się dzięki siedmiu pierścieni świata.	王座裡需要七枚世界戒指才能打開的門。	Dünya Halkası Kapısı\nYedi dünya halkasının açtığı taht odasına açılan kapının görüntüsü.		Изображение двери, открывающей тронный зал. Если есть 7 мировых колец, то получится её открыть.
spb_desc_ch4_14	The room can be entered once the seven world rings are assembled. Aside from the two chairs and a fountain, it's very near its final form.		７つの世界リングを集めると入れる部屋。\nいすが２つあったりふん水があったりするが最終形に近い	Se puede entrar a ella cuando se reúnen los siete anillos secretos. Hay dos sillas y una fuente, pero se acerca a su versión final.		Si può entrare nella stanza quando i sette anelli mondiali sono riuniti. Apparte dalle due sedie e la fontana, e molto vicino alla versione finale.	A sala pode ser acessada uma vez que os sete Anéis do Mundo estejam reunidos. Tirando as duas cadeiras e a fonte, ela já está muito próxima da sua versão final.	La habitación a la que se accede al reunir los 7 Anillos mundiales.\nHay dos sillas, una fuente, etc., pero está cerca de su forma final.	Sobald die 7 Weltenringe gesammelt sind, ist der Zutritt möglich. Abgesehen von den beiden Stühlen und dem Brunnen ist der Saal seiner endgültigen Form sehr nahe.	Do pokoju można wejść, gdy siedem pierścieni świata zostanie złożonych. Obok dwóch krzeseł i fontanny, jest już bardzo bliski swojej ostatecznej formy.	集齊七個世界戒指後才能進入的房間。裡面有兩張椅子跟一個噴泉，很接近最終版了。	Taht Odası Resmi\nYedi dünya halkası bir araya getirildikten sonra odaya girilebilir. İki sandalye ve bir çeşme var, ancak son haline çok yakın.		Комната, в которую можно войти, если собрать 7 мировых колец. В ней есть 2 кресла и фонтан. Близко к финальной версии.
spb_desc_ch4_15	The book Sonic reads at the start of the game. The world ring door shares the same design.		初めのシーンでソニックが読んでいる本。\n実は本の表紙と世界リングのとびらは同じデザインになっている	El libro que Shara le enseña a Sonic al principio del juego. La puerta de los anillos secretos se basa en este mismo diseño.		Il libro che Sonic legge a inizio gioco. La porta degli anelli mondiali condivide lo stesso design.	O livro que Sonic lê no início do jogo. A porta dos Anéis do Mundo compartilha o mesmo design.	El libro que Sonic lee en la primera escena.\nEn realidad, la portada del libro y la puerta de los Anillos mundiales tienen el mismo diseño.	Das Buch, in dem Sonic zu Spielbeginn schmökert. Die Weltenringtür basiert auf dem gleichen Design.	Książka, którą Sonic czyta na początku gry. Drzwi pierścienia świata mają ten sam design/wzór.	在一開始的場景中，索尼克正在閱讀的書。書的封面與世界戒指之門的設計其實是一樣的。 	"""Binbir Gece Masalları""" kitabı\nSonic'in oyunun başında okuduğu kitap. Dünya halkası kapısı da aynı tasarıma göre modellenmiştir.		Книга, которую Соник читает в первой сцене. На самом деле, обложка книги и дверь с мировыми кольцами одного дизайна.
														
spb_desc_ch5_1	A world that connects the real world to that of the book. The scattered pages show how danger is beginning to draw ever near.		本と現実を結ぶ空間。\n本のページがちらばっていることで本の世界が危険にさらされていることを表している	Un lugar que conecta el mundo real con el del libro. Nos acerca al peligro acechante que nos espera.		Un mondo che connette il modo reale a quello del libro. Questo mostra come il pericolo si sta avvicinando.	Um mundo que conecta o mundo real ao do livro. As páginas espalhadas mostram como o perigo começa a se aproximar cada vez mais.	El espacio que conecta el libro con la realidad.\nLas páginas dispersas del libro representan que el mundo del libro corre peligro.	Diese Welt verknüpft die Realität mit der Fantasiewelt des Buches und macht die drohende Gefahr mittels verstreuten Seiten deutlich.	Świat, który łączy prawdziwy świat do tego z książki.To pokazuje, że zbliża się niebezpieczeństwo.	連結書本與現實的空間。散落的書頁象徵書中世界正面臨危機。 	Kayıp Başlangıç\nGerçek dünyayı kitaptaki dünyaya bağlayan bir dünya. Bu, tehlikenin giderek yaklaştığını gösteriyor.		Пространство, соединяющее книгу и реальность. Повсюду страницы книги, что показывает, что мир книги в опасности. 
spb_desc_ch5_2	An Arabian Nights project wouldn't be complete without a desert stage, would it?		プロジェクトの最初のころはアラビアンナイトのモチーフとしてまず砂漠から制作を始めた	A un proyecto basado en Las mil y una noches no le puede faltar un escenario desértico, ¿verdad?		Un progetto delle Mille ed una notte non sarebbe completo senza un deserto, vero?	Um projeto das Mil e Uma Noites não estaria completo sem uma fase no deserto, estaria?	Al principio del proyecto, se empezó por crear el desierto como motivo de """Las mil y una noches""".	Was wäre eine Geschichte über 1001 Nacht ohne ein Wüstenlevel?	Projekt Arabskich Nocy nie byłby kompletny bez etapu pustynnego, prawda?	計畫初期以《一千零一夜》為主題，所以先從沙漠場景開始製作。	Kum Vahası\nBir Binbir Gece Masalları projesi çöl sahnesi olmadan tamamlanmış sayılmaz, değil mi?		В начале проекта игру начали создавать с пустыни, взяв её за основу """Тысячи и одной ночи""".
spb_desc_ch5_3	We thought sand by itself would be boring, so we used water and light to highlight the oasis.		ただの砂漠では単調ということで光と水の表現に力を入れたところ目指すオアシスの形が見えてきた	Pensamos que solo con arena sería aburrido, así que utilizamos el agua y la luz para que el oasis destacase.		Abbiamo pensato che solo un deserto fosse noioso, quindi abbiamo usato l'acqua e la luce per evidenziare l'oasi.	Achamos que só a areia seria entediante, então usamos água e luz para destacar o oásis.	Como un simple desierto resultaba monótono, se puso énfasis en la representación de la luz y el agua, y así surgió la forma del oasis deseado.	Nur Sand allein hielten wir für langweilig, darum setzten wir Wasser und Licht ein, um die Oase hervorzuheben.	Sądziliśmy, że piasek sam w sobie byłby nudny, więc użyliśmy wody i światła by podkreślić oazę.	由於單純的沙漠太過單調了，因此開始著重於光與水的表現，逐漸呈現出理想中的綠洲形象。	Kum Vahası\nKumun tek başına sıkıcı olacağını düşündük, bu yüzden vahayı vurgulamak için su ve ışık kullandık.		Просто пустыня - это неинтересно, поэтому сделали акцент на воде и свете и получился такой оазис, к какому стремились.
spb_desc_ch5_4	You can't have a jungle without plants that are typically found there, right?		ジャングルといえば密林。\nそれではつまらないので多肉植物のジャングルを制作した	Una jungla no es una jungla sin vegetación selvática, ¿no?		Non si può avere una giungla senza avere le piante che vivono la, giusto?	Não se pode ter uma selva sem plantas típicas dela, certo?	Al hablar de jungla se piensa en un bosque denso.\nComo eso era aburrido, se creó una jungla de plantas suculentas.	Kein Dschungel ohne Dschungelpflanzen, richtig?	Nie możesz mieć dżungli bez roślin które zazwyczaj by w niej były, nie?	提到Jungle就會想到叢林。但光那樣太無趣了，因此製作了以多肉植物為主的叢林。 	Dinozor Ormanı\nOrmanda genellikle bulunan bitkiler olmadan orman olmaz, değil mi?		Обычно джунгли - это густой лес. Но это скучно, поэтому были добавлены суккуленты.
spb_desc_ch5_5	The stone pillars shown here were removed from the final version in favor of an all-natural theme.		イラストでは石柱や橋のようなものもあるが、大自然のコンセプトと異なるため削除となった	Descartamos los pilares de piedra en pro de una temática completamente basada en la naturaleza.		I pilastri di pietra che si vedono qui furono rimossi dalla versione finale a favore di un tema naturalistico.	Os pilares de pedra mostrados aqui foram removidos da versão final em favor de um tema totalmente natural.	En la ilustración hay elementos como pilares de piedra y puentes, pero se eliminaron por diferir del concepto de gran naturaleza.	Die hier gezeigten Steinsäulen wurden aus dem Endentwurf zugunsten eines vollkommenen """Natur-Looks""" entfernt.	Tutejsze filary kamienne były usunięte z finalnej wersji na korzyść w pełni naturalnego motywu.	插圖中曾有石柱與橋等元素，但因為和純大自然的概念不符而被刪除。	Dinozor Ormanı\nBurada gösterilen taş sütunlar, tamamen doğal bir tema lehine nihai konseptten çıkarıldı.		На изображении есть каменная колонна и мост, но это не соответствует природной концепции, поэтому их убрали.
spb_desc_ch5_6	The water posed some fun factor potential, so we came up with the log ride sequence.		水の表現を近くで見せた遊びを入れたいということで丸太でクルーズが生まれた	El agua suponía un elemento con potencial para algo divertido y se nos ocurrió la idea de montar el tronco.		L'acqua ha posto un potenziale fattore di divertimento, quindi abbiamo pensato alla sequenza della cavalcata del tronco.	A água tinha potencial para diversão, então criamos a sequência do passeio de troncos.	Querían incluir una mecánica para mostrar el agua de cerca, así que nació el viaje en troncos.	Das Wasser bot einen gewissen Spaßfaktor, deshalb entwarfen wir die Sequenz mit dem Holzscheit.	Woda miała potencjał, by wprowadzić element zabawy, więc wpadliśmy na pomysł o sekcji z kłodą.	為了近距離展現水的效果，而加入了木筏巡航的遊戲設計。	Dinozor Ormanı\nSuyun eğlenceli bir potansiyeli vardı, bu yüzden kütük yolculuğu sahnesini düşündük.		Хотелось добавить какое-то развлечение, чтобы поближе показать воду, поэтому появился этап с бревном.
spb_desc_ch5_7	An image showing cacti and other plants cutting through a waterfall.		竜をつきやぶる巨大なサボテンで水と植物の関連性を表現したイメージ	En esta imagen se muestran catcus y otras plantas que cortan una cascada..		Una immagine che mostra cactus e altre piante vicino alla cascata.	Uma imagem mostrando cactos e outras plantas atravessando uma cachoeira.	Imagen que representa la relación entre el agua y las plantas con un cactus gigante atravesando un dragón.	Ein Bild mit Kakteen und weiteren Pflanzen, die durch einen Wasserfall wuchern.	Obraz pokazujący kaktusy i inne rośliny przebijające się przez wodospad.	以刺穿瀑布的巨大仙人掌來表現水與植物的關聯性的圖片。	Dinozor Ormanı\nBir şelalenin içinden geçen kaktüsleri ve diğer bitkileri gösteren bir görüntü.		Огромный кактус, пробивающий водопад, показывает связь воды и растений.
spb_desc_ch5_8	The remains of machines can be seen cluttering the entrance.		たくさんの機械の残がいがエントランス付近にまであふれている	Pueden verse los restos de muchas máquinas abarrotando la entrada.		I resti delle macchine si possono vedere ingombrare l'entrata.	Os restos de máquinas podem ser vistos espalhados pela entrada.	Montones de restos de maquinaria se desbordan hasta cerca de la entrada.	Der Eingang wird durch die Überreste unzähliger Maschinen versperrt.	Ruiny maszyn zalegają przy wejściu.	入口附近散落著大量機械殘骸。	Kötü Dökümhane\nGirişte çok sayıda makinenin kalıntıları görülebilir.		Повсюду, вплоть до входа, детали разных устройств.
spb_desc_ch5_9	This is part of the front-half hallway. It's hard to see, but pipes are exposed through the ceiling.		前半の通路。\nこのあたりはまだ機械に侵食されていないがパイプが天井をはっている	Esto es parte del pasillo frontal. Aunque es difícil de ver, hay tuberías al aire libre en el techo.		Questa parte è la metà interiore del corridoio, è difficile vedere da vedere, ma si possono vedere dei tubi esposti ne soffitto.	Esta é a parte dianteira do corredor. É difícil de ver, mas canos estão expostos pelo teto.	El pasillo de la primera mitad.\nEsta zona aún no ha sido invadida por las máquinas, pero hay tuberías recorriendo el techo.	Ein Teil des vorderen Eingangsbereichs. Wenn man genau hinsieht, kann man die Röhre durch die Decke erkennen.	To część przedniego korytarza, Trudno to zauważyć, ale przez sufit prześwitują odsłonięte rury.	前半段的通道。這一區尚未被機械侵蝕，但天花板上已佈滿管線。	Kötü Dökümhane\nBu, ön koridorun bir kısmı. Görünmesi zor, ancak tavandan borular görünüyor.		Проход в первой половине уровня. Здесь пока нет устройств, но есть трубы на потолке.
spb_desc_ch5_10	A central spiral staircase hints at the castle's former glory, in contrast to the factory area.		中盤のらせん階段。\nこの城が栄えていたことを思わせる装飾と工場エリアとのギャップがねらい	La escalera en espiral es un resquicio de la antigua gloria del castillo y contrasta con los elementos industriales.		Una scalinata centrale a spirale suggerisce alla passata gloria del castello, in contrasto all'area della fabbrica.	Uma escada em espiral central sugere a antiga glória do castelo, em contraste com a área da fábrica.	La escalera de caracol de la zona intermedia.\nEl objetivo es el contraste entre la zona industrial y la decoración que evoca la antigua prosperidad de este castillo.	Eine zentral gelegene Wendeltreppe, die den einsttigen Glanz des Schlosses zeigt, im Gegensatz zur Fabrik.	Centralna spiralna klatka schodowa przypomina o dawnej świetności zamku, kontrastując z przemysłową częścią fabryki.	中心的螺旋階梯。透過裝飾與工廠區的反差，展現城堡曾經繁榮的印象。 	Kötü Dökümhane\nFabrika alanının aksine, kalenin eski ihtişamını anımsatan merkezi bir spiral merdiven.		Винтовая лестница в середине уровня, чтобы показать, что раньше дворец процветал, и увидеть разницу с заводом.
spb_desc_ch5_11	In the center of the stage are a series of jutting iron ruins from the underground fortress.		ステージ中盤では城の地下で侵食がおきており、あちこちからとけた鉄がもれ出している	En el centro del escenario, sobresalen una serie de ruinas de acero pertenecientes a la fortaleza subterránea.		Al centro del livello è una serie serie di rovine di ferro sporgenti dalla fortezza sottosuolo.	No centro da fase há uma série de ruínas de ferro salientes da fortaleza subterrânea.	A mitad de la fase, la erosión está ocurriendo en el subsuelo del castillo, y hay fugas de hierro fundido por todas partes.	In der Mitte des Levels befindet sich eine Reihe hervorstehender Eisenruinen der unterirdischen Festung.	W środku etapu wyrastają wysuniete żelazne ruiny podziemnej twierdzy.	關卡中心的城堡地下正在遭受侵蝕，熔化的鐵從各處滲出。	Kötü Dökümhane\nSahnenin ortasında yeraltı kalesinden dışarı doğru uzanan bir dizi demir kalıntı yer alıyor.		В середине уровня на нижнем этаже замка началась эрозия, поэтому отовсюду течёт расплавленный металл.
spb_desc_ch5_12	This is the latter half of the stage. Giant smelting pots below continually create new genies.		ステージ後半。\n足場の下の大釜ではとけた鉄がにえたぎり、新たなマジンを作り出している	Esta es la segunda mitad del nivel. Hay jarrones de fundición y nuevos monstruos genio.		Questa è la seconda metà del livello. Sotto si trovano Giganti pentole di fusione per la creazione di nuovi geni.	Esta é a segunda metade da fase. Grandes fornos de fundição abaixo criam continuamente novos gênios.	La segunda mitad de la fase.\nEn el gran caldero bajo la plataforma hierve el hierro fundido, creando nuevos majin.	Dies zeigt die zweite Hälfte des Levels. Riesige Schmelzkessel darunter erschaffen immer wieder neue Geister.	To druga połowa etapu. Gigantyczne piece do wytapiania poniżej nie ustannie tworzą nowych dżinów.	關卡後段。平台下方有著沸騰熔鐵的大鍋，正在製造新的魔神。	Kötü Dökümhane\nBurası sahnenin ikinci yarısı. Altta yeni cin tipi canavarların bulunduğu dev eritme kazanları var.		Вторая половина уровня. В котле под платформой бурлит расплавленный металл и порождает новых злых джиннов.
spb_desc_ch5_13	In this concept, the Rukh keeps Sinbad prisoner in a floating tomb.		ロック鳥にシンドバットがとらわれているという設定から遺跡が空中となった	En este arte conceptual, el Ruc mantiene a Simbad prisionero en un sepulcro levitante.		In questo concetto, la Rukh tiene Sinbad imprigionato nella tomba fluttuante.	Neste conceito, a Roca mantém Simbad prisioneiro em um túmulo flutuante.	Las ruinas se situaron en el aire debido a la historia de que Simbad había sido capturado por el ave Rokh.	In diesem Entwurf hält der Rukh Sindbad in einem fliegenden Grab gefangen.	W tym koncepcie, Rukh więzi Sinbada w lewitującym grobowcu.	由於設定為辛巴達被洛克鳥抓走，所以遺跡在天空中。	Havadaki Harabe\nBu konseptte Rukh, Sinbad'ı yüzen bir mezarda tutsak tutar.		Сначала задумывалось, что Синдбада похитит птица Рух, но позже добавили детали с парящими в воздухе руинами.
spb_desc_ch5_14	From the top of the tower, the Rukh's size and the other floating parts of the stage can be put in perspective.		塔の頂上に登ればロック鳥の巨大さと大編隊飛行が感じられるはずという意図から塔が建てられた	Desde la cima de la torre, se pone en perspectiva el tamaño de un Ruc y otras partes del escenario.		Dalla cima della torre, la dimesione del Rukh e le altri part fluttuanti del livello si possono mettere in prospettiva.	Do topo da torre, é possível ter uma noção do tamanho da Roca e das outras partes flutuantes da fase.	La torre se construyó con la intención de que, al subir a la cima, se pudiera percibir la enormidad del Rokh y su gran vuelo en formación.	Von der Bergspitze aus lässt sich die Größe des Rukh sowie der anderen schwebenden Objekte in Perspektive rücken.	Z szczytu wieży można ocenić rozmiaw Rukha oraz innych unoszących się elementów etapu.	這座塔的建造意圖是為了讓人們登上塔頂時，能感受到洛克鳥的龐大與壯觀的編隊飛行。	Havadaki Harabe\nKulenin tepesinden, Rukh'un büyüklüğü ve sahnenin diğer havada yüzen kısımları perspektife oturtulabilir.		Башня была построена с целью показать, что, взобравшись на вершину, можно прочувствовать огромный размер Рух.
spb_desc_ch5_15	Unlike a traditional bird, the Rukh moves more like a giant manta ray.		従来の巨大鳥というロック鳥のイメージからぬけ、海中を飛びように泳ぐマンタがモチーフとなった	A diferencia de otros pájaros, el Ruc se mueve de manera más similar a una manta taya.		A differenza di un uccello tradizionale, il Rukh si muove come un manta gigante.	Ao contrário de uma ave tradicional, a Roca se move mais como uma arraia gigante.	Alejándose de la imagen tradicional del Rokh como un pájaro gigante, se tomó como motivo una mantarraya que vuela como si nadara en el mar.	Im Gegensatz zu einem gewöhnlichen Vogel bewegt sich der Rukh eher wie ein Mantarochen.	W przeciwieństwie do tradycyjnego ptaka, Rukh porusza się bardziej jak gigantyczna płaszczka.	擺脫了傳統洛克鳥就是巨鳥的形象，改以在海中如飛行般游動的魔鬼魚為主題。	Havadaki Harabeler\nGeleneksel kuşlardan farklı olarak Rukh, dev bir manta vatozu gibi hareket ediyor.		Из образа Руха, огромной птицы, появилась Манта, плавающая так, как будто летит по небу.
														
spb_desc_ch6_1	Floating shipwrecks battered by the endless storms.		はげしい嵐が長い間やまないためいたるところに船の残がいがういている	Pecios flotantes atacados por tormentas interminables.		Relitti fluttuanti malconci dalle tempeste continue.	Naufrágios flutuantes castigados pelas tempestades incessantes.	Como la violenta tormenta no cesa desde hace mucho tiempo, hay restos de barcos flotando por todas partes.	Schiffswracks werden durch die endlosen Stürme zerrüttet.	Wraki statków poturbowane przez niekończące się sztormy.	Floating shipwrecks battered by the endless storms.	Korsan Fırtınası\nSonsuz fırtınaların hırpaladığı yüzen gemi enkazları.		Сильный шторм не прекращается, поэтому повсюду останки кораблей.
spb_desc_ch6_2	We added coral around the caves to incorporate more color to the dark, stormy scene.		嵐で暗いシーンが続くため、どうくつの中は明るくなるようさんごを地面に配置して、現実にはないシーンを作った	Incluímos corales en las cuevas para.añadir color al escenario oscuro y tormentoso		Abbiamo aggiunto corallo alle caverne per incorporare più colore all'oscura, tempestosa scena.	Adicionamos corais ao redor das cavernas para incorporar mais cor à cena escura e tempestuosa.	Como las escenas oscuras por la tormenta eran continuas, se colocaron corales en el suelo de la cueva para iluminarla, creando una escena irreal.	Um die Höhlen herum haben wir Korallen hinzugefügt. Dies sollte mehr Farben in die stürmische Szenerie bringen.	Dodaliśmy korale do jaskiń by dodać więcej koloru dla czarnej, sztormowej sceny.	We added coral around the caves to incorporate more color to the dark, stormy scene.	Korsan Fırtınası\nKaranlık ve fırtınalı sahneye daha fazla renk katmak için mağaraların etrafına mercan ekledik.		Из-за шторма не заканчиваются тёмные сцены, поэтому в пещере мы добавили светлые кораллы, создали сцену, которой нет в реальности.
spb_desc_ch6_3	We wanted this area to look like it was made by an ancient people.		昔、人がここを開拓していたというふんいきを出すため地形のところどころに橋などを配置している	Queríamos que esta zona pareciese construída por una civilización antigua.		Abbiamo voluto rendere questa area come se fosse fatta da un popolo antico.	Queríamos que esta área parecesse ter sido feita por um povo antigo.	Se colocaron puentes y otros elementos en el terreno para dar la sensación de que antiguamente la gente colonizó este lugar.	Dieses Gebiet könnte vor sehr langer Zeit von einem antiken Volk besiedelt und aufgebaut worden sein.	Chcieliśmy żeby ten obszar wyglądał, jakby był stworzony przez przez starożytnych ludzi.	We wanted this area to look like it was made by an ancient people.	Korsan Fırtınası\nBu alanın sanki kadim bir halk tarafından yapılmış gibi görünmesini istedik.		Чтобы было понятно, что люди раньше осваивали эти земли, в разных местах построены мосты.
spb_desc_ch6_4	The bones of ancient giant creatures form the terrain.		何億年も前にほろびた巨大生物がつもりつもって地形となったという設定	El terreno está conformado por los huesos de gigantes criaturas antiguas.		Le ossa di antiche creature giganti che modula il terreno.	Os ossos de criaturas gigantes antigas formam o terreno.	La premisa es que criaturas gigantes extintas hace millones de años se acumularon formando el terreno.	Das Gelände besteht aus den Knochen altertümlicher Kreaturen.	Kości pradawnych, gigantycznych stworzeń kształtują teren.	The bones of ancient giant creatures form the terrain.	İskelet Kubbesi\nAntik dev yaratıkların kemikleri araziyi oluşturuyor.		Здесь скопились останки огромных существ, вымерших несколько сотен миллионов лет назад.
spb_desc_ch6_5	Ancient mythical creatures died and their bony remains create this environment.		まわりの巨大な骨は何億年も前にいた架空の巨大生物。この土地でおきた何かが原因でほろんでしまった設定	Los restos óseos de antiguas criaturas míticas contituyen este entorno.		Antiche creature mitiche morirono e i loro resti del corpo crearono questo ambiente.	Criaturas míticas antigas morreram, e seus restos ósseos criam este ambiente.	Los huesos gigantes de los alrededores pertenecen a criaturas imaginarias de hace millones de años. Se extinguieron debido a algo que ocurrió en esta tierra.	Die Überreste antiker mythischer Kreaturen charakterisieren diese Umgebung.	Pradawne mityczne stworzenia zgineły i ich kostne resztki tworzą to środowisko.	Ancient mythical creatures died and their bony remains create this environment.	İskelet Kubbesi\nAntik mitolojik yaratıklar ölmüş ve onların kemik kalıntıları bu ortamı yaratmıştır.		Эти гигантские кости принадлежат огромным существам, которые жили в древние времена. Здесь что-то произошло, поэтому они вымерли.
spb_desc_ch6_6	In addition to the bones, we also decided to make this the king's hiding place.		王のかくれ家という設定にこのステージのコンセプトである「骨」を足して生まれたイメージ	Aparte de diseñarlo en base a huesos, decidimos convertirlo en el escondite del rey.		In aggiunta alle ossa, abbiamo anche deciso di rendere questo posto dove risiede il re.	Além dos ossos, também decidimos que este seria o esconderijo do rei.	Una imagen nacida de añadir el concepto de """huesos""" de esta fase a la idea de la guarida del rey.	Die Kammer dient nicht nur als Aufbewahrungsort der Knochen, sondern auch als Versteck für den König.	W związku z kośćmi, zdecydowaliśmy, że to będzie kryjówka króla.	In addition to the bones, we also decided to make this the king's hiding place.	İskelet Kubbesi\nKemiklerin yanı sıra burayı kralın saklanma yeri yapmaya da karar verdik.		На изображение тайной комнаты царя добавили концепцию этого уровня - кости.
spb_desc_ch6_7	The spiral corridor and central staircase serve as an entryway for the countless souls called upon by the king's magic.		らせん通路の中央。ふきぬけは王の魔力で呼びよせられた無数の魂の通り道という設定	El pasillo en espiral y las escaleras centrales sirven como entrada a las incontables almas invocadas por la magia del rey.		Il corridoio a spirale e la scalinata centrale servono come ingresso per le varie anime chiamate dalla magia del re.	O corredor em espiral e a escada central servem como entrada para as inúmeras almas convocadas pela magia do rei.	El centro del pasillo en espiral. El atrio es el camino de paso de innumerables almas convocadas por el poder mágico del rey.	Über den spiralförmigen Korridor und die Treppe komen die unzähligen Seelen, gerufen durch den Zauber des Königs.	Spiralny korytarz i centralna klatka schodowa służą jako wejście dla niezliczonych dusz przywołanych przez magię króla.	The spiral corridor and central staircase serve as an entryway for the countless souls called upon by the king's magic.	İskelet Kubbesi\nSarmal koridor ve merkezi merdiven, kralın büyüsüyle çağrılan sayısız ruh için giriş yolu görevi görüyor.		Середина винтовой лестницы. Лестничная клетка - это проход для бесчисленных душ, вызванных магией царя.
spb_desc_ch6_8	True to the """dome""" part of the stage's name, here you can see the coliseum where spirts gather.		ステージの名前にもある「ドーム」がこの巨大な広間。イメージは、霊達が集まるコロッセオ	Fiel al """domo""" en el nombre del escenario, aquí se observa el coliseo en el que se reúnen los espíritus.		Fedele alla parte """Cupola""" del livello, qua puoi vedere il colosseo dove gli spiriti si riuniscono.	Fiel à parte “domo” do nome da fase, aqui você pode ver o coliseu onde os espíritos se reúnem.	El """Domo""" que da nombre a la fase es esta enorme sala. La imagen es la de un coliseo donde se reúnen los espíritus.	Hier sieht man versammelte Geister im Kolosseum. Sie machen dem Levelnamen alle Ehre.	Zgodnie z nazwą etapu, która zawiera """kopuła""", tutaj można zobaczyć koloseum gdzie zbierają się duchy.	True to the """dome""" part of the stage's name, here you can see the coliseum where spirts gather.	İskelet Kubbesi\nSahnenin ismindeki 'kubbe' kısmına sadık kalarak, burada ruhların toplandığı kolezyumu görebilirsiniz.		Свод из названия этого уровня - вот эта огромная комната. Похожа на Колизей, где собираются призраки.
spb_desc_ch6_9	King Solomon has vast amounts of hidden treasure, and what you see in the stage is only a small portion of it.		王のかくれ家。ソロモン王がかくしもっていた大量の財宝はその一部	El rey Salomón tiene ocultas grandes riquezas y lo que se ve en el escenario solo es una pequeña parte de ellas.		Re Solomone ha grandi quantità di tesori nascosti, e quello che vede nel livello e solo una piccola porzione.	O Rei Salomão possui enormes quantidades de tesouros escondidos, e o que você vê na fase é apenas uma pequena parte deles.	La guarida del rey. El gran tesoro que el rey Salomón mantenía oculto es parte de ella.	King Solomon hat hier Unmengen an Schätzen versteckt. Doch diese sind nur ein Bruchteil seines Reichtums.	Król Solomon ma ogromne ilości ukrytych skarbów, i te które widnieją w etapie, to tylko ich mała część.	King Solomon has vast amounts of hidden treasure, and what you see in the stage is only a small portion of it.	İskelet Kubbesi\nKral Süleyman çok miktarda hazine saklamıştır ve sahnede gördüğünüz şey bunun sadece küçük bir kısmıdır. 		Тайная комната царя Соломона, в которой он спрятал множество сокровищ. Те, что вы видите - лишь их малая часть.
spb_desc_ch6_10	The marble floor is mirror-like, which creates an optical illusion of walking on glass.		床が鏡のようにみがかれた大理石でできているためガラスの上にいるかのような錯覚をうれる	El suelo de mármol actúa como un espejo, creando la ilusión de estar andando sobre cristal.		Il suolo di marmo è a specchio, che crea una illusione ottica di camminare sul vetro.	O piso de mármore é espelhado, o que cria a ilusão óptica de andar sobre vidro.	Como el suelo es de mármol pulido como un espejo, se crea la ilusión de estar sobre cristal.	Der Marmorboden ähnelt einem Spiegel, was die Illusion erweckt, man ginge auf Glas.	Marmurowa podłoga jest lustrzana, co tworzy optyczną iluzję chodzenia po szkle.	The marble floor is mirror-like, which creates an optical illusion of walking on glass.	Gece Sarayı\nMermer zemin ayna gibi olup, cam üzerinde yürüyormuşsunuz gibi bir optik illüzyon yaratıyor.		Пол сделан из отполированного до блеска мрамора, поэтому создаётся иллюзия, будто идёшь по стеклу.
spb_desc_ch6_11	Outside the palace, the eerie moonlight and winding road stir anxiety about what lies ahead.		宮殿の外部月明かりの妖しさと曲がりくねった道が先にあるものを不安にさせる	En el exterior del palacio, la siniestra luz de la luna y los caminos sinuosos despiertan ansiedad respecto a lo que está por venir.		Fuori dal palazzo, l'inquietante chiaro di luna e la strada tortuosa danno ansia su cosa si aspetti.	Do lado de fora do palácio, a luz da lua assustadora e a estrada sinuosa despertam ansiedade sobre o que está por vir.	El misterio de la luz de la Luna en el exterior del palacio y el camino sinuoso crean inquietud sobre lo que hay más adelante.	Vor dem Palast. Das gespenstische Mondlicht und die kurvige Straße lösen ein Gefühl der Unsicherheit aus.	Na zewnątrz pałacu, niepokojące światło księżyca i kręta droga wywołują niepokój dotyczący tego, co czeka dalej.	Outside the palace, the eerie moonlight and winding road stir anxiety about what lies ahead.	Gece Sarayı\nSarayın dışında, ürkütücü ay ışığı ve dolambaçlı yol, ileride ne olacağı konusunda endişe uyandırıyor.		Снаружи дворца. Подозрительный свет и извилистая дорожка внушают тревогу о том, что ждёт впереди.
spb_desc_ch6_12	The idea was to use soft blue moonlight to give an illusory air to the palace, as if it partly exists in another world.		月光をうけ青白い光をはなつ幻想的な空中宮殿。この先には現実世界とつながる異空間がある	La idea era usar la luz de la luna para darle un aspecto ilusorio al palacio, como si existiese parcialmente en otro mundo.		L'idea era quella di usare il chiaro di luna blu per dare un'aria illusoria al palazzo, come se in parte esistesse in un altro mondo	A ideia era usar a luz suave da lua azul para dar um ar ilusório ao palácio, como se ele existisse parcialmente em outro mundo.	Un fantástico palacio aéreo que emite una luz pálida bajo la luna. Más adelante hay una dimensión alternativa que conecta con el mundo real.	Das weiche, blaue Mondlicht sol die Illusion vermitteln, der Palast existiere zum Teil in einer anderen Welt.	Pomysł był, aby użyć lekkiego niebieskiego światła księżyca by oddać złudne wrażenie do pałacu, ponieważ częściowo istnieje w innym świecie.	The idea was to use soft blue moonlight to give an illusory air to the palace, as if it partly exists in another world.	Gece Sarayı\nFikir, saraya sanki başka bir dünyada varmış gibi yanıltıcı bir hava vermek için yumuşak mavi ay ışığı kullanmaktı.		Иллюзорный дворец, парящий в небе и излучающий сине-белый свет от Луны. Впереди ждёт необычное пространство, соединяющее миры.
spb_desc_ch6_13	From the palace corridors, the starry sky can be seen. Notice the light casts no shadows.		宮殿の回廊からは美しい夜空が広がる。もれる光はあたたかいが人かげはなく生活感も一切ない	Desde los pasillos del palacio, se avista el cielo estrellado.		Dai corridoi del palazzo, il cielo stellato si può vedere. Si può scorgere che la luce non crea ombre.	Dos corredores do palácio, é possível ver o céu estrelado. Repare que a luz não projeta sombras.	Desde el corredor del palacio se extiende un hermoso cielo nocturno. La luz que se filtra es cálida, pero no hay nadie ni rastro alguno de vida.	In den Palastgängen ist der Sternenhimmel zu sehen. Beachte, wie das Licht dabei keinen Schatten wirft.	Z korytarzy pałacu, można zauważyć gwieżdziste niebo. Zauważ, że światło nie tworzy cieni.	From the palace corridors, the starry sky can be seen. Notice the light casts no shadows.	Gece Sarayı\nSaray koridorlarından yıldızlı gökyüzü görülebiliyor. Işığın gölge oluşturmadığına dikkat et.		Из галереи дворца открывается вид на красивое ночное небо. Свет от него тёплый, но не похоже, что здесь кто-то обитает...
spb_desc_ch6_14	We wanted the map to convey a sense of mystery, too. This way, the player can encounter the metaphysical.		マップコンセプトは「不思議」感。宮殿内部を走りながら、世界の「精神」部分に接触するというイメージ	También queríamos darle al lugar un aura misteriosa. Así, el jugador puede encontrarse con lo metafísico.		Abbiamo voluto pure dare alla mappa un senso di mistero. In questo modo, il giocatore può incotrare il metafisico.	Queríamos que o mapa transmitisse uma sensação de mistério também. Dessa forma, o jogador pode se deparar com o metafísico.	El concepto del mapa consiste en la sensación de """misterio""". La imagen es la de correr por el interior del palacio mientras se entra en contacto con el aspecto """espiritual""" del mundo.	Wir wollten auch mit der Karte ein mystisches Gefühl vermitteln, damit der Spieler ganz ins Geschehen eintauchen kann.	Też chcieliśmy aby mapa oddawała nutkę tajemnicy w ten sposób, gracz może napotkać sferę metafizyczną.	We wanted the map to convey a sense of mystery, too. This way, the player can encounter the metaphysical.	Gece Sarayı\nHaritanın aynı zamanda bir gizem duygusu da taşımasını istedik. Bu sayede oyuncu metafizikle karşılaşabilir.		Концепция - """необычное""" ощущение. Пока бежишь по дворцу, должно складываться ощущение, будто соприкасаешься с """душой""" мира.
spb_desc_ch6_15	An image of the Spirit World. The glass walkway underscores the myseriousness of the space.		精神世界を表現したイメージ。ガラスの通路がこの空間の不思議さを強調している	Imagen del Mundo Espiritual. El camino cristalino enfatiza la sensación de misterio.		Una immagine del Mondo degli Spiriti. La passerella di vetro sottolinea la misteriosità del posto.	Uma imagem do Mundo dos Espíritos. A passarela de vidro ressalta o mistério do lugar.	Una imagen que representa el mundo espiritual. El pasillo de cristal acentúa la extrañeza de este espacio.	Ein Bild der Geisterwelt. Der gläserne Gang unterstreicht die geheimnisvolle Atmosphäre.	Obraz ze Świata Duchów. Szklane przejście podkreśla tajemniczość przestrzeni.	An image of the Spirit World. The glass walkway underscores the myseriousness of the space.	Gece Sarayı\nRuhlar Dünyası'nın bir görüntüsü. Cam yürüyüş yolu, mekanın gizemli ciddiyetini vurguluyor.		Изображение, показывающее мир душ. Стеклянный проход подчёркивает загадочность этого пространства.
														
spb_desc_ch7_1	This was the first boss created. At first we were unsure where to place it in the game.		一番最初に制作されたボス。このゲームにおけるボスの位置付けなどをなやみながら制作された	Este fue el primer jefe que creamos. Al principio, no sabíamos dónde introducirlo en el juego.		Questo era il primo boss che abbiamo creato. All'inizio non sapevamo dove metterlo.	Este foi o primeiro chefe criado. No início, não tínhamos certeza de onde colocá-lo no jogo.	El primer jefe creado. Se hizo mientras se decidía el papel de los jefes en este juego.	Diesen Boss schufen wir als Erstes. Anfangs waren wir uns nicht sicher, wo im Spiel wir ihn unterbringen würden.	To był pierwszy boss jakiego stworzyliśmy. Na początku nie byliśmy pewni, gdzie możemy go wstawić.	This was the first boss created. At first we were unsure where to place it in the game.	Kum Akrebi\nBu, yaratılan ilk boss'tu. İlk başta onu oyunda nereye yerleştireceğimizden emin değildik.		Босс, созданный в самом начале. Создавали, размышляя о том, куда поместить боссов в игре.
spb_desc_ch7_2	The Ifrit is mixed with discarded machinery. Look closely in the cauldron and you'll see a rubber ducky!		捨てられていた機械と炎のマジンが合体ていイフリート。よく見ると釜の中におもちゃのアヒル！	El Ifrit combina su cuerpo con maquinaria desechada. ¡Mira con atención su caldera y podrás ver un patito de goma!		L'Ifrit è mischiato con macchinari scartati. Guarda bene nel calderone e si può vedere una paperella di gomma!	O Ifrit está misturado com maquinário descartado. Olhe de perto no caldeirão e você verá um patinho de borracha!	El ifrit es la fusión de una máquina desechada y un majin de fuego. ¡Si miras bien, hay un patito de hule en el caldero!	Der Ifrit besteht zum Teil aus Maschinenteilen. Wenn du genauer in den Kessel guckst, siehst du eine Gummiente!	Ifrit jest wymieszany z wyrzuconymi maszynami. Patrz uważnie, w środku kociołka jest gumowa kaczuszka!	The Ifrit is mixed with discarded machinery. Look closely in the cauldron and you'll see a rubber ducky!	İfrit Golemi\nİfrit, atılmış makinelerle karıştırılmıştır. Kazana dikkatlice bakarsanız, bir lastik ördek göreceksiniz!		Заброшенные устройства и злой дух огня соединились и получился Ифрит. Приглядитесь и обнаружите игрушечного утёнка!
spb_desc_ch7_3	This creature is born from an amalgamation of Slime Djinns.		スライム・ジンが寄せ集まり生まれた怪物という設定	Esta criatura nace de la amalgamación de Yinns Limo.		Questa creatura è nata dalla fusione di Geni di Melma.	Essa criatura nasceu de uma amálgama de Djinns de Lodo.	Monstruos nacidos de la mezcla de majin de baba.	Diese Kreatur entstand aus der Fusion von Slime Djinns.	To stworzenie powstało w wyniku połączenia Dżinów Śluzowych.	This creature is born from an amalgamation of Slime Djinns.	Kaptan Bemoth\nBu yaratık Balçık Cinlerinin bir karışımından doğmuştur.		Существо, появившееся в результате слияния Джиннов Слизи.
spb_desc_ch7_4	Erazor's name is a pun on the words """eraser""" and """razor""" -- hence his weapon.		イレイザーの由来は「カミソリ」と「刈り取る」。だから、カミソリのような武器を持つ	El nombre de Erazor es un juego de palabras entre """eraser""" (borrador) y """razor""" (navaja) -- de ahí su arma.		Il nome di Erazor è un gioco di parole sulle parole """eraser""" e """razor""" -quindi la sua arma.	O nome de Erazor é um trocadilho com as palavras 'eraser' (borracha) e 'razor' (lâmina) — por isso ele usa essa arma.	El nombre Erazor deriva de """razor""" (navaja) e """erase""" (borrar/segar). Por eso lleva un arma parecida a una navaja.	Sein Name setzt sich im Englischen aus Eraser (Radierer) und Razor (Rasierer) zusammen - deswegen auch seine Waffe.	Imię Erazora jest grą słów na podstawie słów """eraser (gumka do ścierania)""" oraz """razor (brzytwa)""", stąd też jego broń.	Erazor's name is a pun on the words """eraser""" and """razor""" -- hence his weapon.	Erazor Cin\nErazor'un adı """silgi""" ve """ustura""" kelimelerinin bir kelime oyunudur -- dolayısıyla silahı da budur.		Его имя образовано от слов """бритва""" и """жнец""". Поэтому у него в руках оружие, похожее на бритву.
spb_desc_ch7_5	After absorbing all 7 World Rings, his body is still incomplete because he cannot merge with Sonic.		７つの世界リングによって変身を試みるが、いけにえとなるはずのソニックと合体できず不完全な姿になった	Tras absorber los 7 Anillos Secretos, su cuerpo aún está incompleto porque no puede fusionarse con Sonic.		Dopo aver assorbito i 7 Anelli Mondiali, il suo corpo è ancora incompleto, visto che non si può unire a Sonic.	Após absorver os 7 Anéis do Mundo, o corpo dele ainda está incompleto, pois ele não consegue se fundir com o Sonic.	Intenta transformarse con los 7 Anillos mundiales, pero al no poder fusionarse con Sonic, que debía ser el sacrificio, adquiere una forma incompleta.	Er hat alle 7 Weltenringe in sich aufgenommen, aber da er sich nicht mit Sonic verbinden kann, bleibt er unvollkommen.	Po wchłonieniu wszystkich siedmiu Pierścieni Świata, jego ciało jest nadal niekompletne, ponieważ nie może złączyć się z Soniciem.	After absorbing all 7 World Rings, his body is still incomplete because he cannot merge with Sonic.	Alf Layla wa-Layla\nTüm 7 Dünya Halkasını emdikten sonra bile, Sonic ile birleşemediği için bedeni hala eksiktir.		7 мировых колец должны были подарить ему силу, но Соник не принёс себя в жертву, поэтому форма претерпела изменения и получилась неполноценной.
spb_desc_ch7_6	The Rafflesia Djinn is an amalgamation of old plants. The Golem Djinn is made from an assortment of palace debris.		左から、太古の植物がマジンと化したラフレシア・ジンと城のガラクタが集まりマジンと化したゴーレム・ジン	El Yinn Rafflesia es una amalgama de plantas marchitas. El Yinn Gólem se compone de una variedad de escombros del palacio.		Il Genio Rafflesia è una fusione di vecchie piante. Il Genio Golem è fatto con un assortimento di detriti del palazzo.	O Djinn Rafflesia é uma amálgama de plantas antigas. O Djinn Golem é feito a partir de uma mistura de destroços de um palácio.	De izquierda a derecha: Rafflesia, una planta antigua convertida en majin, y el majin Gólem, formado por la chatarra del castillo.	Der Rafflesia Djinn besteht aus alten Gewächsen; der Golem Djinn aus Palasttrümmern.	Dżin Rafflesia jest połączeniem starych roślin. Dżin Golem jest stworzony z mieszanki gruzu pałacu.	The Rafflesia Djinn is an amalgamation of old plants. The Golem Djinn is made from an assortment of palace debris.	Cin 1\nRafflesia Cin'i, eski bitkilerin bir karışımıdır. Golem Cin'i ise çeşitli saray kalıntılarından yapılmıştır.		Слева Раффлезия Джинн - древнее растение, превратившееся в злого духа, справа - Голем Джинн, злой дух, воплотившийся из мусора во дворце.
spb_desc_ch7_7	On the left is the Gargoyle Djinn, who is the tomb's guardian. On the right is the accursed Skeleton Djinn. 		左が、遺跡の番人をイメージしたガーゴイル・ジン。右が、王の封印されていた盗賊スケルトン・ジン	A la izquierda, el Yinn Gárgola, guardián de la tumba. A la derecha, el maldito Yinn Esquelético.		Alla sinistra c'è il Genio Gargoyle, che è il guardiano della tomba. Alla destra c'è il Genio Scheletrico maledetto.	À esquerda está o Djinn Gárgula, que é o guardião da tumba. À direita está o amaldiçoado Djinn Esqueleto.	A la izquierda, el majin Gárgola, inspirado en un guardián de las ruinas. A la derecha, el majin Esqueleto ladrón, que había sido sellado por el rey.	Links ist der Gargoyle Djinn zu sehen, der Hüter der Grabstätte. Rechts der verfluchte Skeleton Djinn.	Na lewo jest Dżin Gargulec, który jest strażnikiem grobowca. Na prawo jest przeklęty Dżin Szkielet.	On the left is the Gargoyle Djinn, who is the tomb's guardian. On the right is the accursed Skeleton Djinn. 	Cin 2\nSolda, mezarın bekçisi olan Gargoyle Cin, sağda ise lanetli İskelet Cin yer alıyor.		Слева Горгулья Джинн, напоминающая хранителя руин, справа - Скелет Джинн - пират, заточённый царём.
spb_desc_ch7_8	These appear in the Lost Prologue. These were created as common enemies during the game's inception.		ロストプロローグに出現するマジン。プロジェクトの初期に作った基本の形	Aparecen en el Prólogo Perdido. Fueron creados como enemigos comunes durante el comienzo del desarrollo del juego.		Questi appaiono nel Prologo Perduto. Essi furono creati come nemici comuni durante l'inizio del gioco.	Eles aparecem em Lost Prologue. Foram criados como inimigos comuns durante a concepção do jogo.	Los majin que aparecen en el Prólogo Perdido. La forma básica creada al inicio del proyecto.	Diese erscheinen im Lost Prologue und entstanden als gewöhnliche Feinde im Anfangsstadium des Spiels.	Te pojawiają się w Zaginionym Prologu. Zostały stworzone jako zwykli przeciwnicy podczas rozpoczynania gry.	These appear in the Lost Prologue. These were created as common enemies during the game's inception.	Cin 3\nBunlar Kayıp Prolog'da yer alır. Oyunun başlangıcında yaygın düşmanlar olarak yaratılmışlardır.		Злые духи, появляющиеся в Потерянном прологе. В таком виде были созданы в начале проекта.
spb_desc_ch7_9	Genies appearing in Sand Oasis. These were actually created very late in the development of the game.		サンドオアシスに出現するマジン。プロジェクトの終盤ギリギリにサンドオアシス用として制作された	Genios que aparecen en el Oasis de Arena. En verdad, fueron creados bastante tarde en el desarollo del juego.		Geni che appaiono in Oasi Sabbiose. Essi furono creati tardi nello sviluppo del gioco.	Gênios que aparecem em Sand Oasis. Na verdade, eles foram criados muito tarde no desenvolvimento do jogo.	Los majin que aparecen en el Oasis Arenoso. Fueron creados específicamente para esta etapa hacia final del proyecto.	Geister aus der Sand Oasis. Diese entstanden erst in der letzten Entwicklungsphase des Spiels.	Dżiny pojawiający się w Piaszczystej Oazie. Te akurat były stworzone bardzo póżno w pracy nad grą.	Genies appearing in Sand Oasis. These were actually created very late in the development of the game.	Cin 4\nKum Vahasında ortaya çıkan cinler. Bunlar aslında oyunun geliştirilmesinin çok geç bir aşamasında yaratıldı.		Злые духи, появляющиеся в Песчаном оазисе. Были созданы для Песчаного оазиса в самом конце проекта.
spb_desc_ch7_10	Genies from Dinosaur Jungle. They were given an organic design to match the image of the stage.		ダイナソージャングルに出現するマジン。ステージに合わせてマジンも太古の植物に侵食されているデザインになった。	Genios de la Jungla Jurásica. Les dimos un diseño orgánico para que encajasen con el escenario.		Geni della Giungla dei Dinosauri. Li abbiamo dato un design organico per combaciare con il tema del livello.	Gênios de Dinosaur Jungle. Eles receberam um design orgânico para combinar com a imagem do cenário.	Los majin que aparecen en la Dino Jungla. A juego con la fase, el diseño de los majin también está inspirado por plantas antiguas.	Geister aus dem Dinosaur Jungle. Wir gaben ihnen eine biologische Erscheinung, damit sie sich ins Gesamtbild fügen.	Dżiny z Dżungli Dinozaurów. Dano im organiczny design by wpasowały się w obraz etapu.	Genies from Dinosaur Jungle. They were given an organic design to match the image of the stage.	Cin 5\nDinozor Ormanı'ndan Cinler. Sahnenin görüntüsüne uyması için organik bir tasarıma sahipler.		Злые духи, живущие в Джунглях динозавров. Их изобразили слившимися с древними растениями под стиль уровня.
spb_desc_ch7_11	Genies from Evil Foundry. A gear-like accessory is on their heads.		イビルフャウンドリーに出現するマジン。頭に歯車のようなかざりがついている	Genios de la Forja Maligna. Llevan engranajes y tuercas como accesorio en sus cabezas.		Geni della Fonderia Maligna. Un accessorio a forma di ingranaggio si trova nella loro testa.	Gênios de Evil Foundry. Eles têm um acessório em forma de engrenagem na cabeça.	Los majin que aparecen en la Forja Maléfica. Llevan un adorno parecido a un engranaje en la cabeza.	Geister aus der Evil Foundry. Sie tragen ein zahnrad-artiges Gebilde auf dem Kopf.	Dżiny z Przeklętej Odlewni. Mają na głowie zębatkowe akcesorium.	Genies from Evil Foundry. A gear-like accessory is on their heads.	Cin 6\nKötülük Dökümhanesi'nden gelen cinler. Başlarında dişli benzeri bir aksesuar bulunur.		Злые духи, появляющиеся в Плавильне зла. На голове у них украшение в виде шестерёнки.
spb_desc_ch7_12	Genies from Levitated Ruin. They are based on the concepts of """Mimicry""" and """Large Wings."""		レビテイテッドルーインに出現するマジン。「擬態」と「大きな翼」というリクエストから生まれた	Diseñamos los genios de las Ruinas Levitantes de tal manera que pudiésemos incluír algo con grandes alas que se mimetizasen.		Geni delle Rovine Levitate. Sono basati dal concetto di """mimica""" e """grandi ali."""	Gênios de Levitated Ruins. Eles são baseados nos conceitos de """Mimetismo""" e """Grandes Asas""".	Los majin que aparecen en las Ruinas Levitadas. Nacieron de la petición de que se pudieran mimetizar y tuvieran grandes alas.	Wir wollten etwas mit großen Flügel und Nachahmungsfähigkeiten - so entstanden die Geister aus der Levitated Ruin.	Dżiny z Lewitującej Ruiny. Zostały stworzone na podstawie próśb o """Mimikę""" i """Duże Skrzydła""".		Cin 7\nHavadaki Harabede bu cinler, taklit edebilecek büyük kanatlı bir şey ekleyebilmemiz için tasarlandı.		Злые духи, появляющиеся в Парящих руинах. Нужно было объединить маскировку и большие крылья в одно существо.
spb_desc_ch7_13	Genies from Pirate Storm. We came up with enemies that fit the image of a pirate ghost ship.		パイレーツストームに出現するマジン。海賊の亡霊船のイメージにあわせて海賊の姿！	Para la Tormenta Pirata, creamos enemigos que encajasen con la imagen de un barco pirata fantasma.		Geni della Tempesta Pirata. Abbiamo inventato dei nemici che andavano bene con il tema di una nave pirata fantasma.	Gênios de Pirate Storm. Criamos inimigos que combinam com a imagem de um navio fantasma pirata.	Los majin que aparecen en la Tormenta Pirata. ¡Con aspecto de pirata a juego con la imagen de los barcos fantasma!	Für Pirate Storm ließen wir uns Feinde einfallen, die zum Bild eines Piratengeistschiffes passen.	Dżiny z Pirackiego Sztormu. Wymyśliliśmy wrogów pasujących do obrazu pirackiego statku widmo.	Genies from Pirate Storm. We came up with enemies that fit the image of a pirate ghost ship.	Cin 8\nKorsan Fırtınası için, korsan hayalet gemisinin imajına uyan düşmanlar tasarladık.		Злые духи, появляющиеся в Пиратском шторме. Сделали из них пиратов, использовав концепцию использовав концепцию кораблей-призраков.
spb_desc_ch7_14	Genies from Skeleon Dome. The bone motif carries over here. Check out those ribcages!		スケルトンドームに出現するマジン。ステージコンセプトに合わせて少し「骨」を入れている。お腹のアバラ骨が特徴的	Los huesos aparecen como motivo, igual que en el Domo Esquelético. ¡Fíjate en los huesos de la caja torácica!		Gene della Cupola Scheletrica. Il tema delle ossa viene riportato qui. Guarda quelle gabbie toraciche!	Gênios de Skeleton Dome. O tema ósseo continua aqui. Dê uma olhada nessas caixas torácicas!	Los majin que aparecen en el Domo Esquelético. Se les añadieron algunos huesos para encajar con el concepto de la fase. Las costillas del abdomen son su rasgo característico.	Das Knochenmotiv des Skeleton Dome wird hier weitergeführt. Sieh dir mal die Rippen an!	Dżiny z Kopuły Szkieletów. Motyw kości się tutaj przenosi. Obczaj te klatki żebrowe!	Genies from Skeleon Dome. The bone motif carries over here. Check out those ribcages!	Cin 9\nİskelet Kubbesinden kemik motifi buraya da aktarılıyor. Kaburga kemiklerine bakın!		Злые духи, появляющиеся в Скелетном своде. Добавили немного костей под концепцию уровня. Особенно выделяются рёбра.
spb_desc_ch7_15	Genies from Night Palace. They have a different air about them that sets them apart from the others.		ナイトパレスに出現するマジン。ラストステージに合わせ、その風ぼうに他のマジンとは異なる威厳（いげん）をもつ	Los genios del Palacio Nocturno tienen un cierto aura que los diferencia del resto.		Geni del Palazzo Notturno. Hanno un'aria diversa rispetto che li rendono distint dagli altri.	Gênios de Night Palace. Eles têm um jeito diferente que os destaca dos demais.	Los majin que aparecen en el Palacio Nocturno. Al ser la última fase, su aspecto tiene una majestuosidad diferente a la de los otros majin.	Die Geister aus dem Night Palace haben ein anderes Erscheinungsbild, das sie von den anderen Geistern unterscheidet.	Dżiny z Nocnego Pałacu. Mają w sobie coś innego, co odróżnia je od pozostałych.	Genies from Night Palace. They have a different air about them that sets them apart from the others.	Cin 10\nGece Sarayı'ndaki bu cinlerin, onları diğer cinlerden ayıran farklı bir havası vardır.		Злые духи, появляющиеся в Ночном дворце. Для последней сцены нарисовали именно таких духов, чтобы они были величественнее других.
														
spb_desc_ch8_1	Purposely 2D to reinforce the image of a real book.		はじまるのは冒険おちるのは恋？ソニックはシャーラに　連れられて古びた書の中へ	Hecho en 2D a propósito para reafirmar el aspecto de un libro real.		Intenzionalmente 2D per rinforzare l'idea di un vero libro.	Propositalmente 2D para reforçar a imagem de um livro de verdade.	¿Comienza una aventura, termina una historia de amor? Sonic es llevado por Shahra al interior de un libro antiguo.	Absichtlich zweidimensional gehalten, um den Eindruck eines richtigen Buches zu erzeugen.	Celowo 2D by wzmocnić obraz prawdziwej książki.	Purposely 2D to reinforce the image of a real book.	Kitabın Dünyası\nGerçek bir kitabın imajını güçlendirmek için özellikle 2 boyutlu olarak tasarlanmıştır.		Приключения начинаются, любовь увядает. Шахра ведёт Соника в мир старой книги.
spb_desc_ch8_2	This was a long and important scene, so a lot of cuts had to be made!		イレイザー登場。相応の罰で放たれた「裁きの矢」炎が消えるまえに７つの世界リングを探しだせ	Esta escena era larga e importante; ¡se tuvieron que hacer muchos arreglos!		Questa era una scena lunga ed importante, quindi abbiamo dovuto tagliare un paio di scene!	Esta foi uma cena longa e importante, então muitos cortes tiveram que ser feitos!	Aparece Erazor. La """Flecha del Juicio""" es lanzada como castigo. ¡Encuentra los 7 Anillos mundiales antes de que se extinga la llama!	Dies war eine lange, wichtige Szene, deshalb mussten viele Schnitte gemacht werden!	To była długa i ważna scena, więc musieliśmy zrobić dużo cięć.	This was a long and important scene, so a lot of cuts had to be made!	Erazor Görünüyor\nBu uzun ve önemli bir sahneydi, bu yüzden çok fazla kesinti yapılması gerekti!		Появление Эрейзора. """Стрела правосудия""", выпущенная в качестве наказания. Найдите 7 мировых колец до того, как пламя погаснет!
spb_desc_ch8_3	We tried a lot of different techniques to get the appearance of the pterosaur just right.		先にとうちゃくしたソニックだったがイレイザーに国王を連れさられてしまうしかし、あの国王みたことあるような	Probamos muchas técnicas diferentes con el fin de encontrar el aspecto adecuado para el pterosaurio.		Abbiamo provato un sacco di tecniche per riuscire a fare uno pterosauro.	Testamos várias técnicas diferentes para acertar a aparência do pterossauro.	Sonic llegó primero, pero Erazor se llevó al sultán. Sin embargo, ese sultán me resulta familiar...	Wir haben viel ausprobiert, um den Pterosaurus genau richtig aussehen zu lassen.	Próbowaliśmy wiele innych technik by odpowiednio oddać wygląd pterozaura.	We tried a lot of different techniques to get the appearance of the pterosaur just right.	Kral Bulundu!\nPterozorun görünümünü tam istediğimiz gibi elde etmek için birçok farklı teknik denedik.		Когда Соник оказался на месте, Эрейзор уже увёл царя. Однако, где-то этого царя он уже видел.
spb_desc_ch8_4	These are the same characters that appear when a genie is defeated.		困っている人形！かけつけて助ければアリババだった。力はないけど、器用なキツネ…？なにか困ったら聞きにこよう！	Estos personajes son los mismos que aparecen cuando un genio es derrotado.		Questi sono gli stessi personaggi che appaiono quando un genio è sconfitto.	Estes são os mesmos personagens que aparecem quando um gênio é derrotado.	¡Un peluche en apuros! Al ir a ayudarle resultó ser Alí Babá. No es fuerte, pero es un zorro muy hábil... ¿o no? ¡Si tienes problemas, ve a preguntarle!	Dies sind die gleichen Charaktere, die beim Sieg über Geister auftreten.	Te same postacie pojawiają się po pokonaniu dżina.	These are the same characters that appear when a genie is defeated.	Minnettar Ali-Baba\nBunlar bir cin yenildiğinde ortaya çıkan karakterlerle aynıdır.		У кого-то проблемы! Соник быстро спас персонажа, которым оказался Али-Баба. Не сильный, но ловкий лис? Если ты в беде, он может помочь!
spb_desc_ch8_5	Sonic and Shahra pinky-swear. This shows how alike these two worlds really are.		イレイザーが生みだした怪物が大あばれ\n指さきで約束するソニックとシャーラ悲しい顔はナシだ！	La promesa de dedo meñique de Sonic y Shara. Nos muestra lo parecidos que son en realidad estos dos mundos.		La promessa di Sonic e Shahra. Questo mostra come sono simili i due mondi.	Sonic e Shahra fazem um juramento de dedinho. Isso mostra o quanto esses dois mundos realmente são parecidos.	El monstruo creado por Erazor se descontrola.\nSonic y Shahra hacen una promesa con el dedo: ¡nada de caras tristes!	Sonic und Shahra geben sich einen Fingerschwur. So wird deutlich, wie ähnlich sich die Welten sind.	Przysięga na mały palec Sonica i Shahry. To pokazuje jak podobne do siebie są te światy.	Sonic and Shahra pinky-swear. This shows how alike these two worlds really are.	Kum Akrebi Ortaya Çıkıyor\nSonic ve Shahra küfür ediyor. Bu, iki dünyanın aslında ne kadar benzer olduğunu gösteriyor.		Соник и Шахра дают друг другу обещание не грустить!
spb_desc_ch8_6	When darkness comes, the world of the Arabian Nights legend says the blue hedgehog from another world will appear.		『アラビアンナイトに訪ねるとき外界より伝説の青きハリネズミきたる』	Una leyenda del mundo de Las mil y una noches dice que cuando llegue la oscuridad, aparecerá el erizo azul de otro mundo.		Quando l'oscurità viene, la leggenda delle mille ed una notte dice che il riccio blu di un altro mondo apparirà.	Quando a escuridão chega, a lenda do mundo das Mil e Uma Noites diz que o ouriço azul de outro mundo aparecerá.	"""Y al visitar las Mil y una noches, desde el mundo exterior llegó el legendario erizo azul."""	Die Zeichnung des Weltenrings entspricht genau dem Plan.	Gdy nadejdzie ciemność, legenda ze światów Arabskich Nocy mówi, że zjawi się niebieski jeż.	When darkness comes, the world of the Arabian Nights legend says the blue hedgehog from another world will appear.	Neşe Yüzüğü\nKaranlık çöktüğünde, Binbir Gece efsanesinin dünyasında, başka bir dünyadan mavi kirpinin ortaya çıkacağı söylenir.		Когда в """Тысяче и одной ночи""" наступит тьма, из другого мира придёт легендарный синий ёж.
spb_desc_ch8_7	We revised the scene of how the King's rescue would play out.		シャフリャール王の話こよれば、イレイザーは手下を増やすとぬかして古びた城へ…急げソニック！	Revisamos la escena de cómo sería el rescate del sultán.		Abbiamo rivisto la scena in cui si sarebbe svolto il salvataggio del re. 	Revisamos a cena de como o resgate do rei aconteceria.	Según el sultán Shahriar, Erazor dijo que iba a conseguir más secuaces y se fue al viejo castillo... ¡Date prisa, Sonic!	Den Ablauf der Rettung des Königs im Spiel haben wir überarbeitet.	Przeredagowaliśmy scenę, w której rozgrywałaby się akcja ratunku Króla.	We revised the scene of how the King's rescue would play out.	Kralın Kurtarılması\nKralın kurtarılmasının nasıl gerçekleşeceğine dair sahneyi yeniden düzenledik.		По словам царя Шахрияра, Эрейзор хочет заполучить больше подчинённых, поэтому отправился в старый дворец... Поторопись, Соник!
spb_desc_ch8_8	Making a wish upon the ring brings forth Shahra's devotion to her master.		マジンを狂わせる正体が、この世界リングかもしれない\n早くあつめなければこの世界が…	Pedirle un deseo al anillo saca a la luz la devoción de Shara por su maestro.		Esprimendo un desiderio sull'anello fa emergere a Shahra la sua devozione al suo padrone.	Fazer um pedido no anel desperta a devoção de Shahra por seu mestre.	Puede que la causa que enloquece a los majin sean estos Anillos mundiales\nSi no se reúnen pronto, este mundo...	Als Sonic einen Wunsch an den Ring richtet, wird deutlich, wie treu Shahra ihrem Meister ist.	Spełnienie życzenia za pomocą pierścienia wywołuje oddanie Shahry wobec jej mistrza.	Making a wish upon the ring brings forth Shahra's devotion to her master.	Nefret Yüzüğü\nYüzük üzerinde dilek tutmak, Şahra'nın efendisine olan bağlılığını ortaya çıkarır.		Возможно, именно это мировое кольцо свело с ума злых духов.
spb_desc_ch8_9	Sonic's power is no match for Erazor's scheme.		イレイザーが呼びだすのは、世の中を全て焼きつくすほどの大マジン！！『タイムブレイク』逃げるが勝ちだぜ！	El poder de Sonic no está a la altura de los planes de Erazor.		Il potere di Sonic non è niente in confronto al piano di Erazor.	O poder de Sonic não é páreo para o plano de Erazor.	¡Lo que invoca Erazor es un majin colosal capaz de calcinar el mundo entero! """Time Break""". ¡Una retirada a tiempo es una victoria!	Sonic ist gegen Erazors üble Pläne machtlos.	Moc Sonica nie ma szans ze spiskiem Erazora.	Sonic's power is no match for Erazor's scheme.	Ateş Ruhu Ortaya Çıkıyor\nSonic'in gücü Erazor'un planına karşı koyamıyor.		Эрейзор вызывает огромного злого духа, который может сжечь всё в этом мире! Соник использует замедление, чтобы сбежать, но выиграть.
spb_desc_ch8_10	Sonic and Shahra begin to become good friends.		冒険でこまったらアリババのともだちシンドバッドにきくのがよい…西の空を飛ぶルフ鳥を追え！	Sonic y Shara comienzan a forjar una buena amistad.		Sonic e Shahra iniziano a diventare buoni amici.	Sonic e Shahra começam a se tornar bons amigos.	Si tienes problemas en la aventura, es mejor preguntar a Simbad, el amigo de Alí Babá... ¡Sigue al ave Rokh que vuela por el cielo del oeste!	Der Beginn der engen Freundschaft zwischen Sonic und Shahra.	Sonic i Shahra stają się dobrymi przyjaciółmi.	Sonic and Shahra begin to become good friends.	Ali-Baba'nın Tavsiyesi\nSonic ve Shahra iyi arkadaş olmaya başlarlar.		Возникли сложности во время приключения, нужно обратиться к Синдбаду, другу Али-Баба... Догоните Руха, который летает по западной части неба!
spb_desc_ch8_11	Sonic and Sinbad don't really hit it off with one another.		とらわれの身のシンドバッド。イレイザーの魔力ででられない…４つのカギをあれろ	Sonic y Simbad no hacen muy buenas migas.		Sonic e Sinbad non vanno proprio d'accordo.	Sonic e Simbad não se dão muito bem.	Simbad está cautivo. No puede salir por la magia de Erazor... Reúne las 4 llaves.	Sonic und Sindbad verstehen sich nicht sonderlich blendend.	Sonic i Sinbad nie do końca się lubią.	Sonic and Sinbad don't really hit it off with one another.	Sinbad ile Tanışma\nSonic ve Sinbad birbirleriyle pek iyi anlaşamıyorlar.		Заключённый Синдбад. Не может выйти из-за магии Эрейзора... Откройте 4 замка.
spb_desc_ch8_12	Ali-Baba forcing his way in between Sonic and Sinbad seems familiar somehow.		シンドバッド救出！カイゾクがもっているのは嵐をあやつる水色のリング！	La manera en la que Ali-baba se interpone entre Sonic y Simbad resulta familiar...		Ali-Baba stando tra Sonic e Sinbad sembra familiare.	Ali-Baba se intrometendo entre Sonic e Simbad parece familiar de alguma forma.	¡El rescate de Simbad! ¡Lo que tienen los piratas es el Anillo celeste que controla las tormentas!	Wie Ali Baba sich in Sonics und Sindbads Streit einmischt kommt einem irgendwie bekannt vor.	Ali-Baba wpychający się między Sonica a Sinbada wydaje się jakoś znajomy.	Ali-Baba forcing his way in between Sonic and Sinbad seems familiar somehow.	Sinbad'ın Kurtarılması!\nAli-Baba'nın Sonic ve Sinbad'ın arasına zorla girmesi bir şekilde tanıdık geliyor.		Спасение Синдбада! У пиратов есть голубое кольцо, которое вызывает шторм!
spb_desc_ch8_13	What is the strange object that Shahra has?		大きな感情が　ながれこむ世界リング。地ごくの扉がひらくのか？そしてシャーラが渡したモノは一体…	¿Que es ese extraño objeto que porta Shara?		Cosa è quell'oggetto strano che Shahra ha?	O que é esse estranho objeto que Shahra possui?	Grandes emociones fluyen hacia el Anillo mundial. ¿Se abrirán las puertas del infierno? ¿Y qué es lo que le entregó Shahra...?	Was hat Shahra da für ein merkwürdiges Ding...?	Co to za dziwny przedmiot, który ma Shahra?	What is the strange object that Shahra has?	Dua Yüzüğü\nShahra'nın sahip olduğu garip nesne nedir?		Мировое кольцо, вызывающее сильные эмоции. Откроется дверь в ад? Что дала Шахра?
spb_desc_ch8_14	The pirate ship begins its long-range attack.		うたれる大砲。さすがはカイゾク。ほめるはソニック。怒るはシャーラ\n嵐をおこす水色のリングはあるのか？	La embarcación pirata despliega su ataque a larga distancia.		La nave pirata inizia il suo attacco a distanza.	O navio pirata inicia seu ataque de longo alcance.	Disparos de cañón. Típico de piratas. Sonic los elogia. Shahra se enfada.\n¿Estará ahí el Anillo celeste que provoca tormentas?	Das Piratenschiff startet einen Fernangriff.	Statek piracki rozpoczął swój długo-dystansowy atak.	The pirate ship begins its long-range attack.	Korsanlar Görüldü!\nKorsan gemisi uzun menzilli saldırısına başlıyor.		Пушки стреляют. Пираты такие пираты. Соник восторгается. Шахра злится.
spb_desc_ch8_15	What is the pirate leader's true form?		イカズチを背に立つその姿…。海賊をたばねるキャプテンとは！？	¿Cuál es la forma verdadera del líder pirata?		Quale è la vera forma del leader pirata?	Qual é a verdadeira forma do líder dos piratas?	Esa figura de pie con rayos a su espalda... ¡¿Quién es el capitán que lidera a los piratas?!	Welches ist die wahre Gestalt des Piratenanführers?	Jaka jest prawdziwa forma lidera piratów?	What is the pirate leader's true form?	Kaptan Bemoth Görünüyor\nKorsan liderinin gerçek formu nedir?		Стоит, а за спиной у него гроза... Капитан, управляющий пиратами?!
														
spb_desc_ch9_1	Sonic comes closer to realizing the true secret of the Rings.		外の異世界からきたソニックでないとふれられない世界リングの秘密とは！？	Sonic casi ha descubierto el verdadero secreto de los Anillos.		Sonic comincia a capire il vero segreto degli Anelli.	Sonic chega mais perto de descobrir o verdadeiro segredo dos Anéis.	¡¿Cuál es el secreto de los Anillos mundiales que solo Sonic, venido de un mundo exterior, puede tocar?!	Sonic kommt dem Geheimnis der Ringe ein Stückchen näher.	Sonic zbliża się do odkrycia prawdziwego sekretu Pierścieni.	Sonic comes closer to realizing the true secret of the Rings.	Zevk Yüzüğü\nSonic, Yüzüklerin gerçek sırrını anlamaya yaklaşıyor.		В чём же секрет мировых колец, к которым может прикасаться только Соник, пришедший из другого мира?
spb_desc_ch9_2	Sonic uses the power of the World Ring to even the playing field against the Ifrit.		水色の世界リングの力で、炎のマジンイフリートと再戦をこころみるソニックはたして！？	Sonic usa el poder del Anillo para igualar las fuerzas del Ifrit a las suyas.		Sonic usa il potere degli Anelli Mondiali per combattere lIfrit alla pari.	Sonic usa o poder do Anel do Mundo para equilibrar as forças contra o Ifrit.	Sonic busca la revancha contra el ifrit, el majin de fuego, usando el poder del Anillo mundial celeste. ¡¿Qué pasará?!	Sonic nutzt die Kraft des Weltenrings, um faire Verhältnisse im Kampf gegen den Ifrit zu schaffen.	Sonic używa mocy Pierścieni Świata by wyrównać szanse z Ifritem.	Sonic uses the power of the World Ring to even the playing field against the Ifrit.	Ifrit ile Rövanş\nSonic, Ifrit'e karşı oyun alanını eşitlemek için Dünya Yüzüğünün gücünü kullanır.		Соник использует голубое мировое кольцо и идет на повторную схватку с Ифритом. Кто же победит?!
spb_desc_ch9_3	Defeating the Ifrit is only half the battle...		イフリートの残がいから生まれた爆弾。さっそくのピンチ！さすがは、冒険の絶えない世界！急いで出口をめざせ	Derrotar al Ifrit es solo la mitad del trabajo...		Sconfiggere lIfrit è solo metà della battaglia...	Derrotar o Ifrit ainda é só o começo...	Una bomba nacida de los restos del ifrit. ¡Vaya aprieto! ¡Típico de un mundo donde la aventura no cesa! Corre rápido a la salida.	Mit dem Sieg über den Ifrit ist es noch nicht getan...	Pokonywanie Ifrita to tylko połowa sukcesu...	Defeating the Ifrit is only half the battle...	Fabrikadan Kaçış\nİfrit'i yenmek savaşın sadece yarısıdır...		Из останков Ифрита появилась бомба. Тяжёлая ситуация! Это и правда мир бесконечных приключений! Поскорее выберитесь отсюда!
spb_desc_ch9_4	Just what is the true power sealed away within these rings?		赤い世界リングには全ての怒りが…\n世界リングに秘められた謎とは…	Pero... ¿cuál es el verdadero poder sellado en estos anillos?		Ma qual è il vero potere racchiuso in questi anelli?	Afinal, qual é o verdadeiro poder selado dentro desses anéis?	Toda la furia reside en el Anillo mundial rojo...\n¿Qué misterio ocultan los Anillos mundiales?	Wie groß ist die wahre Kraft, die in den Ringen steckt?	Jaka jest prawdziwa moc zapieczętowana w tych pierścieniach?	Just what is the true power sealed away within these rings?	Öfke Yüzüğü\nBu yüzüklerin içinde saklı duran gerçek güç nedir?		В красном мировом кольце кипит гнев... Что же за секрет скрыт в мировых кольцах...
spb_desc_ch9_5	The great King Solomon was cursed by Erazor himself.		偉大なソロモン王もイレイザーによってあわれな姿に…骨をあつめて元にもどれ！	El gran Rey Salomón fue maldecido por el propio Erazor.		Il grande Re Solomon è stato maledetto proprio da Erazor.	O grande Rei Salomão foi amaldiçoado pelo próprio Erazor.	Incluso el gran rey Salomón ha quedado en un estado lamentable por culpa de Erazor... ¡Reúne los huesos para que vuelva a la normalidad!	Der ehrwürdige König Solomon wurde von Erazor verflucht.	Wielki Król Solomon był przeklęty przez samego Erazora.	The great King Solomon was cursed by Erazor himself.	Kral Solomon\nBüyük Kral Solomon, bizzat Erazor tarafından lanetlenmişti.		Даже великий царь Соломон из-за Эрейзора теперь выглядит вот так... Соберите все кости и верните их на место!
spb_desc_ch9_6	Sonic in one of his rare soliloquy scenes.		白い世界リングには全ての願望がつまっているらしい…。イレイザーは世界リングを集めてどうするつもりか？	Sonic en una de sus inusuales escenas de soliloquio.		Sonic in una delle sue rare scene di soliloquio.	Sonic em uma de suas raras cenas de monólogo.	Parece que el Anillo mundial blanco contiene todos los deseos... ¿Qué pretende hacer Erazor reuniendo los Anillos mundiales?	Sonic in einer seiner wenigen Monologszenen.	Sonic w jednym z jego rzadszych scen monologu wewnętrznego.	Sonic in one of his rare soliloquy scenes.	Dilek Yüzüğü\nSonic nadir monolog sahnelerinden birinde.		Белое мировое кольцо наполнено всеми желаниями... Что же сделает Эрейзор, когда соберёт все кольца?
spb_desc_ch9_7	Shahra's expression shows that she is hiding something.		イレイザーを倒すには　キセキの力が…\n白い世界リングで空中宮殿の入口は開く！	La expresión de Shara revela que está ocultando algo...		L'espressione di Shahra fa vedere che sta nascondendo qualcosa.	A expressão de Shahra mostra que ela está escondendo algo.	Para derrotar a Erazor hace falta un poder milagroso...\n¡La entrada al palacio aéreo se abre con el Anillo mundial blanco!	Shahras Mimik zeigt, dass sie etwas verbirgt.	Wyraz twarzy Shahry ujawnia, że coś ukrywa.	Shahra's expression shows that she is hiding something.	Düşman Kalesi\nŞahra'nın yüz ifadesi bir şeyler sakladığını gösteriyor.		Чтобы победить Эрейзора, должно произойти чудо... Белое мировое кольцо открывает вход во дворец!
spb_desc_ch9_8	Shahra shows concern for Sonic as the deadline approaches.		タイムリミットであとわずか！\nオレとオマエの約束わすれるなよ！	Shara muestra su preocupación por Sonic según se acerca su hora.		Shahra si mostra preoccupata verso Sonic all'avvicinamento della scadenza.	Shahra demonstra preocupação com Sonic conforme o tempo se esgota.	¡Queda poco tiempo!\n¡No olvides nuestra promesa!	Die Zeit läuft ab und Shahra macht sich große Sorgen um Sonic.	Shahra pokazuje zmartwienie o Sonica, kiedy zbliża się termin ostateczny.	Shahra shows concern for Sonic as the deadline approaches.	Saraya Giriş\nSon an yaklaşırken Shahra, Sonic'e karşı endişeli görünüyor.		Ограничение по времени и обещание, которое не забыть. Времени осталось совсем немного! Не забывай о нашем с тобой обещании!
spb_desc_ch9_9	Sonic is worried about Shahra's past. What really happened?		悲しみの封印された紫色の世界リング。イレイザーの正体はランプの精。その宿命からこの物語をにくむ気持ちが…	A Sonic le preocupa el pasado de Shara. ¿Qué ocurrió en realidad?		Sonic è preoccupato al passato di Shahra. Cosa è veramente accaduto?	Sonic está preocupado com o passado de Shahra. O que realmente aconteceu?	El Anillo mundial morado es donde está sellada la tristeza. La verdadera identidad de Erazor es el genio de la lámpara. El odio hacia esta historia nace de su destino...	Sonic ist besorgt über Shahras Vergangenheit. Was geschah wirklich?	Sonic martwi się o przeszłość Shahry. Co się tak naprawdę stało?	Sonic is worried about Shahra's past. What really happened?	Üzüntü Yüzüğü\nSonic, Shahra'nın geçmişinden endişe duyuyor. Peki gerçekte ne oldu?		Фиолетовое мировое кольцо, в котором заточена грусть. Оказалось, что Эрейзор - джинн из лампы. Из-за этого он возненавидел этот мир...
spb_desc_ch9_10	No matter the odds, Sonic always plays it cool.		イレイザーの直接対決！きざまれるのはどっちだ！？	Incluso en las peores situaciones, Sonic siempre se muestra confiado.		In qualsiasi situazione, Sonic è sempre sicuro di sè.	Não importa as dificuldades, Sonic sempre mantém a calma.	¡El enfrentamiento contra Erazor! ¿Quién será el que perezca?	Die Lage mag noch so brenzlig sein - Sonic bleibt immer cool!	Nie ważne jakie są warunki, Sonic zawsze podchodzi do tego na spokojnie.	No matter the odds, Sonic always plays it cool.	Erazor'la Savaş\nNe olursa olsun, Sonic her zaman sakinliğini korur.		Схватка с Эрейзором один на один! Кто кого сделает?
spb_desc_ch9_11	The 7 World Rings are the key!		お約束の「ひらけゴマ」では開かない　この扉。７つの世界リングでこの扉はひらくか？	¡Los 7 anillos secretos son la clave!		I 7 Anelli Mondiali sono la chiave!	Os 7 Anéis do Mundo são a chave!	Esta puerta no se abre con el clásico """Ábrete, Sésamo""". ¿Se abrirá con los 7 Anillos mundiales?	Die 7 Weltenringe sind der Schlüssel!	7 Pierścieni Świata są kluczem!	The 7 World Rings are the key!	Gizemli Kapı\n7 Dünya Yüzüğü anahtardır!		Заклинание """Сим-сим, откройся!""" не срабатывает. Дверь откроется с помощью 7 мировых колец?
spb_desc_ch9_12	A sad scene. Darkspine Sonic appears and gets ready for the final showdown!		アルフ・ライラ・ワ・ライラとダークスパインソニック最後にたつのはどちらだ！？	Después de una trágica escena, ¡Sonic Sombrío se prepara para la batalla final!		Una scena triste. Darkspine Sonic compare è si prepara alla battaglia finale!	Uma cena triste. Darkspine Sonic aparece e se prepara para a batalha final!	Alf Leyla wa Leyla y Sonic Espinoscuro. ¿Quién quedará en pie al final?	Eine traurige Szene. Darkspine Sonic erscheint und macht sich für die letzte Kraftprobe bereit!	Smutna scena. Darkspine Sonic pojawia się i szykuje się do ostatecznej konfrontacji!	A sad scene. Darkspine Sonic appears and gets ready for the final showdown!	Alf Layla wa-Layla\nÜzücü bir sahne. Darkspine Sonic ortaya çıkıyor ve son hesaplaşmaya hazırlanıyor!		Альф-Лейла-Ва-Лейла и Даркспайн Соник. Кто же в итоге победит!?
spb_desc_ch9_13	Credits shown after defeating Alf Layla wa-Layla.		アルフ・ライラ・ワ・ライラを倒すと流れるスタッフロール	Los créditos que aparecen tras derrotar a Alf Leyla wa-Leyla.		Titoli di coda dopo aver sconfitto Alf Layla wa-Layla.	Créditos exibidos após derrotar Alf Layla wa-Layla.	Créditos que aparecen al derrotar a Alf Leyla wa Leyla.	Erscheint nach dem Sieg über Alf Layla wa-Layla.	Napisy końcowe pokazane po pokonaniu Alf Layla wa-Layla.	Credits shown after defeating Alf Layla wa-Layla.	Son Jenerik 2\nAlf Layla wa-Layla'yı yendikten sonra gösterilen Jenerik.		Титры, появляющиеся после победы над Альф-Лейла-ва-Лейла.
spb_desc_ch9_14	Meet the development team!		開発チームの様子を紹介！	¡Conoce al equipo detrás del proyecto!		Incontra il team di sviluppo!	Conheça a equipe de desenvolvimento!	¡Presentamos al equipo de desarrollo!	Lerne das Team kennen!	Poznaj drużynę deweloperów!	介紹開發團隊的樣子！	Geliştirme Ekibi Tanıtımı\nGeliştirme ekibiyle tanışın!		Команда разработчиков за работой!
spb_desc_ch9_15														
														
spb_desc_ch10_1	Animated storyboards revealing the Night Palace.		ＣＧムービー制作の前に確認用としてコンテを仮の動画とする。これおチェックしてイメージを固める	Escena en la que se muestra el Palacio Nocturno.		Storyboard animati che mostrano il Palazzo Notturno.	Storyboards animados revelando Night Palace.	Antes de crear las secuencias CG, se hace un vídeo provisional con el guion gráfico para confirmación. Se revisa para consolidar la imagen.	Animierte Storyboards, die den Night Palace zeigen.	Animowane plansze fabularne ujawniające Nocny Pałac.	顯現暗夜宮殿的動畫分鏡。	Açılış - Animatik\nGece Sarayı'nı ortaya çıkaran animasyonlu hikaye panoları		Перед созданием CG-видео для подтверждения сделали пробное видео с раскадровкой. Проверили его и подтвердили изображения.
spb_desc_ch10_2	Models and lighting are rough. Timing and positioning need adjusting.		モデルもライトもまだ仮。ただし、全体の雰囲気が想像できるもの。これから全体の調整を行う	Los modelos y la iluminación son aproximados. La sincronización y el posicionamiento necesitan trabajo.		La luce e i modelli sono grezzi. La posizione e il tempismo hanno bisogno di aggiustamenti.	Os modelos e a iluminação ainda estão em estágio inicial. O timing e o posicionamento precisam ser ajustados.	Los modelos y la iluminación aún son provisionales. Sin embargo, permiten imaginar la atmósfera general. A partir de ahora se harán los ajustes globales.	Modelle und Licht, Zeitablauf und Positionierung müssen noch verbessert werden.	Modele i oświetlenie wyglądają na kiepskie. Czasowanie i ustawienie wymagają korekty.	模型和光線都還沒好。 節拍和位置都需要調整。	Açılış - Yapım Aşamasında 1\nModeller ve ışıklandırmalar yetersiz. Zamanlama ve konumlandırmanın ayarlanması gerekiyor.		И модель, и свет пока предварительные. Но уже можно представить атмосферу в целом. Далее будет сделана корректировка.
spb_desc_ch10_3	This is pretty close to the final version.		レンダリングもし初めて、完成まであと一方の状態。エフェクトなど細かく修正を重ねる	Se asemeja bastante al resultado final.		Questo è molto vicino alla versione finale.	Isso está bem próximo da versão final.	Comienza el renderizado y falta un paso para la finalización. Se realizan correcciones detalladas de efectos y demás.	Dies kommt dem fertigen Produkt schon sehr nah.	To jest całkiem bliskie finalnej wersji.	開始進行渲染工作，距離完成只剩下一步了。我們還在不斷修正效果等細節。	Açılış - Yapım Aşamasında 2\nBu neredeyse son haline yakın.		Начали рендеринг, до завершения остался один шаг. Детально прорабатываются эффекты и всё остальное.
spb_desc_ch10_4	After trial and error, the ending went through a complete rewrite.		試行さくごの末のコンテ動画。これは全面描き直しの第２稿。本来はアルフ戦のシーンもあった	Despues de mucha prueba y error, reescribimos el final completamente.		Dopo vari tentativi, il finale ricevette una riscrittura completa.	Após tentativa e erro, o final passou por uma reescrita completa.	Vídeo del guion gráfico tras mucho ensayo y error. Este es el segundo borrador, redibujado por completo. Originalmente incluía una escena de la batalla contra Alf.	Nach einigem Herumtüfteln wurde das Ende völlig umgeschrieben.	Metodą prób i błędów, zakończenie przeszło przez kompletne przepisanie.	After trial and error, the ending went through a complete rewrite.	Bitiş - Animatik\nDeneme ve yanılma sonrasında son tamamen yeniden yazıldı.		Конечное видео с раскадровкой. Это вторая версия полностью перерисованной раскадровки. Изначально была ещё сцена схватки с Альфом.
spb_desc_ch10_5	This in-progress video still needs some tweaking to convey the right message.		まだまだ途中。完成形を想像しながらセツナイふんいきが伝わるように舗部を調整してもらう	Este vídeo en progreso aún necesitaba algunos ajustes para transmitir el mensaje adecuado.		Questo video in corso ha ancora bisogno di modifiche per dare il giusto messaggio.	Este vídeo em andamento ainda precisa de alguns ajustes para transmitir a mensagem correta.	Aún en proceso. Se ajustan los detalles imaginando la forma final para transmitir una atmósfera melancólica.	Dieses Video befindet sich noch in der Entwicklung und muss bearbeitet werden.	Te niedokończone wideo wciąż wymaga pewnych poprawek, aby przekazać właściwy przekaz.	This in-progress video still needs some tweaking to convey the right message.	Bitiş - Yapım Aşamasında 1\nBu yapım aşamasındaki videonun doğru mesajı iletebilmesi için bazı ayarlamalara ihtiyacı var.		Ещё в процессе. Есть представление о финальной версии, прорабатываются детали, чтобы передать тяжёлую атмосферу.
spb_desc_ch10_6	Portions that have been rendered start looking much better.		レンダリングされた部分は、かなり良い感じに。開発の期待も高まる瞬間！シャーラが可愛くなるといいなぁ	Las partes que ya han sido renderizadas empiezan a verse mucho mejor.		Porzioni che erano renderizzati iniziano ad essere molto meglio.	As partes que já foram renderizadas começam a ficar muito melhores.	Las partes renderizadas tienen muy buena pinta. ¡El momento en que aumentan las expectativas del desarrollo! Ojalá Shahra quede linda.	Durch 3D-Bearbeitung veränderte Teile sehen um Einiges besser aus.	Fragmenty, które zostały wyrenderowane, zaczynają wyglądać znacznie lepiej.	Portions that have been rendered start looking much better.	Bitiş - Yapım Aşamasında 2\nİşlenen bölümler çok daha iyi görünmeye başlıyor.		Отрендеренные части получились хорошо. Ожидания разработчиков выросли! Хорошо, если Шахра получится милой.
spb_desc_ch10_7	After just a bit more tweaking, we zero in on the finished version!		エフェクトに加え今回は、効果音や曲もがんばって作ってもらったのでクォリティーが高い！その辺にも注目だ	Despues de ajustar alguna que otra cosa, ¡hemos aquí la versión final!		Dopo ancora un paio di modifiche, ci concentreremo alla versione finale! 	Após apenas mais alguns ajustes, chegamos à versão final!	Además de los efectos visuales, esta vez se ha trabajado duro en los efectos de sonido y la música, ¡así que la calidad es alta! Presten atención a eso también.	Nach einigen kleinen Verbesserungen haben wir nun die fertige Version!	Po kilku poprawkach dochodzimy do wersji finalnej!	After just a bit more tweaking, we zero in on the finished version!	Açılış - Bitmiş Versiyonu\nBiraz daha ince ayar yaptıktan sonra, tamamlanmış sürüme odaklanıyoruz!		Помимо эффектов создали звуковые эффекты и мелодию и видео получилось высокого качества! Обратите внимание и на это.
spb_desc_ch10_8	Effects and music are added to make it complete!		細かい修正と調整をかけてやっと完成！風の吹く方や英語にあらせた口の動きバッチリ	Añadiendo efectos y musica, ¡completamos la escena!		Effetti e musica sono aggiunti per renderlo completo!	Efeitos e música são adicionados para finalizar!	¡Por fin terminado tras pequeñas correcciones y ajustes! La dirección del viento y el movimiento de la boca adaptado al inglés están perfectos.	Zu guter Letzt werden noch Effekte und Musik hinzugefügt!	Efekty i muzyka są dodane, aby materiał był kompletny!	Effects and music are added to make it complete!	Bitiş - Bitmiş Versiyonu\nEfektler ve müzikler eklenerek tamamlandı!		После мелких корректировок и доработок, видео готово! Дуновение ветра и движения рта в английской версии получились прекрасно!
spb_desc_ch10_9	Here are some springs and thorns. What's with that banana peel, anyway?		企画者が書く仕様のなかでも面白いものをチョイス。バネやトゲなどのしかけのメモ。バナナの皮なんてのも…	Toda serie de trampas y... ¿una monda de plátano?		Qua ci sono un paio di molle e spine. Comunque, che senso ha quella buccia di banana?	Aqui estão alguns trampolins e espinhos. Mas o que é aquela casca de banana, afinal?	Selección de las cosas más interesantes de las especificaciones escritas por los planificadores. Notas sobre trucos como resortes y picos. Incluso cáscaras de plátano...	Hier sind einige Federn und Dornen. Was hat es mit der Bananenschale auf sich?	Tutaj mamy sprężyny i kolce. O co w ogóle chodzi z tą skórką od banana?	Here are some springs and thorns. What's with that banana peel, anyway?	Nesne Notu\nİşte birkaç yay ve diken. Bu arada, o muz kabuğu da neyin nesi?		Выбрали интересные заметки разработчиков. Здесь мы работали над пружинами и шипами. И кто-то нарисовал банановую кожуру...
spb_desc_ch10_10	This planning map is eventually used for the actual game.		企画者のイラストのマップがそのままゲームに再現されているのがわらる。ここまで描ける人はそういませんけど	Estos bocetos se utilizan después como referencia para el juego.		Questa mappa di pianificazione è stata eventualmente usata nel gioco.	Este mapa de planejamento é usado posteriormente no jogo.	Se puede ver que el mapa ilustrado por el planificador se reproduce tal cual en el juego. No hay mucha gente que pueda dibujar así de bien.	Diese Plankarte wurde schließlich im Spiel eingesetzt.	Ta mapa planistyczna jest ostatecznie użyta w samej grze.	This planning map is eventually used for the actual game.	Dinozor Ormanı Notu\nBu planlama haritası sonunda gerçek oyun için kullanılır.		По этому рисунку разработчика понятно, что он был взят в игру прямо в таком виде. Мало кто может так нарисовать.
spb_desc_ch10_11	This rough sketch is given to an artist, and reworked to match the stage.		このラクガキをアーティストに。よりステージにふさわしい姿へと改造してもらうのだ	Se le da a los artistas un boceto simple, sobre el que luego se trabaja para hacer que encaje con el escenario.		Questo schizzo approssimativo è dato ad un'artista, e rielaborato per abbinarlo.	Este esboço inicial é entregue a um artista e retrabalhado para combinar com a fase.	Se entrega este boceto rápido al artista, para que lo transforme en una forma más apropiada para la fase.	Dieser grobe Entwurf wird an den Künstler weitergeleitet und an das Level angepasst.	Ten szorstki szkic dajemy do artysty, potem przerobiony by wpasował się w etap.	This rough sketch is given to an artist, and reworked to match the stage.	Golem Djinn Notu\nBu kaba taslak sanatçıya verilmiş ve sahneye uyacak şekilde yeniden işlenmiştir.		Эти заметки передали художнику, чтобы он преобразовал изображение в более подходящее для игры.
spb_desc_ch10_12	Although this looks completely different from the final version, the basic idea is still the same.		見た目はずいぶんちがっているが釜の中から出現するアイディアは生きている	Aunque no se parece en nada a la versión final, la idea general es la misma.		Anche se è completamente diverso alla versione finale, l'idea di base è la stessa.	Embora isso pareça completamente diferente da versão final, a ideia básica ainda é a mesma.	El aspecto es muy diferente, pero la idea de salir de dentro de un caldero se mantiene.	Er hat mit der endgültigen Version zwar wenig gemeinsam, baut aber auf der gleichen Idee auf.	Mimo, że to wygląda kompletnie inaczej niż w finalnej wersji, pomysł nadal jest taki sam.	Although this looks completely different from the final version, the basic idea is still the same.	Ifrit Golem Notu\nBu, son versiyondan tamamen farklı görünse de temel fikir hala aynı.		Выглядит совсем по-другому, но идея его появления из котла сохранилась.
spb_desc_ch10_13	A quick sketch to show how the stage itself would be laid out.		ステージの構成が細かく書かれている企画メモ\n何が書いてあるかわかるかな？	Un boceto rápido para mostrar como sería el nivel.		Uno schizzo veloce per vedere come il livello sarebbe stato disposto.	Um esboço rápido para mostrar como a própria fase seria organizada.	Notas de planificación donde se detalla la composición de la fase\n¿Puedes entenderlas?	Eine grobe Skizze, die den Aufbau des Levels zeigt.	Szybki szkic by pokazać jak etap sam w sobie byłby ułożony.	A quick sketch to show how the stage itself would be laid out.	Havadaki Harabeler Notu\nSahnenin nasıl düzenleneceğini gösteren hızlı bir çizim.		Заметки, в которых подробно описана структура уровня. Вам понятно, что там написано?
spb_desc_ch10_14	If you look closely, you can see how this actually made it into the game!		こんなていどでゲームは作られる。ゲーム企画の仕事ができると思った君！まってるぞ	¡Si te fijas atentamente, podrás ver cómo esto se incorporó en el juego!		Se guardi attentamente, puoi vedere come questo è riuscito ad essere nel gioco!	Se você olhar de perto, pode ver como isso acabou entrando no jogo!	Los juegos se hacen a partir de cosas así. ¡Tú, que crees que puedes trabajar en la planificación de juegos! ¡Te esperamos!	Sieh mal genau hin, dann erkennst du es vielleicht aus dem Spiel wieder!	Jeśli przyjrzysz się uważnie, możesz jak to rzeczywiście dostało się do gry!	If you look closely, you can see how this actually made it into the game!	Havadaki Harabeler Notu 2\nDikkatli bakarsanız, bunun oyuna nasıl dahil edildiğini görebilirsiniz!		Вот так создаются игры. Если Вы думали, что можете заниматься разработкой игр, мы Вас ждём!
spb_desc_ch10_15	What a mysterious and grim feeling this conveys...		なにやらアイデアに迷っている様子…産みの苦しみが伝わってくるような	Qué sensación más misteriosa y desalentadora transmite esto...		Che sensazione misteriosa e cupa trasmette questo...	Que sensação misteriosa e sombria isso transmite...	Parece estar luchando con las ideas... Casi se puede sentir la agonía de la creación...	Bei dem Anblick stehen einem ja regelrecht die Haare zu Berge...	Co to za tajemnicze i ponure wrażenie to wywołuje...	What a mysterious and grim feeling this conveys...	İskelet Kubbesi Notu\nNe kadar gizemli ve kasvetli bir duyguyu yansıtıyor...		Похоже, здесь возникли сложности с идеями... Хорошо видны страдания от их недостатка...
														
spb_desc_ch11_1									APM\nSandstorm	APM\nSandstorm		APM\nSandstorm		APM\nSandstorm
spb_desc_ch11_2									APM\nSeven Rings In Hand	APM\nSeven Rings In Hand		APM\nSeven Rings In Hand		APM\nSeven Rings In Hand
spb_desc_ch11_3									APM\nThe Lost Prologue	APM\nThe Lost Prologue		APM\nThe Lost Prologue		APM\nThe Lost Prologue
spb_desc_ch11_4									APM\nLet The Speed To Mend It	APM\nLet The Speed To Mend It		APM\nLet The Speed To Mend It		APM\nLet The Speed To Mend It
spb_desc_ch11_5									APM\nThe Wicked Wild	APM\nThe Wicked Wild		APM\nThe Wicked Wild		APM\nThe Wicked Wild
spb_desc_ch11_6									APM\nThe Palace That Was Found	APM\nThe Palace That Was Found		APM\nThe Palace That Was Found		APM\nThe Palace That Was Found
spb_desc_ch11_7									APM\nHigh And Broken	APM\nHigh And Broken		APM\nHigh And Broken		APM\nHigh And Broken
spb_desc_ch11_8									APM\nNo Way Through	APM\nNo Way Through		APM\nNo Way Through		APM\nNo Way Through
spb_desc_ch11_9									APM\nThe White Of Sky	APM\nThe White Of Sky		APM\nThe White Of Sky		APM\nThe White Of Sky
spb_desc_ch11_10									APM\nUnawakening Float	APM\nUnawakening Float		APM\nUnawakening Float		APM\nUnawakening Float
spb_desc_ch11_11									APM\nPoison Spear	APM\nPoison Spear		APM\nPoison Spear		APM\nPoison Spear
spb_desc_ch11_12									APM\nHow It Started	APM\nHow It Started		APM\nHow It Started		APM\nHow It Started
spb_desc_ch11_13									APM\nBlue On The Run	APM\nBlue On The Run		APM\nBlue On The Run		APM\nBlue On The Run
spb_desc_ch11_14									APM\nIt Has Come To This	APM\nIt Has Come To This		APM\nIt Has Come To This		APM\nIt Has Come To This
spb_desc_ch11_15									APM\nResult	APM\nResult		APM\nResult		APM\nResult
														
spb_desc_ch12_1									APM\nThe Legendary Blue Hedgehog	APM\nThe Legendary Blue Hedgehog		APM\nThe Legendary Blue Hedgehog		APM\nThe Legendary Blue Hedgehog
spb_desc_ch12_2									APM\nJudgment	APM\nJudgment		APM\nJudgment		APM\nJudgment
spb_desc_ch12_3									APM\nKing Of Kings	APM\nKing Of Kings		APM\nKing Of Kings		APM\nKing Of Kings
spb_desc_ch12_4									APM\nSeven Rings In Hand\nGuitar Solo	APM\nSeven Rings In Hand\nSolówka na Gitarze		APM\nSeven Rings In Hand\nGitar Solo		APM\nSeven Rings In Hand\nGitar Solo
spb_desc_ch12_5									APM\nShimmer Of Hot Air	APM\nShimmer Of Hot Air		APM\nShimmer Of Hot Air		APM\nShimmer Of Hot Air
spb_desc_ch12_6									APM\nMisgiving	APM\nMisgiving		APM\nMisgiving		APM\nMisgiving
spb_desc_ch12_7									APM\nWorth A Chance\nPiano Solo	APM\nWorth A Chance\nSolówka na Pianinie		APM\nWorth A Chance\nPiyano Solo		APM\nWorth A Chance\nPiyano Solo
spb_desc_ch12_8									APM\nWorth A Chance\nAcoustic Guitar Solo	APM\nWorth A Chance\nSolówka na Gitarze Akustycznej		APM\nWorth A Chance\nAkustik Gitar Solo		APM\nWorth A Chance\nAkustik Gitar Solo
spb_desc_ch12_9									APM\nWorth A Chance	APM\nWorth A Chance		APM\nWorth A Chance		APM\nWorth A Chance
spb_desc_ch12_10									APM\nYellow Sneakers	APM\nYellow Sneakers		APM\nYellow Sneakers		APM\nYellow Sneakers
spb_desc_ch12_11									APM\nWhite Gloves	APM\nWhite Gloves		APM\nWhite Gloves		APM\nWhite Gloves
spb_desc_ch12_12									APM\nPurple Pants	APM\nPurple Pants		APM\nPurple Pants		APM\nPurple Pants
spb_desc_ch12_13									APM\nBlue Shirt	APM\nBlue Shirt		APM\nBlue Shirt		APM\nBlue Shirt
spb_desc_ch12_14									APM\nParty Dress	APM\nParty Dress		APM\nParty Dress		APM\nParty Dress
spb_desc_ch12_15									APM\nAdvertise	APM\nAdvertise		APM\nAdvertise		APM\nAdvertise
														
spb_desc_ch13_1	Composition/Arrangement by Aoi			Composición/Arreglo de Aoi		Composizione\Accordo Aoi	Composição/Arranjo por Aoi	Composición y arreglo de Aoi	Komposition/Arrangement von Aoi	Kompozycja/Aranżacja przez Aoi	作曲/編曲者：Aoi	APM\nKum Vahası Bölüm 2\nKumulların Fırtınası\nBeste/Aoi Tarafından Hazırlandı		Композиция/Аранжировка от Aoi
spb_desc_ch13_2	Composition/Arrangement by Aoi			Composición/Arreglo de Aoi		Composizione\Accordo di Aoi	Composição/Arranjo por Aoi	Composición y arreglo de Aoi	Komposition/Arrangement von Aoi	Kompozycja/Aranżacja przez Aoi	作曲/編曲者：Aoi	APM\nKum Vahası Bölüm 3\nBeste/Aoi Tarafından Hazırlandı		Композиция/Аранжировка от Aoi
spb_desc_ch13_3	Composition/Arrangement by Zakkujo			Composición/Arreglo de Zakkujo		Composizione\Accordo di Zakkujo	Composição/Arranjo por Zakkujo	Composición y arreglo de Zakkujo	Komposition/Arrangement von Zakkujo	Kompozycja/Aranżacja przez Zakkujo	作曲/編曲者：Zakkujo	APM\nDinozor Ormanı Bölüm 2\nBeste/Zakkujo Tarafından Hazırlandı		Композиция/Аранжировка от Zakkujo
spb_desc_ch13_4	Composition/Arrangement by Stuart Woolley			Composición/Arreglo de Stuart Woolley		Composizione\Accordo di Stuart Woolley	Composição/Arranjo por Stuart Woolley	Composición y arreglo de Stuart Woolley	Komposition/Arrangement von Stuart Woolley	Kompozycja/Aranżacja przez Stuart Wooley	作曲/編曲者：Stuart Woolley	APM\nDinozor Ormanı Bölüm 3\nBeste/Stuart Woolley Tarafından Hazırlandı		Композиция/Аранжировка от Stuart Woolley
spb_desc_ch13_5	Composition/Arrangement by Stuart Woolley			Composición/Arreglo de Stuart Woolley		Composizione\Accordo di Stuart Woolley	Composição/Arranjo por Stuart Woolley	Composición y arreglo de Stuart Woolley	Komposition/Arrangement von Stuart Woolley	Kompozycja/Aranżacja przez Stuart Wooley	作曲/編曲者：Stuart Woolley	APM\nKötü Dökümhane Bölüm 2\nBeste/Stuart Woolley Tarafından Hazırlandı		Композиция/Аранжировка от Stuart Woolley
spb_desc_ch13_6	Composition/Arrangement by Aoi.\nGuitar/Mixing by Stuart Woolley			Composición/Arreglo de Aoi.\nGuitarra/Mezcla de Stuart Woolley		Composizione\Accordo di Aoi.\nChitarra/Mixing di Stuart Woolley	Composição/Arranjo por Aoi.\nGuitarras/Mixagem por Stuart Woolley	Composición y arreglo de Aoi,\nguitarra y mezcla de Stuart Woolley	Komposition/Arrangement von Aoi\nGitarre/Mixing von Stuart	Kompozycja/Aranżacja przez Aoi\nGitara/Miksowanie przez Stuart Wooley	作曲/編曲者：Aoi\n吉他/混音：Stuart Woolley	APM\nKötü Dökümhane Bölüm 3\nBeste/Aoi Tarafından Hazırlandı.\nGitar/Stuart Woolley Tarafından Hazırlandı		Композиция/Аранжировка от Aoi.\nГитара/Микширование - Stuart Woolley
spb_desc_ch13_7														
spb_desc_ch13_8														
spb_desc_ch13_9														
spb_desc_ch13_10														
spb_desc_ch13_11														
spb_desc_ch13_12														
spb_desc_ch13_13														
spb_desc_ch13_14														
spb_desc_ch13_15	Composition/Arrangement by Aoi			Special Book\nComposición/Arreglo de Aoi		Composizione\Accordo di Aoi.	Composição/Arranjo por Aoi	Composición y arreglo de Aoi	Komposition/Arrangement von Aoi	Kompozycja/Aranżacja przez Aoi	作曲/編曲者：Aoi	APM\nÖzel Kiyap\nBeste/Aoi Tarafından Hazırlandı		Композиция/Аранжировка от Aoi
														
spb_desc_ch14_1	Defeated Erazor Djinn!		イレイザー・ジンを倒した証！	¡Derrotaste a Erazon el Yinn!		Sconfitto Erazor Djinn!	Derrotou Erazor Djinn.	¡Prueba de haber derrotado a Erazor, el Genio!	Hat den Erazor Djinn besiegt.	Pokonano Erazora Dżina!	打倒伊萊薩！	Erazor Cin'i yen!		Вы победили Эрейзора Джинна!
spb_hint_ch14_1	Defeat Erazor Djinn...		イレイザー・ジンを倒せ…			Sconfiggi Erazor Djinn...	Derrote Erazor Djinn...	Derrota a Erazor, el Genio...	Besiege Erazor Djinn...	Pokonaj Erazora Dżina...		Erazor Cin'i yen!		Победите Эрейзора Джинна...
spb_desc_ch14_2	Defeated Alf Layla wa-Layla!		アルフ・ライラ・ワ・ライラを倒した証！	¡Derrotaste a Alf Leyla wa-Leyla!		Sconfitto Alf Layla wa-Layla!	Derrotou Alf Layla wa-Layla.	¡Prueba de haber derrotado a Alf Leyla wa Leyla!	Hat Alf Layla wa Layla besiegt.	Pokonano Alf Layla wa-Layla!	打倒一千零一夜！	Alf Layla wa-Layla'yı yenerek kazanılır!		Вы победили Альф-Лейла-ва-Лейла!
spb_hint_ch14_2	Defeat Alf Layla wa-Layla...		アルフ・ライラ・ワ・ライラを倒せ…			Sconfiggi Alf Layla wa-Layla	Derrote Alf Layla wa-Layla...	Derrota a Alf Leyla wa Leyla...	Besiege Alf Layla wa Layla...	Pokonaj Alf Layla wa-Layla...		Alf Layla wa-Layla'yı yen...		Победите Альф-Лейла-ва-Лейла...
spb_desc_ch14_3	Ran 500km (310.7 miles)!		ソニックの走行距離が合計５００ｋｍ超えた証！	¡Recorriste un total de 500km (310,7 millas)!		Corso 500km (310.7 miglia)!	Correu 500km (310.7 milhas).	¡Prueba de que Sonic recorrió más de 500 km!	Ist 500km (310.7 Meilen) gerannt.	Przebiegnięto 500km!	達到 500 公尺步行路程！	500 km (310,7 mil) yol koştum!		Вы пробежали Соником 500 километров!
spb_hint_ch14_3	Run 500km (310.7 miles)...		５００ｋｍを走る...			Corri 500km (310.7 miglia!)	Corra 500km (310.7 milhas)...	Recorre 500 km...	Renne für 500km (310.7 Meilen)...	Przebiegnij 500km...		500km koş...		Пробегите Соником 500 километров...
spb_desc_ch14_4	Grinded 30km (18.64 miles)!		グラインドの滑走距離が合計３０ｋｍ超えた証！	¡Te deslizaste en raíles un total de 30 km (18,64 millas)!		Grindato 30km (18.64 miglia)!	Deslizou em Trilhos por 30km (18.64 milhas).	¡Prueba de que te deslizaste por más de 30 km de rieles!	Ist für 30km (18.64 Meilen) gegrindet.	Przejeżdzono 30km na Szynach!	達到 30 公尺滑軌路程！	30 km (18,64 mil) mesafeyi kat ettim!		Вы проскользили по рельсам 30 километров!
spb_hint_ch14_4	Grind 30km (18.64 miles)...		３０ｋｍをグラインドする...			Grinda per 30km (18.64 miglia)...	Deslize em Trilhos por 30km (18.64 milhas)...	Deslízate 30 km...	Grinde für 30km (18.64 Meilen)...	Przejedż 30km na Szynach...		30 km (18,64 mil) mesafeyi kat et...		Проскользите по рельсам 30 километров...
spb_desc_ch14_5	Obtained 10,000 Rings!		リングの獲得数が合計１００００個突破した証！	¡Obtuviste un total de 10.000 Anillos!		Ottenuto 10,000 Anelli!	Coletou 10,000 Anéis.	¡Prueba de que obtuviste más de 10,000 Anillos!	Hat 10.000 Ringe eingesammelt.	Zdobyto 10,000 Pierścieni!	收集 10,000 枚金環！	10.000 Yüzük elde ettim!		Вы получили 10.000 колец!
spb_hint_ch14_5	Obtain 10,000 Rings...		リング１００００個集める…			Ottieni 10,000 Anelli...	Colete 10,000 Anéis...	Obtén 10,000 Anillos...	Sammel 10.000 Ringe...	Zdobądż 10,000 Pierścieni...		10.000 Yüzük elde et...		Получите 10.000 колец...
spb_desc_ch14_6	Defeated 1,000 genies!		倒したマジンの数が合計１０００体突破した証！	¡Derrotaste a un total de 1.000 genios!		Sconfitto 1,000 geni!	Derrotou 1,000 Gênios.	¡Prueba de que derrotaste a más de 1000 majin!	Hat 1.000 Geister besiegt.	Pokonano 1,000 dżinów!	打倒 1,000 隻精靈！	1.000 cini yendim!		Вы победили 1.000 злых духов.
spb_hint_ch14_6	Defeat 1,000 genies...		マジン１０００体倒す…			Sconfiggi 1,000 geni...	Derrote 1,000 Gênios...	Derrota a 1000 majin...	Besiege 1.000 Geister...	Pokonaj 1,000 dżinów...		1.000 cini yen...		Победите 1.000 злых духов...
spb_desc_ch14_7	Used Speed Break 50 times!		スピードブレイクの使用回数が合計５０回突破した証！	¡Utilizaste el Impulso un total de 50 veces!		Usato la Rottura della Velocità 50 Volte!	Usou Impulso Veloz 50 vezes.	¡Prueba de que quebraste la velocidad más de 50 veces!	Hat 50-mal Speed Break eingesetzt.	Użyto Zryw Pędu 50 razy!	使用 50 次速度突破！	50 kez Hız Kırma kullandım!		Вы использовали ускорение 50 раз!
spb_hint_ch14_7	Use Speed Break 50 times...		スピードブレイク５０回使う…			Usa la Rottura della Velocità 50 volte...	Use Impulso Veloz 50 vezes...	Usa Speed Break 50 veces...	Setze 50-mal Speed Break ein...	Użyj Zryw Pędu 50 razy...		50 kez Hız Kırma kullan...		Используйте ускорение 50 раз...
spb_desc_ch14_8	Used Time Break for 300 seconds!		タイムブレイクの使用時間が合計３００秒突破した証！	¡Utilizaste la Ralentización durante un total de 300 segundos!		Usato la Rottura della Velocità per 300 secondi!	Usou Atraso Temporal por 300 segundos.	¡Prueba de que quebraste el tiempo por más de 300 segundos!	Hat Time Break für 300 Sekunden eingesetzt.	Użyto Zryw Czasu przez 300 sekund!	使用時間突破達 300 秒！	300 saniye boyunca Hız Kırma özelliğini kullandım!		Вы  использовали замедление суммарно на 300 секунд!
spb_hint_ch14_8	Use Time Break for 300 seconds...		タイムブレイク３００秒使う…			Usa la Rottura della Velocità per 300 secondi...	Use Atraso Temporal por 300 segundos...	Usa Time Break 300 segundos...	Setze Time Break für 300 Sekunden ein...	Użyj Zryw Czasu przez 300 sekund...		300 saniye boyunca Hız Kırma özelliğini kullan...		Используйте замедление суммарно на 300 секунд...
spb_desc_ch14_9	Performed 200 Ring chains!		リングチェインを２００チェイン突破した証！	¡Obtuviste 200 cadenas de Anillos!		Effettuato la Concatenazione di Anelli 200 volte!	Fez 200 Sequências de Anéis.	¡Prueba de que obtuviste más de 200 cadenas de Anillos!	Hat 200 Ring-Ketten erhalten.	Wykonano 200 Łańcuchów Pierścieni!	連續獲得 200 枚金環！	200 Yüzük zinciri aldım!		Вы собрали 200 цепей из колец!
spb_hint_ch14_9	Perform 200 Ring chains...		２００回のリングチェーンを実行する...			Effettua la Concatenazione di Anelli 200 volte...	Faça 200 Sequências de Anéis...	Obtén 200 cadenas de Anillos...	Erhalte 200 Ring-Ketten...	Wykonaj 200 Łańcuchów Pierścieni...		200 Yüzük zinciri al...		Соберите 200 цепей из колец...
spb_desc_ch14_10	Cleared 30 Missions using less than 100 SP!		ＳＰ１００ポイント以内で３０ミッションクリアした証！	¡Superaste 30 Misiones usando menos de 100 puntos de habilidad!		Completato 30 Missioni usando meno di 100 Punti Abilità!	Completou 30 Missões usando menos que 100 Pontos de Habilidade.	¡Prueba de que completaste 30 misiones con menos de 100 PH!	Hat 30 Missionen mit weniger als 100 SP geschafft.	Ukończono 30 Misji używając mniej niż 100 PT!	使用 100 點以下的技能點數通過 30 個任務！	100 SP'nin altında 30 Görevi tamamlayarak kazandım!		Вы прошли 30 миссий с очками навыков меньше 100! 
spb_hint_ch14_10	Clear 30 Missions using less than 100 SP...		ＳＰ１００ポイント以内で３０ミッションをクリアする...			Completa 30 Missioni usando meno di 100 Punti Abilità...	Complete 30 Missões usando menos que 100 Pontos de Habilidade...	Completa 30 misiones usando menos de 100 PH...	Schaffe 30 Missionen mit weniger als 100 SP...	Ukończ 30 Misji używając mniej niż 100 PT...		100 SP'nin altında 30 Görevi tamamlayarak kazan...		Пройдите 30 миссий с очками навыков меньше 100...
spb_desc_ch14_11	Obtained a Gold Medal without using any SP!		ＳＰ０ポイントでゴールドメダルをゲットした証！			Ottenuto una Medaglia d'Oro senza usare alcun Punto Abilità!	Ganhou uma Medalha de Ouro sem usar Pontos de Habilidade.	¡Prueba de haber obtenido una Medalla dorada sin usar PH!	Hat eine Goldmedaille erhalten ohne SP zu benutzen!	Zdobyto Złoty Medal bez użycia PT!		Hiçbir SP harcamadan Aştın Madalya kazandım!		Вы получили золотую медаль, не использовав ни одного навыка!
spb_hint_ch14_11	Obtain a Gold Medal without using any SP...		ＳＰ０ポイントでゴールドメダルをゲットする…			Ottieni una Medaglia d'Oro senza usare alcun Punto Abilità...	Ganhe uma Medalha de Ouro sem usar Pontos de Habilidade...	Obtén una Medalla dorada sin usar PH...	Erhalte eine Goldmedaille ohne SP zu benutzen...	Zdobądż Złoty Medal bez użycia PT...		Hiçbir SP harcamadan Aştın Madalya kazan...		Получите золотую медаль, не используя ни одного навыка...
spb_desc_ch14_12	Cleared 20 Missions with only fire skills!		炎属性のスキルだけで２０ミッションクリアした証！	¡Superaste 20 Misiones usando tan solo Habilidades de fuego!		Completato 20 Missioni usando solo Abilità di Fuoco!	Completou 20 Missões com apenas habilidades de fogo.	¡Prueba de que completaste 20 misiones sólo con habilidades de fuego!	Hat 20 Missionen mit nur Feuer-Skills geschafft.	Ukończono 20 Misji używając tylko Ognistych Talentów!	僅裝備炎屬性技能通過 20 個任務！	Sadece ateş türü Becerileri kullanarak 20 Görevi tamamladım!		Вы прошли 20 миссий только с навыками пламени!
spb_hint_ch14_12	Clear 20 Missions with only fire skills...		炎属性のスキルだけで２０ミッションクリアする…			Completa 20 Missioni usando solo Abilità di Fuoco...	Complete 20 Missões com apenas habilidades de fogo...	Completa 20 misiones usando solo habilidades de fuego... 	Schaffe 20 Missionen mit nur Feuer-Skills...	Ukończ 20 Misji używając tylko Ognistych Talentów...		Sadece ateş türü Becerileri kullanarak 20 Görevi tamamla...		Пройдите 20 миссий только с навыками пламени...
spb_desc_ch14_13	Cleared 20 Missions with only wind skills!		風属性のスキルだけで２０ミッションクリアした証！	¡Superaste 20 Misiones usando tan solo Habilidades de viento!		Completato 20 Missioni usando solo Abilità di Vento!	Completou 20 Missões com apenas habilidades de vento.	¡Prueba de que completaste 20 misiones sólo con habilidades de viento!	Hat 20 Missionen mit nur Wind-Skills geschafft.	Ukończono 20 Misji używając tylko Wiatrowych Talentów!	僅裝備風屬性技能通過 20 個任務！	Sadece rüzgar türü Becerileri kullanarak 20 Görevi tamamladım!		Вы прошли 20 миссий только с навыками ветра!
spb_hint_ch14_13	Clear 20 Missions with only wind skills...		風属性のスキルだけで２０ミッションクリアする…			Completa 20 Missioni usando solo Abilità di Vento...	Complete 20 Missões com apenas habilidades de vento...	Completa 20 misiones usando solo habilidades de viento... 	Schaffe 20 Missionen mit nur Wind-Skills...	Ukończ 20 Misji używając tylko Wiatrowych Talentów...		Sadece rüzgar türü Becerileri kullanarak 20 Görevi tamamla...		Пройдите 20 миссий только с навыками ветра...
spb_desc_ch14_14	Cleared 20 Missions with only dark skills!		闇属性のスキルだけで２０ミッションクリアした証！	¡Superaste 20 Misiones usando tan solo Habilidades oscuras!		Completato 20 Missioni usando solo Abilità di Tenebre!	Completou 20 Missões com apenas habilidades de escuridão.	¡Prueba de que completaste 20 misiones sólo con habilidades sombrías!	Hat 20 Missionen mit nur Finsternis-Skills geschafft.	Ukończono 20 Misji używając tylko Ciemnych Talentów!	僅裝備闇屬性技能通過 20 個任務！	Sadece karanlık türü Becerileri kullanarak 20 Görevi tamamladım!		Вы прошли 20 миссий только с навыками темноты!
spb_hint_ch14_14	Clear 20 Missions with only dark skills...		闇属性のスキルだけで２０ミッションクリアする…			Completa 20 Missioni usando solo Abilità di Tenebre...	Complete 20 Missões com apenas habilidades de escuridão...	Completa 20 misiones usando solo habilidades sombrías... 	Schaffe 20 Missionen mit nur Finsternis-Skills...	Ukończ 20 Misji używając tylko Ciemnych Talentów...		Sadece karanlık türü Becerileri kullanarak 20 Görevi tamamla...		Пройдите 20 миссий только с навыками темноты...
spb_desc_ch14_15	Defeated Erazor Djinn at Level 25 or below!		レベル２５以下でイレイザー・ジンを倒した証！	¡Derrotaste a Erazor el Yinn con un Nivel inferior a 26!		Sconfitto Erazor Djinn a livello 25 o meno!	Derrotou Erazor Djinn no Nível 25 ou menos.	¡Prueba de que venciste a Erazor, el Genio, con nivel 25 o menos!	Hat Erazor Djinn mit Level 25 oder weniger besiegt.	Pokonano Erazora Dżina na Poziomie 25 lub niższym!	以 25 或以下的等級打倒伊萊薩！	25. Seviye veya altında Erazor Cin'i yendim!		Вы победили Эрейзора Джинна при уровне ниже 25!
spb_hint_ch14_15	Defeat Erazor Djinn at Level 25 or below...		レベル２５以下でイレイザー・ジンを倒せ…			Sconfiggi Erazor Djinn a livello 25 o meno...	Derrote Erazor Djinn no Nível 25 ou menos...	Derrota a Erazor, el Genio, con nivel 25 o menos... 	Besiege Erazor Djinn mit Level 25 oder weniger...	Pokonaj Erazora Dżina na Poziomie 25 lub niższym...		25. Seviye veya altında Erazor Cin'i yen...		Победите Эрейзора Джинна при уровне ниже 25...
														
spb_desc_ch15_1	Reached Level 99!		ソニックのレベルが９９になった証！	¡Alcanzaste el Nivel 99!		Raggiunto il Livello 99!	Chegou ao Nível 99.	¡Prueba de que alcanzaste el nivel 99!	Hat Level 99 erreicht.	Osiągnięto Poziom 99!	達到等級 99！	99. Seviyeye ulaştım!		Повышено до 99 уровня!
spb_hint_ch15_1	Reach Level 99...		レベル９９になる…			Raggiungi il Livello 99...	Chegue ao Nível 99...	Alcanza el nivel 99... 	Erreiche Level 99...	Osiągnij Poziom 99...		99. Seviyeye ulaş...		Повысьте до 99 уровня...
spb_desc_ch15_2	Obtained every skill!		スキルを全てゲットした証！	¡Desbloqueaste todas las Habilidades!		Ottenuto ogni abilità!	Coletou todas as habilidades.	¡Prueba de que obtuviste todas las habilidades!	Hat jeden Skill erhalten.	Zdobyto każdy Talent!	獲得所有技能！	Tüm becerileri elde ettim!		Получены все навыки!
spb_hint_ch15_2	Obtain every skill...		スキルを全てゲットする…			Ottieni ogni abilità...	Colete todas as habilidades...	Obtén todas las habilidades... 	Erhalte jeden Skill...	Zdobądż każdy Talent...		Tüm becerileri elde et...		Получите все навыки...
spb_desc_ch15_3	Collected every Fire Soul!		ファイヤーソウルを全てゲットした証！	¡Obtuviste todas las Almas Ígneas!		Collezzionato ogni Anima di Fuoco!	Coletou todas as Almas de Fogo.	¡Prueba de que obtuviste todas las Almas de fuego!	Hat jede Feuerseele erhalten.	Zdobyto każdą Ognistą Duszę!	獲得所有焰魂！	Tüm Ateş Ruhlarını elde ettim!		Собраны все души огня!
spb_hint_ch15_3	Collect every Fire Soul...		ファイヤーソウルを全てゲットする…			Collezziona ogni Anima di Fuoco...	Colete todas as Almas de Fogo...	Obtén todas las Almas de fuego... 	Erhalte jede Feuerseele...	Zdobądż każdą Ognistą Duszę...		Tüm Ateş Ruhlarını elde et...		Соберите все души огня...
spb_desc_ch15_4	Obtained every Gold Medal in Adventure Mode!		アドベンチャーモードでゴールドメダルを全てゲットした証！	¡Obtuviste una Medalla de Oro en todas las Misiones!		Ottenuto ogni Medaglia d'Oro!	Coletou todas as Medalhas de Ouro.	¡Prueba de que obtuviste todas las Medallas doradas!	Hat jede Goldmedaille erhalten	Zdobyto każdy Złoty Medal!	獲得所有金牌！	Tüm Altın Madalyaları aldım!		Получены все золотые медали!
spb_hint_ch15_4	Obtain every Gold Medal in Adventure Mode...		アドベンチャーモードでゴールドメダルを全てゲットする…			Ottieni ogni Medaglia d'Oro	Colete todas as Medalhas de Ouro...	Obtén todas las Medallas doradas... 	Erhalte jede Goldmedaille...	Zdobądż każdy Złoty Medal...		Tüm Altın Madalyaları al...		Получите все золотые медали...
spb_desc_ch15_5	Played for 24 hours!		プレイ時間が２４時間超えた証！	¡Llegaste a las 24 horas de tiempo de juego!		Giocato per 24 ore!	Jogou por 24 horas.	¡Prueba de que jugaste por 24 horas!	Hat für 24 Stunden gespielt.	Przegrano 24 godziny!	遊玩時間超過 24 小時！	24 saat oynadım! 		Наиграно в игре более 24 часов!
spb_hint_ch15_5	Play for 24 hours...		２４時間プレイする…			Gioca per 24 ore...	Jogue por 24 horas...	Juega por 24 horas... 	Spiele für 24 Stunden...	Graj przez 24 godziny...		24 saat oyna...		Играйте в игру более 24 часов...
spb_desc_ch15_6	Played party games 200 times.			¡Jugaste a minijuegos un total de 200 veces!		Giocato la modalità Party 200 volte!	Jogou Minigames 200 vezes	¡Prueba de que jugaste juegos de fiesta 200 veces!	Hat 200-mal Party-Spiele gespielt.	Zagrano w gry imprezowe 200 razy!	遊玩 200 次派對遊戲！	200 kez parti oyunları oynadım.		Сыграйте 200 раз в игры в режиме """Вечеринка""".
spb_hint_ch15_6								Juega juegos de fiesta 200 veces... 	Spiele 200-mal Party-Spiele...	Zagraj w gry imprezowe 200 razy...				
spb_desc_ch15_7	Earned by playing attractions a total of 35 times.			¡Jugaste a las atracciones un total de 35 veces!		Ottenibile giocando con le attrazzioni 35 volte in totale.	Obtido por jogar atrações 35 vezes.	¡Prueba de que jugaste en las atracciones 35 veces!	Erhalten, indem man 35-mal Attraktionen gespielt hat.	Zagrano w atrakcje łącznie 35 razy!	遊玩 35 次遊樂設施！	Toplam 35 kez eğlence oyunları oynayarak kazandım.		Сыграйте в аттракционы 35 раз.
spb_hint_ch15_7								Juega en las atracciones 35 veces... 	Spiele 35-mal Attraktionen...	Zagraj w atrakcję łącznie 35 razy...				
spb_desc_ch15_8	Earned by winning World Bazaar a total of 7 times.			¡Ganaste en el Bazar Internacional un total de 7 veces!		Ottenibile se vinci nel Mondo Bazaar 7 volte in totale.	Ganhou 7 vezes no Bazar Mundial.	¡Prueba de ganar en el Bazar internacional 7 veces!	Erhalten, indem man 7-mal im World Bazaar gewonnen hat.	Wygrano Światowy Bazar łącznie 7 razy!	在 世界市集 中獲得 7 次優勝！	Dünya Çarşısı'nı toplam 7 kez kazanarak kazandım.		Выиграйте 7 раз в играх в Мировом базаре.
spb_hint_ch15_8								Gana en el Bazar internacional 7 veces... 	Gewinne 7-mal im World Bazaar...	Wygraj Światowy Bazar łącznie 7 razy...				
spb_desc_ch15_9	Earned by winning Tournament Palace a total of 7 times.			¡Ganaste en el Palacio de los Torneos un total de 7 veces!		Ottenibile se vinci nel Torneo del Palazzo 7 volte in totale.	Ganhou 7 vezes no Palácio do Torneio.	¡Prueba de ganar en el Palacio de los torneos 7 veces!	Erhalten, indem man 7-mal im Tournament Palace gewonnen hat.	Wygrano Pałac Turniejowy łącznie 7 razy!	在 競技宮殿 中獲得 7 次優勝！	Turnuva Sarayı'nı toplam 7 kez kazanarak kazandım.		Выиграйте 7 раз в играх в Турнирном дворце.
spb_hint_ch15_9								Gana en el Palacio de los torneos 7 veces... 	Gewinne 7-mal im Tournament Palace...	Wygraj Pałac Turniejowy łącznie 7 razy...				
spb_desc_ch15_10	Earned by winning at Pirates Coast a total of 7 times.			¡Ganaste en la Costa Pirata un total de 7 veces!		Ottenibile se vinci nella Costa dei Pirati 7 volte in totale.	Ganhou 7 vezes na Costa dos Piratas.	¡Prueba de ganar en la Costa pirata 7 veces!	Erhalten, indem man 7-mal bei Pirates Coast gewonnen hat.	Wygrano na Pirackim Wybrzeżu łącznie 7 razy!	在 海盜之岸 中獲得 7 次優勝！	"""Korsan"""\nKorsan Sahili'nde toplam 7 kez kazanarak kazanılır!		Выиграйте 7 раз в играх в Пиратском шторме.
spb_hint_ch15_10								Gana en la Costa pirata 7 veces... 	Gewinne 7-mal bei Pirates Coast...	Wygraj na Pirackim wybrzeżu łącznie 7 razy...				
spb_desc_ch15_11	Earned by winning at Genie's Lair a total of 7 times.			¡Ganaste en la Guarida del Genio un total de 7 veces!		Ottenibile se vinci nella Dimora del Genio 7 volte in totale.	Ganhou 7 vezes no Covil dos Gênios.	¡Prueba de ganar en la Guarida del genio 7 veces!	Erhalten, indem man 7-mal bei Genie's Lair gewonnen hat.	Wygrano na Legowisku Dżina łącznie 7 razy!	在 精靈魔穴 中獲得 7 次優勝！	Cinlerin İni'nde toplam 7 kez kazanarak kazandım.		Выиграйте 7 раз в играх в Логове джиннов.
spb_hint_ch15_11								Gana en la Guarida del genio 7 veces... 	Gewinne 7-mal bei Genie's Lair...	Wygraj na Legowisku Dżina łącznie 7 razy...				
spb_desc_ch15_12	Earned by winning at Treasure Hunt a total of 7 times.			¡Ganaste en la Búsqueda del Tesoro un total de 7 veces!		Ottenibile se vinci nella Caccia al Tesoro 7 volte in totale.	Ganhou 7 vezes na Caça ao Tesouro.	¡Prueba de ganar la Búsqueda del tesoro 7 veces!	Erhalten, indem man 7-mal bei Treasure Hunt gewonnen hat.	Wygrano w Poszukiwaniu Skarbów łącznie 7 razy!	在 寶藏狩獵 中獲得 7 次優勝！	"""Kaşif"""\nHazine Avı'nda toplam 7 kez kazanarak kazanılır!		Выиграйте 7 раз в играх в Охоте за сокровищами.
spb_hint_ch15_12								Gana en la Búsqueda del tesoro 7 veces... 	Gewinne 7-mal bei Treasure Hunt...	Wygraj w Poszukiwaniu Skarbów łącznie 7 razy...				
spb_desc_ch15_13	Earned by getting #1 in party games a total of 120 times.			¡Quedaste de primero en los minijuegos un total de 120 veces!		Ottenibile arrivando 1° nei giochi party 120 volte in totale.	Conseguiu terminar em primeiro nos minigames 120 vezes.	¡Prueba de ganar en los juegos de fiesta 120 veces!	Erhalten, indem man 120-mal den ersten Platz in Party-Spielen gewonnen hat.	Zdobyto pierwsze miejsce w grach imprezowych łącznie 120 razy!	在派對遊戲中獲得 120 次第一名！	Parti oyunlarında toplam 120 kez 1. olarak kazandım.		Займите первое место в играх в режиме """Вечеринка""" 120 раз.
spb_hint_ch15_13								Gana en los juegos de fiesta 120 veces... 	Gewinne 120-mal den ersten Platz in Party-Spielen...	Zdobądż pierwsze miejsce w grach imprezowych łącznie 120 razy...				
spb_desc_ch15_14	Earned by using Sonic a total of 30 times.			¡Escogiste a Sonic en los minijuegos un total de 30 veces!		Ottenibile se usi Sonic 30 volte in totale.	Usou Sonic 30 vezes.	¡Prueba de que jugaste con Sonic 30 veces!	Erhalten, indem man Sonic 30-mal gespielt hat.	Użyto Sonica łącznie 30 razy!	使用索尼克 30 次！	Sonic'i toplam 30 kez kullanarak kazandım!		Выберите Соника 30 раз.
spb_hint_ch15_14								Juega con Sonic 30 veces... 	Spiele 30-mal als Sonic...	Użyj Sonica łącznie 30 razy...				
spb_desc_ch15_15	Earned by beating every record in Time Attack Mode.			¡Obtuviste todos los logros!		Ottenibile se batti ogni record nella modalità Sfida a Tempo.	Conseguiu superar todos os recordes no modo Contra o Tempo.	¡Prueba de romper todos los récords del modo contrarreloj!	Erhalten, indem man jeden Rekord in Zeit-Angriff gebrochen hat.	Pokonano każdy rekord w Trybie Ataku Czasowego!	在所有項目創造新成績！	Her rekoru kırarak kazandım.		Обновите все рекорды.
spb_hint_ch15_15	Beat every record in Time Attack Mode...					Batti ogni record nella modalità Sfida a Tempo...	Supere todos os recordes no modo Contra o Tempo.	Rompe todos los récords del modo contrarreloj...	Breche jeden Rekord in Zeit-Angriff...	Pokonaj każdy rekord w Trybie Ataku Czasowego...		Zaman Hücumu Modundaki her rekoru kır...		Побейте все рекорды в режиме ""Забег на время""...
														
spb_desc_ch16_1	A fairy told me, """So you're the blue hedgehog.""" I've ended up somewhere strange. Where is this place...?		しらない妖精さんが「あなたが　あおいはりねずみね」ってぼくをこんなトコにつれてきたんだ\nフシギなトコだなぁ\n…で、ここはどこ？	Un hada me dijo, """Así que tú eres el erizo azul""". He acabado en un sitio extraño... ¿Dónde estoy?		Una fata mi ha detto, """Quindi sei tu il riccio blu.""" Sono finito in un posto strano. Dove mi trovo...?	Uma fada me disse, “"Então você é o ouriço azul."” E então vim parar em um lugar estranho. Que lugar é esse...?	Un hada desconocida me trajo acá y me preguntó\n"""Eres el erizo azul, ¿verdad?"""\nQué lugar tan extraño. ¿Dónde estoy...?	Eine Fee sagte mir """Du bist also der blaue Igel""". Dies ist ein seltsamer Ort. Wo bin ich...?	Wróżka powiedziała mi """Więc ty jesteś niebieskim jeżem.""" Znalazłem się w jakimś dziwnym miejscu. Gdzie to jest?	有位仙子告訴我「所以你就是那位藍色刺蝟。」然後我就到了一個奇怪的地方。這裡是哪裡…？	BIG’İN SEYAHAT GÜNLÜĞÜ 1\nBir peri bana, “Demek sen mavi kirpisin,” dedi. Kendimi garip bir yerde buldum. Burası neresi...?		Незнакомая фея сказала """Это ты, синий ёж?""" и привела меня сюда. Необычное место... ...а где это я?
spb_desc_ch16_2	I've come to a beautiful oasis. It's so clear I can see everything, but it seems like there are no fish.		きれいなみずのオアシスにきたよ\nすきとおっててよくみえるけどおさかないるかなぁ	Llegué hasta un precioso oasis. El agua es tan clara que se ve todo a través, pero parece que no hay peces...		Sono arrivato a un'oasi meravigliosa. È così chiara che posso vedere tutto, ma non sembrano esserci pesci.	Cheguei a um belo oásis. A água é tão cristalina que consigo ver tudo, mas pelo visto não há peixes.	Llegué a un hermoso oasis de agua.\nEs cristalina, se ve a través de ella,\npero me pregunto si hay peces.	Ich bin in einer traumhaften Oase. Das Wasser ist glasklar, aber Fische scheint es keine zu geben.	Przybyłem do pięknej oazy. Jest tak czysta że wszystko widzę, ale wygląda na to, że nie ma rybek.	我來到一座美麗的沙漠綠洲。這裡的水清澈地可以看見所有東西，但就是看不見任何魚隻。	BIG’İN SEYAHAT GÜNLÜĞÜ 2\nGüzel bir vahaya geldim. Suyu o kadar berrak ki her şeyi görebiliyorum, ama galiba hiç balık yok		Я попал в оазис с чистой водой. Прозрачный, всё видно, но есть ли тут рыба?..
spb_desc_ch16_3	I was fishing and I saw Froggy's friend swimming. It looks like fun. I think I'll swim too!		おさかな釣ってたらかえるくんのともだちがおよいでいたよ\nきもちよさそう\n ぼくもいっしょにおよいじゃうぞぉ	Estaba pescando y vi a un amigo de Froggy nadando. Parece divertido... ¡A lo mejor me doy yo también un chapuzón!		Stavo pescando e ho visto l'amico di Froggy che nuotava. Sembra divertente. Penso che proverò a nuotare anch'io!	Eu estava pescando e vi o amigo do Froggy nadando. Parece divertido. Acho que eu também vou nadar!	Mientras pescaba, el amigo de Froggy nadaba cerca.\nParecía tan cómodo.\n¡Yo también voy a nadar con él!	Ich war Angeln und sah, wie Froggys Freund geschwommen ist. Sah aus, als würde es Spaß machen!	Łowiłem i widziałem jak kolega Froggiego pływa. Wygląda fajnie. Też popływam!	我在釣魚，然後我看見小蛙蛙的朋友在游泳。看樣子很好玩呢。我也想去游！	BIG’İN SEYAHAT GÜNLÜĞÜ 3\nBalık tutuyordum ve Froggy’nin bir arkadaşının yüzdüğünü gördüm. Epey eğlenceli görünüyor. Sanırım ben de biraz yüzeceğim!		Пока ловил рыбу, тут плавали друзья Лягушика. Им было так весело, и я решил поплавать вместе с ними!
spb_desc_ch16_4	Well, there weren't any fish. Not one. Monsters must have eaten them. That's not good...		う～ん、おさかながぜんぜんいないよう\nきっとかいじゅうさんがたべちゃったんだな\nくいしんぼうはこまるんだな～	Vaya, no había ningún pez... Ni uno. Deben de habérselos comido unos monstruos. Qué mal...		Beh, non c'era nessun pesce. Neanche uno. I mostri li avranno mangiati. Così proprio non va...	Bem, não havia nenhum peixe. Nem um sequer. Os monstros devem tê-los comido. Isso não é bom...	Mmm, parece que no hay ningún pez.\nSupongo que los monstruos se los comieron todos.\nLos glotones son un fastidio, ¿no?	Es gab keinen einzigen Fisch. Sie wurden sicher von Monstern gefressen. Gar nicht gut...	Cóż, nie ma żadnych ryb. Ani jednej. Potwory musiały je wszystkie zjeść. To nie dobrze...	這裡沒有魚，一隻都沒有。他們肯定是被怪物們吃掉了。這下不妙了…。	BIG’İN SEYAHAT GÜNLÜĞÜ 4\nHiç balık yoktu. Bir tane bile.Canavarlar hepsini yemiş olmalı. Bu hiç iyi değil…		Хмм, рыбы здесь совсем нет. Наверняка, её съел какой-то монстр. Какие обжоры тут обитают, ужас...
spb_desc_ch16_5	What...? I was chased all the way by a giant lizard! Which way did I come from...?		あれ～？\nおっきなとかげにおいかけられてこんなとこまで\nきちゃったよ～\nどっちからきたんだっけ～？	¿Pero qué...? ¡Me persiguió hasta aquí un lagarto gigante! ¿Y yo por dónde vine...?		Cosa...? Sono stato inseguito da tutto il tempo da una lucertola gigante! Da che parte sono arrivato...?	O quê...? Fui perseguido o tempo todo por um lagarto gigante! De que lado eu vim mesmo...?	¿Eh?\n¡Un lagarto enorme me persiguió hasta aquí!\n¿Por dónde vine?	Was...? Eine riesige Eidechse hat tmich gejagt! Aus welcher Richtung kam ich doch gleich?	Co...? Całą tą drogę byłem goniony przez gigantyczną jaszczurkę! Z której strony przyszedłem...?	什麼…？我被一隻大蜥蜴一路追到這裡！我是從哪條路過來了…？	BIG’İN SEYAHAT GÜNLÜĞÜ 5\nNe…? Kocaman bir kertenkele beni yol boyunca kovaladı! Hangi taraftan gelmiştim…?		М? За мной гналась огромная ящерица и в итоге я оказался тут. Откуда я пришёл?
spb_desc_ch16_6	It's a little hot, but it seems like a good place to fish. Come out, come out, little fish!		ちょっとあついけどここはすごいのが釣れちゃうヨカンがするぞう～\nでてこい　でてこいおさかなさん～	Hace algo de calor, pero este parece un buen lugar para pescar. ¡Venid, venid, pececillos!		È un pò caldo, però mi sembra un buon posto per pescare. Venite fuori, venite fuori, pesciolini!	Está um pouco quente, mas parece ser um bom lugar para pescar. Apareçam, apareçam, peixinhos!	Hace un poco de calor, pero tengo la sensación\nde que aquí pescaremos algo increíble.\n¡Vengan, vengan, pececitos!	Es ist sehr heiß, aber dies scheint ein guter Angelplatz zu sein. Kommt, Fischchen, kommt!	Jest trochę gorąco, ale to wygląda na dobre miejsce, żeby sobie połowić. Pokażcie się, pokażcie, małe rybki!	這裡有點熱，但看樣子是個釣魚的好地方呢。來吧來吧，小魚兒！	BIG’İN SEYAHAT GÜNLÜĞÜ 6\nBiraz sıcak ama balık tutmak için güzel bir yer gibi görünüyor.Hadi bakalım küçük balıklar, ortaya çıkın!		Здесь жарковато, но чувствую, что смогу поймать что-то крупное! Ловись, рыбка, большая и маленькая!
spb_desc_ch16_7	Uh-oh! That's not a fish! Sorry...!		わわわっ\nこれはおさかなじゃないんだな～\nごめんなさい～	¡Ups! ¡Eso no era un pez! ¡Perdón...!		Uh-oh! Quello non è un pesce! Scusa...!	Ih, não! Isso não é um peixe! Desculpinha...!	¡Guaa...!\n¡Ese no es un pez!\nPerdón...	Oh je! Das sind ja gar keine Fische! Pardon...!	O-oh. To nie jest ryba! Przepraszam...!	糟了！那不是魚！對不起啦…！	BIG’İN SEYAHAT GÜNLÜĞÜ 7\nAman Tanrım! Bu bir balık değil! Üzgünüm...!		Ой-ой-ой. Это же совсем не рыба... Извините!
spb_desc_ch16_8	W-What's this? I've been carried here by the wind! Somebody help! Actually, this feels pretty good.		あれれ～\nかぜにとばされてひっかかっちゃたよ\nだれかたすけて～\nでもなんだかちょっといいきぶん	¿Q-qué ha pasado? ¡Me ha llevado hasta aquí el viento! ¡Socorro...! Pues en verdad, no se está tan mal.		C-cos'è successo? Sono stato trasportato qui dal vento! Qualcuno mi aiuti! Anzi, è una sensazione piacevole.	Q-Que é isso? Fui levado até aqui pelo vento! Alguém me ajude! Na verdade, isso até que é bom.	¿Pero qué...?\nEl viento me voló y me quedé aquí.\Alguien ayúdeme.\nAunque creo que me siento mejor.	Was ist denn nun los? Der Wind hat mich hergeweht! Hilfe! Obwohl, es ist gar nicht so übel.	C-co to? Wiatr mnie tu przywiał! Niech ktoś mi pomoże! W sumie to całkiem fajne uczucie.	怎麼回事？我被風吹到這裡了！誰來救救我啊！不過老實說，這樣還蠻舒服的。	BIG’İN SEYAHAT GÜNLÜĞÜ 8\nN-Bu ne? Rüzgar beni buraya sürükledi! Biri yardım etsin! Aslında bu oldukça iyi hissettiriyor.		Вот это да! Меня сдуло ветром и я зацепился! Кто-нибудь, спасите! Но знаете, мне это даже нравится.
spb_desc_ch16_9	I got in line...but I don't seem to be fitting in. Maybe I need to sit differently?		ぼくもいっしょにならんでみたよ～\nでもなかなか羽がはえないな～\nすわりかたがちがうのかな～？	Me puse en fila... pero no parezco encajar; ¿A lo mejor debería sentarme de otra manera?		Mi sono messo in fila, ma non sembra che io ci stia. Forse devo sedermi in un altro modo?	Entrei na fila... mas parece que não estou encaixando direito. Será que eu preciso me sentar de outro jeito?	Intente sentarme a su lado...\nPero no me crecen alas...\n¿Será que estoy en mala posición?	Ich habe mich auch angestellt, aber mir wachsen keine Flügel. Vielleicht sitze ich falsch...	Stanąłem w kolejce... ale chyba tutaj się nie mieszcze. Może muszę inaczej usiąść?	我排好隊了…但總覺得自己不太合群。我是不是該換個坐姿？	BIG’İN SEYAHAT GÜNLÜĞÜ 9\nSıraya girdim... ama uyum sağlayamıyorum. Belki de farklı oturmam gerekiyor?		Я тоже решил так сесть! Но у меня почему-то не появились крылья... Может, я сижу как-то не так?
spb_desc_ch16_10	Whoa! Climbing up here was fun and all, but now how do I get down...?		うわ～い！\nのぼったのはいいけれどどうやったらここからおりられるのかな～	¡Hala! Escalar hasta aquí arriba fue divertido y tal, pero ¿ahora cómo bajo...?		Whoa! Arrampicarmi fino a qui su era divertente, si, ma ora come scendo?	Uau! Subir aqui até que foi divertido e tals, mas agora como eu vou descer...?	¡Guau...!\nPude subir acá, ¿pero ahora cómo bajaré de aquí?	Hui! Der Aufstieg war ja toll, aber wie komme ich jetzt wieder runter?!	Łał! Wspinanie się tutaj było fajne i w ogóle, ale jak mam stąd zejść...?	哇喔！爬上來是很好玩啦，但我現在要怎麼下去…？	BIG’İN SEYAHAT GÜNLÜĞÜ 10\nWhoa! Buraya tırmanmak çok eğlenceliydi, ama şimdi aşağı nasıl ineceğim...?		Вау! Я смог сюда забраться, но вот как я буду отсюда слезать?
spb_desc_ch16_11	Whoa! This'll be my hideout. I won't tell anyone, except for maybe Froggy...		うわ～い！\nだぁ～れもいないぼくのひみつきち！\nだれにもナイショさ\nだけどカエルくんにはおしえなきゃ～	¡Guau! Este será mi escondite. No se lo enseñaré a nadie, excepto quizás a Froggy...		Whoa! Questo sarà il mio nascondiglio. Non lo dirò a nessuno, tranne forse a Froggy.	Uau! Esse será o meu esconderijo. Não vou contar para ninguém, talvez só para o Froggy...	¡Guau!\n¡Mi escondite privado!\nEs un secreto para todos...\nAunque tengo que decirle a Froggy.	Nicht schlecht! Das wird mein Versteck. Ich sag's keinem weiter, außer vielleicht Froggy.	Łał! To będzie moja kryjówka. Nikomu nie powiem, może oprócz Froggiemu.	哇喔！這裡就是我以後的秘密基地啦！我不會告訴任何人，除了小蛙蛙吧…	BIG’İN SEYAHAT GÜNLÜĞÜ 11\nWhoa! Burası benim saklanma yerim olacak. Kimseye söylemeyeceğim, belki Froggy hariç...		Ура! Никого нет! Это моя тайная база! Никому не рассказывайте! Разве что только лягушику...
spb_desc_ch16_12	I befriended the old skeleton. He said he used to be a huge fish. That's amazing!		骨のおじさんとおともだちになったよ\nむかしは　おおきなおさかなだったんだって～\nすごいんだなぁ～	Hice buenas migas con este viejo esqueleto. Me contó que fue antaño un gran pez. ¡Qué pasada!		Ho fatto amicizia con quel vecchio scheletro. Ha detto che un tempo era un grande pesce. È fantastico!	Fiz amizade com o velho esqueleto. Ele disse que costumava ser um peixe enorme. Que incrível!	Me hice amigo del señor Huesos.\nParece que alguna vez fue un gran pez.\nQué genial.	Ich habe mich mit einem alten Skelett angefreundet. Es war früher ein großer Fisch. Toll!	Zaprzyjażniłem się ze starym szkieletem. Mówił że kiedyś był dużą rybą. To niesamowite!	我和一位老骷髏頭變成朋友了。他說他以前是一隻巨大的魚欸。好厲害喔！	BIG’İN SEYAHAT GÜNLÜĞÜ 12\nYaşlı iskeletle arkadaş oldum. Eskiden kocaman bir balık olduğunu söyledi. Harika!		Я подружился с дяденькой из костей. Говорит, что раньше он был большой рыбой... Так круто!
spb_desc_ch16_13	Before the old skeleton turned to bone, he was a colorful fish who could sing too! I wish I could have caught him.		骨のおじさんが骨になる前はきれいなおさかなでおうたもじょうずにうたったんだって\n ぼくおじさんを釣ってみたかったな	¡Antes de convertirse en un puñado de huesos, el viejo esqueleto era un colorido pez que podía cantar! Ojalá hubiese podido pescarlo.		Prima che il vecchio scheletro diventasse solo ossa, era un pesce molto colorato che poteva anche cantare! Vorrei averlo potuto catturare.	Antes de o velho esqueleto se transformar em ossos, ele era um peixe colorido que também sabia cantar! Queria poder tê-lo pescado.	Antes de que el señor Huesos se volviera un esqueleto, era un hermoso pez que cantaba maravillosamente.\nOjalá hubiera podido pescarlo.	Das alte Skelett war einst ein bunter Fisch, der sogar singen konnte! Hätte ich ihn doch geangelt!	Zanim stary szkielet zamienił się w kośći, był kolorową rybą która potrafiła śpiewać! Fajnie by było go takiego złapać.	老骷髏頭以前還在魚世間時，他曾是一隻會歌唱的彩色魚呢！我好希望能釣到他喔。	BIG’İN SEYAHAT GÜNLÜĞÜ 13\nYaşlı iskelet kemiğe dönüşmeden önce, şarkı söyleyebilen rengarenk bir balıktı! Keşke onu yakalayabilseydim.		Дяденька из костей перед тем, как стать таким, был красивой рыбой и умел петь. Вот бы я тогда поймал его...
spb_desc_ch16_14	I've come all the way to the Milky Way...I heard this is where I can find Pisces. I'd like to meet him.		あまのがわにきちゃった～\nここには「ウオザ」っていうおさかながいるってきいたんだ～\nはやくあいたいな～	He llegado hasta la Vía Láctea... Dicen que aquí puedo encontrar a Piscis. Me gustaría conocerlo.		Sono arrivato fino alla Via Lattea... Ho sentito che qui è dove posso trovare "Piscis". Mi piacerebbe incontrarlo	Cheguei até a Via Láctea... Ouvi dizer que é aqui que posso encontrar o Peixes. Gostaria de conhecê-lo.	Llegué a la Vía Láctea.\nEscuché que aquí hay un pez llamado "Piscis".\nEstoy ansioso por conocerlo.	Ich bin auf der Milchstraße... Hier soll es das Sternbild Fische geben. Ich freu mich schon!	Przybyłem całą drogę aż do Drogi Mlecznej... Słyszałem, że tutaj mogę znależć Rybę. Chciałbym ją poznać.	我一路來到了銀河系…我聽說這裡是可以找到雙魚座的地方。我想去見見他。	BIG’İN SEYAHAT GÜNLÜĞÜ 14\nSamanyolu'na kadar geldim... Balık burcunu burada bulabileceğimi duydum. Onunla tanışmak isterim.		Я оказался на Млечном Пути! Говорят, что здесь есть """Рыбы""". Вот бы мне посмотреть на этих рыб...
spb_desc_ch16_15	When I look up at the sky, I miss Froggy. I've got to go now. Wait for me, Froggy!		おそらをみていたらなんだかかえるくんを思いだしちゃったぞ\nもうかえらなきゃ～\nかえるく～んまっててね～	Cuando miro al cielo, hecho en falta a Froggy. Ahora debo marcharme. ¡Espera por mí, Froggy!		Quando guardo il cielo, mi manca Froggy. Devo andare ora. Aspettami, Froggy!	Quando olho para o céu, sinto falta do Froggy. Preciso ir agora. Espere por mim, Froggy!	Mirar al cielo de alguna manera me hizo pensar en ti, Froggy.\n¡Debo irme ya!\nFroggy, espérame.	Wenn ich mir den Himmel ansehe, fehlt mir Froggy sehr. Ich muss los. Warte auf mich, Froggy!	Kiedy patrze w niebo, tęsknie za Froggym. Muszę już iść. Czekaj na mnie, Froggy!	當我抬頭望向天空時，我就好想念小蛙蛙。我得走了。等等我啊，小蛙蛙！	BIG’İN SEYAHAT GÜNLÜĞÜ 15\nGökyüzüne baktığımda Froggy'yi özlüyorum. Şimdi gitmeliyim. Beni bekle, Froggy!		Пока смотрел на небо, вспомнил Лягушика. Мне уже пора обратно... Лягушик, жди меня!
														
														
														
event01_name	The World of the Book	The Legend to Save the Arabian Nights Begins.	アラビアンナイトを救う伝説のはじまり	El Mundo del Libro		La Leggenda per Salvare le Mille e Una Notte Inizia.	O Mundo do Livro	Comienza la leyenda para salvar\n"""Las mil y una noches"""	Die Welt des Buches	Świat Książki	世界之書	Kitap Dünyası		Мир книги """Тысяча и одна ночь"""
event01_1	ZZZ...		ＺＺＺ…	¡Zzz...!		Zzz...	Zzz...	Zzz...	ZZZ...	ZZZ...	ZZZ…	ZZZ…		Хрр... Хрр...
event01_2	Um...		あの…	Disculpa...		Uhm...	Hmm...	Disculpa...	Ähm...	Em...	嗚…	Um...		Эм...
event01_3	ZZZ...		ＺＺＺ…	¡Zzz... !		Zzz...	Zzz...	Zzz...	ZZZ...	ZZZ...	ZZZ…	ZZZ…		Хрр... Хрр...
event01_4	Hmph!	Come on...	もう…	Lo que hay que ver...		Hmph!	Hum!	¡Ash!	Hmpf!	Hpmf!	哼！	Hmph! 		Ох...
event01_5	Hey, wake up!		ねぇ　おきて	¡Oye!, ¡despierta!		Hey, svegliati!	Ei, acorde!	¡Oye, despierta!	Hey, wach auf!	Hej, obudż się!	嘿，醒來啊！	Hey, uyan!		А ну просыпайся!
event01_6	Yaaaaawwn! Boy, is it that late\nalready? What time is it?	Yaaaaawwn! Is it that late already?\nWhat time is it?	ふぁあああ…　もうこんな時間か\nいま何時だ？	¡Uaaaaa! ¡Vaya! Me he pasado\ndurmiendo... ¿Qué hora es?		Yaaaaawn! Mamma, è già così tardi? Che ora è?	Ããããaaaah! Mano, já tá tão tarde assim?\nQue horas são?	*bostezo* ¿Oh, ya anocheció? ¿Qué hora es?	Gääähn! Junge, wer hat denn an der Uhr\ngedreht? Wie spät ist es eigentlich?	(Ziewanie) O chłopie, już tak póżno?\nKtóra to godzina?	哈啊啊啊！哇已經這麼晚啦？現在幾點了？	Yaaaaawwn! Dostum, bu kadar\n geç mi oldu? Saat kaç?		Уаааа! Неужели пора вставать?\nСколько там времени?
event01_7	Huh?	Hm?	ん！？	¿Eh?		Huh?	Hã?	¿Mmm?	Huh?!	Hę?	嗯？	Huh?		М?
event01_8	You are the blue hedgehog.	You must be the blue hedgehog.	あなたが　青いハリネズミさんね	Así que tú eres el erizo azul...		Tu sei il riccio blu!	Você é o ouriço azul.	Eres ese erizo azul, ¿no?	Du bist der blaue Igel.	Ty jesteś tym niebieskim jeżem.	你就是那位藍色刺蝟。	Sen mavi kirpisin.		Это же ты - синий ёж?
event01_9	Ahh...What the...!	Whoaaaa!	ウァアアアアーオ！！	¡Aaah!		Ahh... Ma cosa...!	Ah! Mas que...!	¡Guau...!	Uaah! Was zur...?!	Uaah!... Co do...!	啊… 什麼…！	Ahh... Bu da ne...!		Аааааа!!
event01_10	Do not be alarmed!\nI am Shahra, the Genie of the Ring.	Do not be frightened!\nI am Shahra, the Genie of the Ring.	そんなに　おどろかないで！\n私はリングの精『シャーラ』	¡No tengas miedo!\nYo soy Shara, la Genio del Anillo.		Non essere allarmato!\nIo sono Shahra, Genio dell'Anello.	Não se assuste! Me chamo Shahra,\na Gênia do Anel.	¡No te asustes! Soy el espíritu del anillo, Shahra.	N-nur die Ruhe! Ich bin Shahra,\nder Dschinni des Rings.	Nie masz się czego bać! Jestem Shahra,\nDżiną Pierścienia.	別被嚇到了！\n我是戒指精靈，夏拉。	Korkma!\nBen Yüzük Cini Shahra.		Не стоит так пугаться.\nЯ джинния, Шахра.
event01_11	...You know,\nlike """Aladdin and the Magic Lamp"""...?		…というか\n「アラジンと魔法のランプ」は…？	Una Genio como el de\nAladín y la lámpara mágica, ¿sabes?		...Sai, come\n """Aladdin e la Lampada Magica"""...?	...Sabe, tipo\n"""Aladdin e a Lâmpada Maravilhosa"""...?	Ya sabes... la de """Aladino y la lámpara maravillosa""".	Du weißt schon, wie in\n"""Aladin und die Wunderlampe"""?	... Wiesz, w sensie, że z\n"""Alladyn i Magiczna Lampa"""...?	…呃\n就像是「阿拉丁神燈」那樣的精靈？	...Bilirsin, """Alaaddin ve\nSihirli Lambası""" gibi...?		Ну, знаешь, \n"""Аладдин и волшебная лампа"""...
event01_12	Don't think I've read that.	I haven't read that yet.	まだ読んでない	Aún no me lo he leído.		Non penso di averlo letto.	Nunca nem li.	Aún no lo leo.	Nie gelesen.	Nie żebym to kiedyś przeczytał.	我還沒讀過那個故事。	Onu okuduğumu sanmıyorum.		А я ещё не читал.
event01_13	What?\nYou've got to be kidding me!	What? Will this be okay, I wonder...	えぇ～\nもう　大丈夫かなぁ…	¿¡Qué!?\nPues empezamos con buen pie...		Cosa?\n Mi stai prendendo in giro!	O quê?\nSó pode estar brincando!	¡¿Eh?! Ash, ¿cómo es posible?	Was? Das meinst du nicht ernst!	Że co?\nChyba Sobie żartujesz!	什麼？\n你在開玩笑吧！	Ne?\nŞaka yapıyor olmalısın!		Серьёзно? Уму не постижимо...
event01_14	It's the best story of all the Arabian\nNights! Or, at least the second best...	It's one of the most interesting\nstories of the Arabian Nights...	アラビアンナイトの中でも１・２を\nあらそう　おもしろさ…	¡Es una de las mejores historias de\nLas mil y una noches, y...!		È la migliore storia delle Mille e una Notte! O almeno, la seconda...	É a melhor história das Mil e uma Noites!\nOu, pelo menos a segunda melhor...	Es una de las historias más interesantes\nde """Las mil y una noches""".	Das ist die beste Geschichte in 1001 Nacht!\nOder zumindest die zweitbeste.	To najlepsza historia z wszystkich Arabskich Nocy!\nAlbo, przynajmniej druga najlepsza...	那可是天方夜譚裡最棒的故事！\n至少也是第二好的…	Binbir Gece Masalları'nın en iyi\nhikayesi! Ya da en azından ikinci en iyi...		Это же один из самых интересных рассказов\nв книге """Тысяча и одна ночь"""!
event01_15	...But that's besides the point.\nPlease, look at this!	...But anyway, please look at this!	ってそんな説明はともなく\nこれを見てください！	...Bueno, ahora eso es lo de menos;\n¡mira lo que está pasando aquí!		Ad ogni modo, per favore,\ndai un'occhiata a questo!	Mas isso não importa.\nPor favor, dê só uma olhada!	...bueno, eso da igual. ¡Sólo mira esto!	Doch ich schweife ab.\nBitte. Sieh dir das an.	... Ale mniejsza z tym.\nProszę, spójrz na to!	…那不是重點啦。\n請您看看這！	...Ama bu konunun dışında.\nLütfen, şuna bak!		Так, это потом обсудим. \nСмотри сюда!
event01_16	Hey, the page is blank!	The pages are blank!?	ページが　白紙になってるぜ！？	¿¡Las páginas están en blanco!?		Hey, la pagina è vuota!	Ei, a página tá em branco!	¡¿Las páginas están en blanco?!	Hey, die...\nDie Seite ist leer!	Hej, ta strona jest pusta!	嘿，這頁是空白的！	Hey, sayfa boş!		На страницах ничего... они пустые!
event01_17	Our world...		私たちの世界が…	Nuestro mundo,		Il nostro mondo...	Nosso mundo...	Nuestro mundo...	Unsere Welt...	Nasz świat...	我們的世界…	Dünyamız...		Наш мир...
event01_18	...The world of the Arabian Nights is vanishing.		アラビアンナイトの世界が\n消えされつつあるんです	el mundo de Las mil y una noches,\nse desvanece...		...Il mondo delle Mille e Una Notte, sta scomparendo.	...O mundo das Mil e uma Noites está desaparecendo.	...el mundo de """Las mil y una noches""" está siendo borrado.	...Die Welt von Tausendundeine Nacht löst sich auf.	... Świat Arabskich Nocy zanika.	…天方夜譚的世界正在逐漸消滅。	...Binbir Gece Masalları dünyası yok oluyor.		Мир """Тысячи и одной ночи""",\nмедленно исчезает.
event01_19	Vanishing? But how?	Vanishing? Why?	消される？　なぜ？	¿Se desvanece? ¿Por qué?		Scomparendo? Ma come?	Desaparecendo? Como?	¿Borrado? ¿Por qué?	Löst sich auf? Aber wie?	Zanika? Jak to?	逐漸消滅？怎麼會這樣？	Yok mu oluyor? Ama nasıl?		Исчезает? Почему?
event01_20	This is the work of an incredibly\nevil spirit...The Erazor Djinn.	That..is the work of an evil genie...Erazor Djinn.	それは…　あしきマジン…\n『イレイザー・ジン』のしわざです	Es obra de un malvado ser mágico... Erazor el Yinn.		Questa è opera di un genio\nincredibilmente malvagio... Erazor Djinn.	Isso é obra de um espírito maligno, o Erazor Djinn...	Es culpa... de un malvado majin.\nErazor, el Genio.	Dies ist das Werk eines unfassbar\nboshaften Geistes, des Erazor Djinns.	To robota niesamowicie\nzłego ducha... Erazora Dżina.	這都是一個非常邪惡的精靈… 伊萊薩害的。	Bu inanılmaz derecede kötü bir\nruhun eseridir... Erazor Cin.		Это... из-за злого духа...\nЭрейзор Джинн - так его зовут.
event01_21	Erazor...Djinn?		イレイザー…　ジン？	¿Erazor... el Yinn?		Erazor... Djinn?	Erazor...Djinn?	¿Erazor, el Genio?	Erazor... Djinn?	Erazora... Dżina?	伊… 萊薩？	Erazor...Djinn?		Эрейзор... Джинн?
event01_22	Yes.		そうです	Así es.		Si.	Sim.	Así es.	Ja.	Tak.	沒錯。	Evet.		Именно.
event01_23	He used his evil magic\nto become even more powerful.	He is a genie with powerful magical abilities.	カレは強力な魔力をもったマジン\nそれゆえに、自分の力をもてあまし	Es un genio que posee una\nmagia tan poderosa que		Ha usato la sua magia malefica\nper diventare ancora più potente.	Ele usou sua magia maligna\npara se tornar ainda mais forte.	Es un majin con poderosas habilidades mágicas.	Er bediente sich seiner dunklen Magie,\num noch mächtiger zu werden.	Użył swojej przeklętej magii\nby stać się jeszcze potężniejszym.	他利用了他的邪惡魔法使他變得更加強大。	Kötü büyüsünü kullanarak daha\nda güçlü hale geldi.		Он обладал огромной духовной силой,\nс которой тяжело совладать.
event01_24	He could not bear to simply\nremain in the book any longer.	He has so much power that he can\nno longer stand being stuck inside a book.	本の中に　とどまっていることに\nがまん　できなくなったんです	ya no soportaba estar atrapado\ncon ella dentro del libro.		Non riusciva più a sopportare\ndi stare in un libro.	Ele não está mais satisfeito em\nficar apenas dentro do livro.	Por eso, su propio poder lo abrumó y\nno pudo soportar seguir encerrado en el libro.	Er konnte seine bloße Existenz in\neinem Buch nicht länger erdulden.	Nie mógł już dłużej znieść\npozostawania w książce.	他無法忍受繼續被困在書中。	Artık kitabın içinde kalmaya\ndayanamıyordu.		Он не вынес своего заточения в книге.
event01_25	And so he has begun to\nset the inscriptions free,	He has begun harvesting the inscriptions,	カレは本の文字を刈りとり	En consecuencia, ha comenzado a arrancar		Così ha iniziato a liberare\ntutte le iscrizioni,	Então ele começou a libertar as inscrições,	Empezó a cosechar las letras del libro	Und so hat er begonnen,\ndie Inschriften freizusetzen,	Więc zaczął uwalniać inskrypcje.	所以他開始釋放書裡的文字，	Ve böylece yazıtları serbest\nbırakmaya başladı,		И тогда он начал стирать из неё буквы.
event01_26	Absorbing the power of\nthe book itself.	Absorbing the book's power.	本の力を吸収しばしめました	los caracteres del libro\npara absorber todo su poder.		Assorbendo il potere del libro in se.	e absorver o poder do livro.	y a absorber su poder.	und die Macht des Buches\nin sich aufzunehmen.	Pochłaniając moc samej książki.	並將書的力量占為己有	Kitabın kendi gücünü\nözümseyerek.		А потом поглощать её силу.
event01_27	The power of the book?	Absorbing the book's power...	本の力を吸収…	Absorber... el poder del libro...		Il potere del libro?	O poder do livro?	¿Absorbe el poder del libro?	Die Macht des Buches?	Moc książki?	書的力量？	Kitabın gücü?		Поглощать её силу...
event01_28	If our world ceases to exist,	If our world disappears...	このまま私たちの世界がなくなれば	Si nuestro mundo desaparece,\nno solo nunca más		Se il nostro mondo scompare..	Se o nosso mundo deixar de existir,	Si nuestro mundo desapareciera así,	Sollte unsere Welt wirklich vergehen,	Jeżeli nasz świat przestanie istnieć,	如果放任我們的世界消失殆盡，	Eğer dünyamız var olmaktan çıkarsa,		Если наш мир исчезнет,
event01_29	Then not only will those stories be silenced forever,	Then not only will these stories\nnever be read again,	もう二度と　この物語をよむことが\nできなくなるだけでなく	se podrán leer sus historias,\nsino que, además,		Allora non solo quelle storie verranno\nsilenziate per sempre,	não só as histórias sumirão para sempre,	no solo nunca más se podría volver a leer esta historia,	wären nicht nur ihre Geschichten\nfür immer verloren. Nein,...	Nie tylko te historie bedą wyciszone na zawsze.	不僅那些故事將被永遠抹煞，	O zaman bu hikayeler sonsuza dek susturulmakla kalmayacak,		мало того, что никто никогда\nбольше не прочтёт эти истории,
event01_30	But the Erazor Djinn will then be\nunleashed into your world.	But with the power he absorbs,\nhe will come to your world as well.	力を吸収したカレは　あなたのいる\nこの世界にもやってくるでしょう	Erazor se hará con el poder suficiente\npara viajar a tu mundo.		Ma Erazor Djinn verrà\nrilasciato dentro al tuo mondo.	mas o Erazor Djinn será invocado em seu mundo.	sino que él, habiendo absorbido su poder,\npodría venir a su mundo.	...das würde den Erazor Djinn\nsogar auf deine Welt loslassen.	Ale wtedy Erazor Dżin zostanie\nwypuszczony na twój świat.	伊萊薩也將被釋放到你的世界中。	Bu inanılmaz derecede kötü bir\nruhun eseridir... Erazor Cin.		но и он, поглотивший всю силу,\nзахочет стереть и другие миры.
event01_31	That definitely sounds like trouble.\nBut, what do you want me to do?	That definitely sounds like trouble.\nSo? What do you want me to do?	たしかにそいつは大変だ\nで？　オレにどうしてほしいんだ？	Pues vaya lío que se ha armado...\nVale, ¿qué quieres que haga?		Di sicuro non porta bene.\nQuindi, cosa vuoi che ci faccia io?	Isso realmente parece encrenca.\nMas o que você quer que eu faça?	Eso suena problemático.\nBien, ¿en qué puedo ayudar?	Dann sitzen wir aber wirklich in der Tinte...\nAber was soll ich dagegen tun?	To na pewno brzmi jak kłopoty.\nAle co ja mam z tym zrobićł?	聽起來是個問題呢。\n但你想要我怎麼做？	Bu kesinlikle sorun gibi görünüyor.\nPeki, benden ne yapmamı istiyorsun?		Да, звучит неприятно.\nНу так, что ты хочешь от меня?
event01_32	I want you to stop him...	I want you...	あなたには　カレを…	Quiero que tú...		Io voglio che tu lo fermi...	Eu quero que você o impeça...	Quiero que...	Ich möchte, dass du ihn aufhältst.	Chcę żebyś go powstrzymał.	我想要你阻止他…	Onu durdurmanı istiyorum...		Я хочу, чтобы ты...
event01_33	You must stop the Erazor Djinn.	...to stop Erazor Djinn.	イレイザー・ジンを\nとめて欲しいんです	...detengas a Erazor el Yinn.		Tu devi fermare Erazor Djinn.	Você precisa parar o Erazor Djinn.	...detengas a Erazor, el Genio.	Du musst dem Erazor Djinn Einhalt gebieten.	Ty musisz powstrzymać Erazora Dżina.	你必須阻止伊萊薩。	Erazor Cinini durdurmalısın.		Остановил Эрейзора Джинна.
event01_34	Only you, the blue hedgehog, can do it.	Only you, the """blue hedgehog,""" can do that.	それができるのは\n「青いハリネズミ」あなただけです	El único que puede hacerlo eres\ntú, el """erizo azul""".		Solo tu, il riccio blu, ci puoi riuscire.	Apenas você, o ouriço azul, é capaz.	Sólo tú, el erizo azul, puedes hacerlo.	Nur du, der blaue Igel, bist dazu in der Lage.	Tylko ty, niebieski jeż, może to zrobić.	藍色刺蝟，只有你才能辦到。	Bunu ancak sen, mavi kirpi, başarabilirsin.		Это под силу только Синему Ежу,\nто есть только тебе!
event01_35	Hmm.		フン	¡Hum!		Hmm.	Hum.	Jum.	Hmm.	Hm.	哼。	Hmm.		Хм.
event01_36	So this guy needs someone\nto put him in his place, does he?	So you want me to play\nwith some egotistic brat, huh?	ちょっとワガママな坊やと\n遊んでほしいってことか	Así que quieres que juegue un\nrato con ese """crío""" egoísta, ¿eh?		Quindi a questo tipo gli serve qualcuno\nche gli faccia vedere dove sta il suo posto, non è così?	Então esse cara precisa entrar nos eixos, né?	Así que quieres que juegue\ncon un niñito malcriado, ¿eh?	Dieser Typ braucht also jemanden, der\nihm 'nem Denkzettel verpasst, was?	Więc, gościowi brakuje kogoś,\nkto ustawi go na swoim miejscu, co?	所以這傢伙需要別人來\n教訓教訓他，是吧？	Yani bu adamın birinin onu yerine\nkoymasına ihtiyacı var, öyle mi?		То есть мне надо поиграть с одним\nзазнавшимся эгоистом...
event01_37	I suppose I can help out with that.\nIt might even be fun.	I'd like to say I can help,	ただ　助けるといっても	Aun así, en el fondo,		Immagino che potrei dare una mano.\n Potrebbe anche rivelarsi divertente.	Eu acho que posso ajudar, talvez até seja divertido!	Pero, aunque quisiera ayudarte,	Schätze das lässt sich einrichten.\nVielleicht wird's sogar ganz witzig!	Niby mogę z tym pomóc.\nTo może być nawet fajne.	我想我幫得上忙喔。\n可能還很有趣呢。	Sanırım bu konuda yardımcı olabilirim.\nHatta eğlenceli bile olabilir.		Мне, конечно, не трудно,
event01_38	But...this is all just something\nout of a storybook, right?	But this is all happening in a book, right?	しょせんは本の中のできごとだろ？	todo esto ocurre dentro de un libro, ¿no?		Ma...questa è tutta una storia\nda un libro di fiabe, giusto?	Mas... Isso tudo vem de um livro, certo?	todo eso es parte de un libro, ¿no?	Nur... Die ganze Sache spielt sich\ndoch in 'nem Buch ab, oder?	Ale... to wszystko jest czymś\nz książki, racja?	但…這都是\n故事書裡的事，對吧？	Ama... bunların hepsi bir masal\nkitabından fırlamış gibi, değil mi?		но ведь события происходят в книге.
event01_39	How am I supposed to do anything\nabout that?	What should we do about that?	どうすればいいんだ？	¿Cómo se supone que\nhe de ayudarte?		E allora, io che ci posso fare?	Como eu posso fazer algo a respeito disso?	¿Qué puedo hacer?	Wie soll ich da von hier aus helfen?	Jak mam cokolwiek z tym zrobić?	我該怎麼辦呢？	Bu konuda nasıl bir şey\nyapabilirim?		И что же нам делать?
event01_40	That's easy.	That's simple.	かんたんです	Es simple.		È semplice.	É bem simples.	Es sencillo.	Ganz einfach.	To proste.	很簡單。	Bu kolay.		Всё очень просто.
event01_41	You are my master, having called\nforth the Genie of the Ring.	As the Genie of the Ring,\nwhoever summons me becomes my master,	リングの精である私は\n呼びだした人をご主人さまとし	Yo, la Genio del Anillo, tomo como\nmaestro a aquel que me invoca		Tu sei il mio maestro, avendo evocato\nil Genio degli Anelli.	Você é o meu mestre, aquele que me invocou como a Gênia do Anel.	Como espíritu del anillo,\nconsidero a quien me invoca mi amo	Du bist mein Meister, da du den\nDschinni des Rings beschworen hast.	Zostałeś moim mistrzem,\nwzywając Dżina Pierścienia.	在招喚出戒指精靈時，\n你就是我的主人了。	Sen benim efendimsin,\nYüzük Cinini çağırdın.		Тот, кто меня вызывает,\nстановится моим господином.
event01_42	As such,\nI am able to grant your wishes.	And I can grant that person's wishes.	その方の願いをかなえることが\nできるんです	y soy capaz de\nhacer sus deseos realidad.		Come tale,\nsono capace di esprimere i tuoi desideri.	Sendo assim, eu posso\nlhe conceder seus desejos.	y puedo concederle sus deseos.	Als solcher bin ich in der Lage,\ndeine Wünsche zu erfüllen!	Dzieki temu, jestem w stanie\nspełnić twoje życzenia.	因此，我能夠達成你的心願。	Bu nedenle dileklerini\nyerine getirebilirim.		И я, как джинния,\nмогу исполнять его желания.
event01_43	Simple wishes, at any rate.	Although I can only handle simple wishes,	かんたんな　願いに\n限られますけど…	Aunque solo puedo\nconceder deseos sencillos,		Nonostante posso solo gestire desideri semplici,	Mas apenas desejos simples.	Aunque sólo puedo conceder deseos sencillos,	Einfache Wünsche zumindest.	W każdym razie, tylko te proste.	只要是簡單的願望都可以。	Basit dilekler bunlar, en azından.		Пусть я могу исполнить\nтолько простые желания,
event01_44	Bringing you into the world of the\nArabian Nights is within my power.	I can at least take you\nto the world of the Arabian Nights.	あなたをアラビアンナイトの世界に\nつれていくことぐらいできます	puedo transportarte al mundo de\nLas mil y una noches sin problema.		I miei poteri permettono comunque\ndi portarti nel mondo delle Mille e una Notte.	Meu poder me permite te levar\npara o mundo das Mil e uma Noites.	sin duda puedo llevarte al mundo de """Las mil y una noches""".	Dich in die Welt von Tausendundeiner\nNacht zu bringen, liegt in meiner Macht.	Jest to w mojej mocy, aby przenieść\nCię do świata Arabskich Nocy.	帶領你進入天方夜譚的世界\n也在我的能耐之中。	Seni Binbir Gece Masalları dünyasına götürmek benim elimde.		но переместить тебя в мир\n"""Тысячи и одной ночи""" мне под силу.
event01_45	What?! Inside that book?	Huh?! Inside the book?	えぇ！？　本の中に？	¿Qué? ¿Dentro de ese libro?		Cosa?! Dentro a quel libro?	O quê!? Dentro do livro?	¡¿Qué?! ¿Dentro del libro?	Was?! In das Buch?	Co?! Do środka tej książki?	什麼？！進入那本書？	Ne?! O kitabın içine mi?		Серьёзно? В книгу?
event01_46	Now please,\nplace the ring on your finger!	Now, put this ring on your finger!	さぁ！\nこのリングを指にはめてください！	Primero,\nponte este anillo en el dedo		Ora, per favore,\nmettiti l'anello sul dito!	Agora por gentileza, ponha\no anel em seu dedo!	Ahora, ponte este anillo en el dedo.	Bitte, steck den Ring\nnun an deinen Finger!	Teraz, proszę,\nzałóż pierścień na swój palec!	請你現在戴上戒指！	Şimdi lütfen yüzüğü\nparmağına tak!		Вот, надень на палец это кольцо!
event01_47	Like this?	...Like this?	…こうか？	... ¿Así está bien?		...Così?	Tipo... assim?	¿Así...?	Etwa... so?	O tak?	像這樣嗎？	Böyle mi?		А... вот так?
event01_48	OUCH!\nHey, take it easy!	OUCH!\nOw-ow-ow...	ＯＵＣＨ！\nいててて	¡Ay! ¡Eso duele!		OW!\nHey, con calma!	AI! Ei, pega leve!	¡Auch! ¡D-Duele!	AUTSCH!\nHey, chill doch mal!	Auć!\nHej, wyluzuj!	好痛！嘿，下手輕一點嘛！	OUCH!\nHey, sakin ol!		Ай!\nБольно!
event01_49	My apologies, O Master,\nbut now the contract has been sealed.	I am sorry, Master.\nThe contract has been made.	すみません　ご主人さま\nこれで契約は完了です	Mis más sinceras disculpas, maestro.\nAhora el contrato está sellado.		Le mie scuse, maestro.\nora il contratto è stato firmato.	Perdão, Ó Mestre.\nAgora, o contrato está selado.	Lo siento, amo. El contrato ya está hecho.	Verzeihung, mein Meister.\nNun ist der Vertrag besiegelt.	Moje przeprosiny.\nOh Mistrzu, teraz umowa została zawarta.	主人啊，容我向你道歉，\n但現在契約已經生效了。	Özür dilerim, Efendim,\nama artık sözleşme imzalandı.		Извините, мой господин.\nМы заключили контракт.
event01_50	Contract?		契約？	¿Eh? ¿Contrato?		Contratto?	Contrato?	¿Contrato?	Vertrag?	Umowa?	契約？	Sözleşme mi?		Контракт?
event01_51	Yes. As Master of the Ring,\nI am now bound to protect you.	Yes... And thanks to it,\nnow I can protect you as well.	そう　そして…　これで\nあなたをお守りすることもできます	Sí, así es.\nGracias a él podré protegerte.		Si. Come Maestro dell'Anello,\nora sono portata a proteggerti.	Sim. Como Mestre do Anel, agora\ndevo lhe proteger.	Sí... Y ahora también puedo protegerte.	Ja. Da du jetzt der Meister des Ringes bist,\nbin ich verpflichtet dich zu beschützen.	Tak. Jako Mistrz Pierścienia,\njestem teraz zobowiązana, by Cię chronić.	沒錯，我現在有義務要保護\n身為戒指主人的你。	Evet. Yüzüklerin Efendisi olarak,\nartık seni korumakla yükümlüyüm.		Да. И теперь, я смогу Вас защищать.
event01_52	Now, rub the ring!	Now then, please rub the ring.	さぁ　リングをこすってください	Ahora, frota el anillo.		Ora, strofina l'anello!	Agora, esfregue o anel!	Bien, frota el anillo, por favor.	Nun, reibe an dem Ring!	Teraz, potrzyj pierścień!	現在摩擦戒指吧！	Şimdi yüzüğü ov!		А сейчас, потрите кольцо.
event01_53	Like...Like this?	Will this do?	これでいいのか？	¿Así?		Tipo... così?	Tipo... assim?	¿Así está bien?	...Meinst du etwa so?	W... taki sposób?	像… 像這樣嗎？	Tıpkı...Tıpkı böyle mi?		Так пойдёт?
event01_54	"O Master of the ring, what is thy wish?"	"""What do you wish for, my Master?\nI am at your command."""	「なにがお望みでしょう？\nご主人さま　なんなりとご命令を」	"""A su servicio, mi maestro.\nSus deseos son órdenes""".		""Oh, Maestro dell'anello, qual'è il vostro desiderio?""	Ó, Mestre do Anel, o que você deseja?	"""¿Qué es lo que desea, mi amo?\nSus deseos son órdenes"""	"""Oh, Meister des Ringes,\nwie lautet dein Wunsch?"""	"""Oh Mistrzu Pierścienia,\njakie jest twoje życzenie?"""	「戒指之主啊，您有何願望？」	"""Ey Yüzüklerin Efendisi, dileğin nedir?"""		Чего желаете, мой Господин?\nТолько скажите и желание исполнится.
event01_55	Achoo!\nAchoo!		ヘックシュ\nヘックシュ	¡Achís!\n¡Achís!		Achoo!\nAchoo!	Atchim! Atchim!	¡AH...chú! ¡Achú!	Hatschi!\nHaaaaaatschi!	A psik!\nA psik!	哈啾！\n哈啾！	Achoo!\nAchoo!		Апчхи!\nАпчхи!
event01_56	How about a handkerchief for starters!\nMake that a few!	Give me some hankies!\nLots of them.	ハンカチくれ！たくさん	Pues dame un pañuelo...\nNo; ¡muchos!		Dammi qualche fazzoletto, per iniziare!\nAnzi, molti.	Que tal uns lenços de papel pra começar?\nVários deles.	Pañuelos... ¡Un bonchecito!	Ein paar Taschentücher wären echt nice.\nMüssen auch nicht viele sein.	Może zacznijmy od hustki!\nA nawet ich kilka!	那我第一個願望要手帕！\n來多一點！	Başlangıç olarak bir mendil ne dersin!\nBirkaç tane daha!		Платочков бы.\nПобольше.
event01_57	Thanks! You're a lifesaver! You see,\nI caught this cold yesterday, and...	Phew, you're a real lifesaver! Actually,\nI've had this cold since yesterday, and...	いやーマジたすかったぜ！\nじつは昨日から風邪ぎみで…	¡Uf!, ¡me salvas la vida!\nEs que llevo resfriado desde ayer y...		Phew, sei la mia salvatrice!, Vedi,\nMi sono preso questo raffreddore da ieri, e...	Valeu! Quebrou o galho!\nEu peguei um resfriado ontem, então...	¡Ah, me salvas la vida! La verdad, ayer me dio gripita...	Danke! Bist echt 'ne Lebensretterin! Weißt du, ich hab\nmir gestern diesen fiesen Schnupfen eingefangen, und...	Dzięki! Życie mi ratujesz!\nWidzisz, przeziębiłem się wczoraj i...	謝啦！你是我的救命恩人！\n因為我昨天感冒了，然後…	Teşekkürler! Hayat kurtardın! Bak,\ndün soğuk algınlığına yakalandım ve...		Уф... ты мне правда очень помогла!\nМеня вчера продуло и...
event01_58	Please, be serious!!	Take this seriously, please!!	マジメにやってください！！	¡¡Esto es serio!!		Per favore, sii serio!!	Por favor, leve isso a sério!	¡Por favor, tómalo en serio!	Bitte, bleib bei der Sache!	Proszę, bądż poważny!	能請你認真點嘛！！	Lütfen, ciddi ol!!		Давай серьёзнее!
event01_59	Okay, okay.\nThanks for the hankies, though.	Yeah, I know.\nNothing wrong with a few hankies though, right?	わかってるって\nハンカチぐらいいいだろ	Sí, lo sé, pero no pasa nada\npor pedir unos pañuelos, ¿no?		Si, lo so.\nPerò grazie per i fazzoletti.	Ok, ok. Mas, valeu pelos lencinhos.	Lo sé. ¿Estuvo mal lo de los pañuelos?	Okay, okay.\nTrotzdem danke für die Tempos!	Okej, okej.\nAle dzięki za husteczki.	好啦，好啦。\n不過手帕真的謝囉。	Tamam, tamam.\nAma mendiller için teşekkürler.		Да, конечно.\nНо платочки же можно попросить!
event01_60	Oh please, someone tell me that\nthis isn't really happening...	Oh, honestly...\nWill this actually work out...	もう…　まったく\nほんとうに大丈夫かしら…	¡Buf! Lo que hay que oír...\nA ver si sale todo bien...		Oh, per favore...\nqualcuno mi dica che non sta succedendo veramente...	Por favor, alguém me diga que\nisso não está acontecendo.	¡Ash, me lleva...! ¿En serio es el indicado...?	Bitte, sag mir, dass das gerade\nnicht wirklich passiert...	Błagam, niech ktoś mi powie,\nże to się nie dzieje na serio...	拜託誰來把我捏醒…	Aman lütfen, biri bana bunun\ngerçekten olmadığını söylesin...		Ох... ну и кошмар.\nОн точно справится?...
event01_61	Alright, let's go!	All right, let's go.	じゃ　いくぜ	¡Venga!,		Va bene, Andiamo.	Beleza, vamos nessa!	Bueno, vamos.	Alles klar... Dann mal los!	Dobrze już, lećmy!	好啦，我們走！	Pekala, hadi gidelim!		Что ж, идём!
event01_62	Take me to this world of\nthe Arabian Nights!	Take me to the world of\nthe Arabian Nights!	オレをアラビアンナイトの世界に\n連れていってくれ！	¡llévame al mundo de\nLas mil y una noches!		Portami in questo mondo\ndelle Mille e una Notte!	Me leve para esse mundo das Mil e uma Noites!	¡Llévame al mundo de """Las mil y una noches"""!	Bring mich in diese Welt von\nTausendundeine Nacht!	Zabierz mnie do tego świata\nArabskich Nocy!	帶我去天方夜譚的世界！	Beni Binbir Gece Masalları\ndünyasına götür!		Перенеси меня в мир\n"""Тысячи и одной ночи"""!
event01_63	As you wish, Master!	Understood, Master!	わかりました　ご主人さま！！	¡¡Como usted desee, maestro!!		Come desideri, Maestro!	Como quiser, mestre!	¡A la orden, amo!	Wie du wünschst, Meister.	Jak sobie życzysz, mój panie!	如你所願，主人！	Siz nasıl isterseniz, Efendim!		Слушаюсь, мой Господин!
event01_64	Quit it, will you!	Stop that!	よせよ！	¡Deja eso de """maestro"""!		Dacci un taglio!	Corta essa, beleza?	¡Párale!	Hey, bleib cool!	Przestań z tym, proszę Cię!	別再叫我主人了！	Bırak artık şunu!		Ну хватит тебе.
event01_65	My name's Sonic.\nSonic the Hedgehog!	I'm Sonic!\nSonic the Hedgehog!	オレはソニック！\nソニック・ザ・ヘッジホッグだ	Yo soy """Sonic"""...\n¡Sonic el Erizo!		Il mio nome è Sonic.\nSonic il Riccio.	Meu nome é Sonic! Sonic o Ouriço!	Soy Sonic. ¡Sonic, el Erizo!	Mein Name ist Sonic.\nSonic der Igel!	Mam na imie Sonic.\nJeż Sonic!	我的名字叫索尼克。\n刺蝟索尼克！	Benim adım Sonic.\nKirpi Sonic!		Меня зовут Соник!\nЁжик Соник!
event01_66	Very well then, Sonic.	Understood, Sonic!	わかりました　ソニック	Ya veo.\nConque Sonic...		Molto bene, Sonic.	Muito bem, Sonic.	Entendido, Sonic...	Nun gut, Sonic.	W porządku więc, Sonic.	好吧，索尼克。	Pekala o zaman, Sonic!		Слушаюсь, Соник.
event01_67	...The legendary hedgehog.		…伝説のハリネズミ	...El legendario erizo.		...Il riccio leggendario.	...O Lendário Ouriço...	...el Erizo... de la leyenda.	...Der legendäre Igel.	... Legendarny jeżu.	…傳說中的刺蝟。	...Efsanevi kirpi.		...легендарный Ёж.
event01_68	Here we go!\nInto the world of the Arabian Nights!	Now then, let us go into\nthe world of the Arabian Nights!	ではいきますよ！\nアラビアンナイトの世界へ	¡Dirijámonos al mundo de Las mil y una noches!		Adesso, andiamo nel\nmondo delle Mille e una Notte!	Vamos lá! Ao mundo das Mil e uma Noites!	Hora de partir...\n¡al mundo de """Las mil y una noches"""!	Auf geht's! In die Welt von\nTausendundeine Nacht!	Dobrze więc!\nDo świata Arabskich Nocy!	走囉！進入天方夜譚的世界！	İşte gidiyoruz!\nBinbir Gece Masalları dünyasına!		Итак, отправляемся в мир\n"""Тысячи и одной ночи"""!
event01_69	OK!	OK.	ＯＫ	¡OK!		OK!	Ok!	Okey.	OK!	Okej!	OK！	TAMAM!		Отлично!
event01_70	Now THIS is first-class!	First-class, please!	ファーストクラスでたのむぜ！	¡Llévame en primera clase!		Questa si che è prima classe!	Isso sim é primeira-classe!	¡Esto sí es primera clase!	Na, das nenn' ich doch\nmal """Business-Class"""!	No, i TO jest pierwsza klasa!	這才叫頭等艙嘛！	İşte BU birinci sınıf!		Первым классом, пожалуйста!
event01_71	Here we go!!		Ｈｅｒｅ　Ｗｅ　Ｇｏ！！	¡¡Allá vamos!!		Andiamo!!	Vamos nessa!	¡Aquí vamos!	Ab die Post!!	Lecimy!	我們走！	İşte gidiyoruz!		Ну, вперёд!
														
event02_name	Erazor Appears	The World's Reaper and the One Who is Written	世界を刈りとる者と書きこまれた者	Aparece Erazor	Erazor apparait !	Appare Erazor	Erazor Surge	El segador del mundo y aquel del que se escribió	Erazor erscheint	Erazor Nadchodzi	伊萊薩現身	Erazor Görünüyor		Появление Эрейзора
event02_1	Okay, so who's this guy who's trying\nto make the world disappear again?	Who's this guy trying\nto erase this world, again?	この世界を消そうとしているヤツ\nだれだっけ…			Okay, quindi chi è questo tipo che sta cercando\ndi far scomparire il mondo?	Beleza, quem é esse cara que tá tentando \nfazer o mundo desaparecer mesmo?	¿Quién es el que está intentando borrar este mundo?	Okay, also wer ist nochmal der Kerl,\nder diese Welt auslöschen will?	Dobra, więc kim był ten gościu\nco chciał wymazać świat?	所以你說要消滅這個世界的傢伙叫什麼來著？	Peki, dünyayı tekrar yok etmeye çalışan bu adam kim?		
event02_2	You mean the Erazor Djinn?	You mean Erazor Djinn?	イレイザー・ジンのことですか？			Intendi Erazor Djinn?	Você quer dizer o Erazor Djinn?	¿Hablas de Erazor, el Genio?	Du meinst... den Erazor Djinn?	Masz na myśli Erazora Dżina?	你是說伊萊薩嗎？	Erazor Cini mi kastediyorsun?		
event02_3	Yeah, that's right.\nCan you take me to him?	Yeah. Take me to where he is.	そう　ソイツのところまで\nこのまま運んでくれ			Si, esatto.\nPuoi portarmi da lui?	É, isso mesmo. \nVocê pode me levar até ele?	Ese mero. Llévame a dónde se encuentra.	Ja, genau den.\nKannst du mich zu ihm bringen?	Ta, dokładnie.\nMożesz mnie do niego zabrać?	對，就是他。你能帶我去找他嗎？	Evet, doğru.\nBeni ona götürebilir misin?		
event02_4	There is no need.	...Seems like there's no need\nto worry about that.	…その心配は無用のようです			Non ce n'è bisogno.	Não será necessário.	Parece que eso no será necesario.	Das ist gar nicht nötig...	Nie ma takiej potrzeby.	沒有那個必要。	Gerek yok.		
event02_5	Whaddya mean?	Come again?	なんだって?			In che senso?	Como assim?	¿Cómo dices?	Was meinst du?	Możesz to powtórzyć...?	什麼意思？	Ne demek istiyorsunuz?		
event02_6	He's here!!	He's here!	きました！！			È qui!	Ele está aqui!!	¡Está aquí!	Er ist hier!!	Jest tutaj!	因為他來了！！	O burada!!		
event02_7	What's that all about...\nTalk about close shaves...	Well, well! Perfect timing for a shave, huh?	オイオイ\nひげそりなら間にあってるんだよ			Qual'è il suo problema? Per un pelo...	O que foi isso...\ntá querendo cortar meu barato?	¡Vaya, esa sí que es una navaja!	Was geht denn jetzt ab?!\nDas nenne ich mal haarscharf...	No co jest...\nnie prosiłem się o fryzjera...	搞什麼啊…真是千鈞一髮…	Bu da neyin nesi...\nUcuz atlattık resmen...		
event02_8	Maybe you know where I could get\nmy quills sharpened, too?	It'd be great if you can sharpen my quills too...	トゲそりなら　なおのこと…			Magari sai anche dove posso\nfarmi affilare gli aculei?	Prefiro que você afie meus espinhos.	¡Espero que sirva en púas!	Hast du eine Ahnung, wo ich auch\nmeine Stacheln geschärft kriege?!	Ale może wiesz gdzie mógłbym\nnaostrzyć swoje kolce?		Belki kalemlerimi nerede\nbiletebileceğimi de biliyorsundur?		
event02_9	Sonic!\nThat's him!		ソニック！\nカレです…			Sonic!\nÈ lui!	Sonic!\nÉ ele!	¡Sonic! Es él...	Sonic!\nDas ist er!	Sonic! To on!	索尼克！就是他！	Sonic!\nBu o!		
event02_10	He's the evil spirit who is striking\nthe words of our world from the pages!	The genie erasing the words from this world\nand reaping the story's pages!	この世界から文字を消しさり\n物語のページを切りとるマジン！			Lui è lo spirito malvagio che sta attaccando\nle parole del nostro mondo da dentro le pagine!	Ele é o espirito maligno que está\napagando as palavras do nosso mundo das páginas!	¡El majin que borra las letras de este mundo\ny arranca las páginas de sus historias!	Das ist der bösartige Geist, der die Worte\naller Welten aus den Seiten entfernt!	On jest złym duchem który atakuje\nsłowa ze stron naszego świata!	把文字從這世界抹除的邪惡精靈就是他！	O, dünyamızın kelimelerini\nsayfalardan silen kötü ruh!		
event02_11	You...you must be that blue rat that\njust got added to the story...	So, is it you...?\nThe blue rat who was just added to the story...	お前か…　物語に書きこまれた\nあらたな青いネズミとやらは…			Tu...tu devi essere quel ratto blu che\nè appena stato aggiunto alla storia...	Você... você deve ser aquele rato azul\nque foi adicionado à história...	Tú... Esa rata azul que acaba de añadirse a la historia.	Du...! Du musst diese blaue Ratte sein, die\nso eben der Geschichte hinzugefügt wurde.	Ty... Ty musisz być tym niebieskim szczurem\nktórego dodano do powieści...		Sen... sen hikayeye yeni eklenen o\nmavi fare olmalısın...		
event02_12	Don't you know anything?	Can't you see?	みてわかるだろ？			Non sai proprio nulla?	Você é cego ou o quê?	¡Fíjate bien!	Lebst du etwa hinter'm Mond?!	Ślepy jesteś?	你什麼都不知道嗎？	Hiçbir şey bilmiyor musun?		
event02_13	I'm not a rat!\nI'm a hedgehog.	I'm not a rat. I'm a hedgehog.	ネズミじゃない\nハリネズミだ			Non sono un ratto!\nSono un riccio.	Eu não sou um rato!\nSou um ouriço.	¡No soy una rata!\n¡Soy un erizo!	Ich bin keine Ratte!\nSondern ein Igel!	Nie jestem szczurem!\nJestem jeżem.	我是刺蝟！才不是什麼老鼠！	Ben bir fare değilim!\nBen bir kirpiyim.		
event02_14	Ahaha!\nI am Erazor Djinn!	Heheheh. My name is Erazor Djinn.	ふふふ\nわが名は　イレイザー・ジン			Ahaha!\nIo sono Erazor Djinn!	Ahaha!\nEu me chamo Erazor Djinn!	Ja, ja, ja, ja, ja... Soy Erazor, el Genio.	Ahaha!\nIch bin Erazor Djinn!	Ahaha!\nZwą mnie Erazor Dżin!		Ahaha!\nBen Erazor Cin!		
event02_15	I am the one who shall carve up\nthis world as I see fit.	The one who reaps this world.	この世界を刈りとる者			Sono colui che scolpirà questo mondo\na mio piacimento.	Sou eu quem irá reescrever\neste mundo como bem entender.	El segador de este mundo.	Ich werde diese Welt so zerstückeln,\nwie ich es für richtig halte!	Ja będę tym, który wyrzeżbi ten świat\nw sposób jaki tylko mi się spodoba.		Bu dünyayı dilediğim gibi\nşekillendirecek olan benim.		
event02_16	Yeah...well if you're going to do that,	Stop it.	よせよ			Si...beh se lo devi fare,	É… bom, se você vai fazer isso,	Detente.	Tja, nun... Schön für dich.	Jasne... cóż,\njeśli już nie zmienisz zdania,		Evet... madem öyle yapacaksın,		
event02_17	Can you at least wait until\nI'm done reading it, first?	If you're gonna do it,\ndo it after I finish reading.	やるなら\nオレが読みおわってからにしろって			Puoi almeno aspettare\nfino a che non ho finito di leggere?	Dá pra pelo menos esperar eu terminar de ler o livro?	Si vas a hacerlo, ¿podrías esperar\na que termine de leerlo?	Aber könntest du damit noch warten,\nbis ich fertig mit Lesen bin?	Możesz najpierw poczekać\naż skończe czytać?		En azından ben okumayı bitirene\nkadar bekleyebilir misiniz? 		
event02_18	Sonic...		ソニック…			Sonic...	Sonic...	Sonic...	Sonic...	Sonic...	索尼克...	Sonic...		
event02_19	One hundred of the One Thousand	From the One Thousand and One Nights,	すでに　千夜一夜の			Cento delle Mille e una Notte	Cem das Mil	¡Ya coseché cien noches	Einhundert der Tausendundeinen Nacht	Sto z Tysiąca	天方夜譚的一百個故事	Bin kişiden yüzü		
event02_20	and One Nights have already\nbeen wiped clean!	The words of One Hundred Nights\nhave already been harvested.	百夜ほど文字を刈りとった			sono già\nstate completamente ripulite!	e Uma noites já foram\napagadas!	de """Las mil y una noches"""!	wurden bereits vollständig ausradiert.	i Jednej Nocy już zostały\nwymazane!	已經被我消滅了！	ve Tek Gecelik oyunlar çoktan silindi!		
event02_21	And soon, the rest shall join them,\nnight by night.	And I will continue harvesting \nthe remaining stories.	これから　徐々に\nのこり残りの話もすべて刈らせてもらう			E presto, il resto si unirà ad esse,\nnotte a notte!	E em breve, as demais se juntarão a elas,\nnoite por noite.	Poco a poco cosecharé el resto de los cuentos.	Und der Rest wird sich ihnen anschließen,\nNacht für Nacht!	A niebawem, reszta dołączy do nich,\nnoc po nocy.	很快地，剩餘的故事也會加入它們的行列，\n一夜接著一夜。	Ve çok geçmeden, geri kalanlar da\nonlara katılacak, gece gece.		
event02_22	And then, with the seven World Rings...	After that, I just need the seven World Rings...	あとは　7つの「世界リング」が\nあれば…			E poi, con i sette Anelli del Mondo...	E então, com os sete Anéis do Mundo...	Solo me falta encontrar los siete Anillos mundiales.	Und schließlich,\nwerde ich mit den sieben Weltenringen...	Wtedy...\nZ Siedmioma Pierścieniami Świata...		Ve sonra, yedi Dünya Yüzüğü ile...		
event02_23	Seven World Rings?		7つの世界リング?			Sette Anelli del Mondo?	Sete Anéis do Mundo?	¿Siete Anillos mundiales?	Mit den sieben Weltenringen?	Siedem Pierścieni Świata?		Yedi Dünya Yüzüğü mü?		
event02_24	You have gathered the seven World\nRings for me, have you not,	Were you not gathering\nthe seven world rings for me?	7つの世界リングをワタシのために\n集めているのではなかったのかな？			Hai raccolto tutti i sette Anelli del Mondo,\nnon è vero,	Você reuniu os sete Anéis do Mundo \npara mim, não é mesmo,	¿No estabas reuniendo los siete Anillos mundiales para mí,	Du hast doch bestimmt die sieben\nWeltenringe für mich beschafft,	Zebrałaś już dla mnie\nSiedem Pierścieni Świata, zgadza się		Yedi Dünya Yüzüğünü benim için topladın, değil mi		
event02_25	Shahra, my dear?	Shahra?	シャーラ			Shahra, mia cara?	Sharah, minha querida?	Shahra?	oder etwa nicht, Shahra, meine Liebe?	Shahra, moja droga?		Shahra, canım?		
event02_26	Are you still going on about that?	Are you still asking about that?	まだ　いっているの？			Sei ancora fissato su quello?	Você ainda está falando disso?	¿Sigues con eso?	Beschäftigt dich das etwa immer noch?	Dalej o tym bredzisz?		Hâlâ bundan mı bahsediyorsun?		
event02_27	I told you, those things don't even exist!	Those things don't exist in this world,	そんなものはこの世界には　ないし			Te l'ho detto, quei cosi non esistono nemmeno!	Eu já te disse, essas coisas nem existem!	¡No existen tales cosas en este mundo,	Wie gesagt, diese Ringe existieren nicht einmal!	Mówiłam Ci,\nte Pierścienie nawet nie istnieją!		Sana söylemiştim, o şeyler zaten yok!		
event02_28	And even if they did, I'd never give them to you!		あっても　あなたには渡さないわ			E anche se esistessero, non li darei mai a te!	E mesmo que existissem, eu nunca os daria para você!	y aunque existieran, no te las daría!	Und selbst wenn sie es täten,\nwürde ich sie dir niemals geben!	A jeśli by istniały,\ni tak bym Ci ich nie dała!		Ve öyle olsalar bile, onları asla sana vermezdim!		
event02_29	Oh? Wouldn't you, though?	You don't truly mean that, do you?	それは　本心ではあるまいな?			Oh, non lo faresti, eh?	Oh? Será mesmo, é?	No creo que realmente pienses eso.	Oh? Würdest du also nicht?	Hm? Jesteś tego pewna?		Öyle mi? Ama sen de öyle yapmaz mıydın?		
event02_30	...		…			...	...	...	...			...		
event02_31	I suppose a suitable punishment is in order, then...	Looks like a suitable punishment is in order...	どうやら　相応の罰が必死のようか…			Suppongo che è necessaria una punizione adeguata, allora...	Então, creio que um castigo adequado será necessário…	Parece que corresponde un castigo adecuado...	Ich schätze, dann ist wohl eine\npassende Strafe angebracht...	W takim razie należy się\nwydanie odpowiedniej kary...		O halde uygun bir ceza verilmesi gerekiyor sanırım...		
event02_32	Look out!!	!!	！！			Attento!!	Cuidado!!	Ugh...	Pass auf!!	Uważaj!		Dikkat et!!		
event02_33	Ugh!	Gwah!	ぐわぁあ			Ugh!	Ugh!	¡Guau!	Ugh!	Agh!		Ugh!		
event02_34	Sonic!		ソニック！			Sonic!	Sonic!	¡Sonic!	Sonic!	Sonic!		Sonic!		
event02_35	Aha...hahaha. So, this is how\nJudgment is dealt, is it?	Ho...So the Judgement has been dealt to you, has it?	ほう…\n「さばき」はそちらに下ったか			Aha...hahaha. Quindi, è cosi che\nviene emessa la sentenza, non è così?	Aha...hahaha. Então é assim que o castigo foi aplicado, né?	¿Oh? Así que el juicio cayó sobre ti.	Aha...hahaha. So kann ein Urteil\nauch gefällt werden, nicht wahr?	Aha... Hahaha.\nWięc, wydano dla Ciebie wyrok, zgadza się? 		Aha...hahaha. Demek yargılama böyle yapılıyor?		
event02_36	Hmmm. This should be interesting.	Well, that could also be interesting...	まぁ　それも　面白かろう…			Hmmm. Dovrebbe essere interessante.	Hmmm. Isso será interessante.	Eso suena interesante.	Hmm. Das könnte sich als interessant erweisen.	Hmm...\nTo powinno być interesujące.		Hım. Bu ilginç olacak gibi görünüyor.		
event02_37	You listening?	Listen up.	いいか？			Stai ascoltando?	Está ouvindo?	Escucha.	Noch anwesend?	Słuchasz ty mnie?		Dinliyor musunuz?		
event02_38	Bring me the seven World Rings before\nthe arrow of flame extinguishes.	Go find the seven World Rings before\nthat flame arrow extinguishes.	その矢の炎が消えるまでに\n7つの世界リングを探してこい			Portami i sette Anelli del Mondo prima\nche la freccia della fiamma si spenga.	Traga-me os sete Anéis do Mundo antes que\na flecha de chamas se apague.	Encuentra por mí los siete Anillos mundiales antes de que se apague la llama de esa flecha.	Bring mir die sieben Weltenringe,\nbevor der Flammenpfeil erlischt.	Przynieś mi wszystkie Pierścienie Świata\nzanim strzała ognia wygaśnie.		Alev oku sönmeden önce bana yedi Dünya Yüzüğünü getirin.		
event02_39	If you do not...	Otherwise...	でなければ…			Se non lo fai...	Caso contrário…	Si fallas...	Tust du es nicht...	W innym razie...		Eğer yapmazsanız...		
event02_40	!?		！？			!?	!?	Ugh...	?!	!?		!?		
event02_41	...your life is forfeit.		お前の命はない			...la tua vita arriverà alla sua fine.	...sua vida estará perdida.	...tu vida acabará.	...ist dein Leben verwirkt.	... oddasz mi swoje życie.		...hayatınız tehlikede.		
event02_42	Next, I think I shall collect\nthe life of King Shahryar...	Next, I shall harvest\nthe life of King Shahryar...	さて次は　シャフリヤール王の命\n刈らせてもらおう…			Ora, penso che dovrei collezzionare\nla vita del Re Shahryar...	Agora, acho que irei tomar\na vida do Rei Xariar...	Ahora, iré a cosechar la vida del sultán Shahriar.	Ich denke, als Nächstes lösche ich\ndas Leben von König Shahryar aus.	Teraz, sądzę, że odbiorę\nżycie Królowi Shahryarowi...		Sonraki adımda, Kral Şahryar'ın\nhayatını almayı düşünüyorum...		
event02_43	The king is the creator of\nthe Arabian Nights		王はアラビアンナイトの創造主			Il re è il creatore delle\nMille e una Notte	O rei é o criador das\nMil e Uma Noites	El sultán creó """Las mil y una noches""".	Der König ist der Schöpfer von\nTausendundeine Nacht	Król jest twórcą Arabskich Nocy	國王是天方夜譚的作者，	Binbir Gece Masalları'nın\nyaratıcısı kraldır		
event02_44	and the main character of the story!	And the central figure of this world!	この世界の中心人物です！！			e il personaggio principale della storia!	e o personagem principal da história!	¡Es la figura central de este mundo!	und der Hauptcharakter in der Geschichte!	Oraz główną postacią opowieści!	也是這個故事的主角！	ve hikayenin baş karakteri!		
event02_45	With my speed, we'll just have to\nmake sure we get to him first!	He wants to challenge my speed?\nHe's got some nerve. I'll show him!	このオレとスピード勝負かい！\nいい度胸だ！　抜いてやるぜ！			Con la mia velocità, dobbiamo solo\nassicurarci che arriviamo da lui prima noi!	Ele quer apostar corrida, é?\nQue ousadia. Vou mostrar como se faz!	¿Quiere competir en velocidad conmigo?\nQué agallas. ¡Ya verá!	Mit meinem Speed müssen wir einfach\nvor Erasor bei ihm ankommen!	Z moją prędkością musimy się tylko martwić\nnad dojściem do niego pierwsi!		Benim hızımla, ona ilk biz\nulaşmamız gerekecek!		
														
event03_name	The King is Found!	The King in the Jar and the Spiky Blue	ツボのなかの国王と青いトゲトゲ			Il Re è stato Trovato!	O Rei é Encontrado!	El sultán en el jarrón y el espinoso azul	Der König ist gefunden!	Król Odnaleziony!	找到國王！	Kral Bulundu!		
event03_1	Where is he?\nAre we too late?	Did he beat us here? Ha, no way.	先をこされた？\nハン　まさかな？			Dov'è?\nSiamo arrivati troppo tardi?	Cadê ele?\nChegamos tarde demais?	¿Me ganó? ¡Ja! ¡Ni en sus sueños!	Wo ist er?\nSind wir zu spät?	I gdzie on jest?\nNie ma mowy że się spóżniliśmy.		O nerede?\nÇok mu geç kaldık?		
event03_2	!?		！？			?!	!?	¡¿?!	?!	!?	！？	!?		
event03_3	What's Dr. Eggman doing here?!	Why's Dr. Eggman here...?	なんで　Ｄｒ．エッグマンが…			Che ci fa il Dottor. Eggman qui?!	O que o Dr. Eggman tá fazendo aqui?!	¡¿Por qué siempre es el Dr. Eggman?!	Was hat Dr. Eggman hier verloren?!	Co tu robi Dr. Eggman?!	為什麼蛋頭博士在這裡……？	Dr. Eggman burada ne yapıyor?!		
event03_4	Aha! I knew it! This is all another\none of your schemes!	Hahah, so this is your doing again, huh?	ハハーン　今度もお前のしわざって\nわけかい！！			Aha! Lo sapevo! Questo è solo un'altro\ndei tuoi schemi!	Aha! Eu sabia! Isso tudo é\nmais um dos seus planos!	Ja, ja. Así que este es otro de tus planes.	Aha! Wusste ich's doch!\nDas ist nur wieder eine deiner garstigen Gaunereien!	Aha! No tak!\nTo wszystko to jeden z twoich planów!	哈哈，我就知道這次又是你幹的對吧！	Aha! Biliyordum! Bu da senin\nbaşka bir oyununmuş!		
event03_5	What is the meaning of this?\nI am Shahryar, king of this land!		なんのことじゃ！　ワシは\nこの国の王シャフリャールじゃぞ！			Che cosa significa?\nIo sono Shahryar, Re di questa terra!	Do que você está falando?\nEu sou Xariar, o rei desta terra!	¡Qué sinsentido! ¡Yo soy Shahriar,\nel sultán que gobierna estas tierras!	Was hat das zu bedeuten?\nIch bin Shahryar, und König dieser Lande!	Co to ma znaczyć?\nJestem Shahryar, królem tej ziemi!		Bu da ne demek oluyor?\nBen Shahryar, bu ülkenin kralı!		
event03_6	Eggman, what are you up to this time?		…エッグマン　今度は　いったい\n何を　たくさんで…			Eggman, cosa hai intenzione di fare stavolta?	Eggman, o que você tá aprontando dessa vez?	Eggman, ¿qué pretendes ahora...?	Eggman, was brütest du diesmal aus?	Eggman, co ty znowu knujesz?	蛋頭博士，你這次又想幹嘛了？	Eggman, bu sefer neyin peşindesin?		
event03_7	Sonic, wait!\nYou're making a mistake!	Wait, Sonic!	まってソニック！			Sonic, aspetta!\nStai facendo uno sbaglio!	Sonic, espera!\nVocê está enganado!	¡Espera, Sonic! ¡Este hombre es quien dice!	Sonic, warte!\nHier liegt ein Irrtum vor!	Sonic, zaczekaj!\nTo jakaś pomyłka!	索尼克，等等！	Sonic, bekle!\nBir hata yapıyorsun!		
event03_8	This is him.\nThis is King Shahryar!	This is King Shahryar,\nthe person we've been looking for!	その人は本物　私たちの\n探していたシャフリヤール王よ！			È lui.\nLui è il Re Shahryar!	É ele.\nEsse é o Rei Xariar!	¡Es el sultán Shahriar que estamos buscando!	Das ist er.\nDas ist König Shahryar!	To jest on.\nTo jest Król Shahryar!	這就本人啊，他就是我們在找的國王喔！	Bu o.\nBu Kral Shahryar!		
event03_9	Really?!	Really?	Ｒｅａｌｌｙ？			Sul serio?!	Sério?!	¡¿En serio?!	Echt jetzt?!	Serio?!	Ｒｅａｌｌｙ？	Gerçekten mi?		
event03_10	Such insolence! Guards!\nSeize this blue spiky thing at once!	What insolence!\nGrr, somebody arrest this blue spiky thing!	なんたる無礼なヤツじゃ！　ええい誰か\nこの青いトゲトゲをひっとらえい！			Che insolenza! Guardie!\nCatturate subito questa cosa spinosa e blu!	Quanta insolência! Guardas!\nPrendam essa coisa azul e espinhosa imediatamente!	¡Vaya sujeto más insolente!\n¡Alguien, agarre a este espinoso azul!	Welch Unverfrorenheit! Wachen!\nErgreift dieses blaue Nadelkissen auf der Stelle!	Cóż za bezczelność! Straż!\nŁapcie to kolczaste coś, natychmiast!	真是個無禮之徒！誰快來逮捕這隻藍色刺刺的傢伙！	Ne küstahlık! Muhafızlar!\nŞu mavi dikenli şeyi hemen yakalayın!		
event03_11	Where are your men, Your Highness?	Your Highness, where are your servants?	王様　つかいのものたちは？			Dove si trovano i vostri servitori, Vostra Altezza?	Onde estão os seus homens, Vossa Alteza?	Majestad, ¿y su gente?	Wo sind Eure Männer, Eure Hoheit?	Wasza wysokość, gdzie jest pańska ochrona?	國王陛下，你的手下去哪了呢？	Majesteleri, adamlarınız nerede?		
event03_12	Oh, that's right...let me explain.	Oh, that's right...	そうじゃった…			Ah, giusto... Lascia che ti spieghi.	Ah, verdade... permita-me explicar.	Cierto.	Oh, da war ja was...\nLasst mich erklären.	Ah, racja. Pozwól, że wyjaśnię.	啊，對了……	Ha, doğru ya... açıklayayım.		
event03_13	When the evil spirits appeared out\nof nowhere, everyone turned and ran.	Some ferocious genies suddenly appeared\nin the castle and took everybody away.	突然　城下に凶暴なマジン共があらわれて\nみな　連れさられてしもうたのじゃ			Quando gli spiriti malvagi sono apparsi\ndal nulla, tutti sono subito scappati.	Quando os espíritos malignos surgiram do nada,\ntodos fugiram em pânico.	De pronto, una horda de violentos majin\naparecieron en el palacio y secuestraron a todos.	Als die bösen Geister wie aus dem Nichts auftauchten,\nhaben sich alle aus dem Staub gemacht.	Gdy złe duchy pojawiły się znikąd,\nwszyscy wzieli i uciekli.	城裡突然出現了凶暴的精靈，\n然後它們把大家全都抓走了。	Kötü ruhlar birdenbire ortaya\nçıkınca herkes dönüp kaçtı.		
event03_14	And I was stuck having to hide in that jar.	In the spur of the moment, I quickly hid myself in a jar...	ワシはとっさの機転でツボの中に…			E io mi sono ritrovato costretto\na nascondermi dentro a quel vaso. 	E eu fiquei preso tentando me esconder naquele jarro.	En ese instante me escondí en el jarrón.	Und ich sah mich gezwungen,\nmich in diesem Krug zu verkriechen.	A ja mogłem tylko schować się w tym słoju.		Ve ben o kavanozun içinde saklanmak zorunda kaldım.		
event03_15	Noooo!\nHelp meeee!	Waaahh! Help me!	ノワアア！！\nたすけってくれぃ			Noooo!\nAiutatemi!	Nãããooo!\nSocorrooooo!	¡Aaaaah...! ¡Sálvenme...!	Neeeein!\nZu Hilfe!	Nieeee!\nPomocyyyy!	哇啊啊！！救命啊！	Hayııııır!\nBana yardım ediiiin!		
event03_16	Hmph!		フン…			Hmph!	Hmph!	¡Jum!	Hmpf!	Hmpf!	哼……	Hmph!		
event03_17	Well, well.\nGuess it's time for a little action.	Well, well. Things are getting busy again.	やれやれ\n忙しくなってきやがったぜ			Bene, bene.\nSembra sia ora di un'pò d'azione.	Ora, ora.\nAcho que tá na hora de entrar em ação.	Vaya, vaya... ¡Esto sí que se está poniendo movido!	Na sowas...\nDann mal ran an den Speck!	No no.\nChyba czas na trochę akcji.	真是的，看樣子又得忙起來了呢。	Peki, peki.\nSanırım biraz aksiyon alma zamanı.		
														
event04_name	A Grateful Ali-Baba	The Skillful Ali-Baba	器用なアリババ			l'Abile Ali-Baba	O habilidoso Ali Babá	El astuto Alí Babá	Dankbarer Ali-Baba	Wdzięczny Ali-Baba		Minnettar Ali-Baba		
event04_1	Oh, thank you!\nI thought I was done for!	Thank you! You saved me!	ありがとう！\n助かったよ！			Oh, grazie mille!\nPensavo di essere spacciato!	Ah, obrigado!\nEu achei que estava morto!	¡Gracias! Me salvó.	Vielen Dank!\nIch dachte schon, das war's!	Oh, dziękuje Ci!\nMyślałem, że już po mnie!	謝謝你！你救了我一命！	Oh, teşekkürler!\nİşimin bittiğini düşünmüştüm!		
event04_2	Tails!\nWhat are you doing here, too?	Tails! You came here too!?	テイルス！\nお前もこっちに来てたのか！			Tails!\nChe ci fai qui, tu?	Tails!\nO que você está fazendo aqui também?	¡Tails!\n¿También estás aquí?	Tails!\nHängst du hier etwa auch ab?	Tails!\nTy też tu jesteś?	塔爾斯！你也來啦！？	Tails!\nSende burada ne arıyorsun?		
event04_3	...Tails?		…テイルス？			...Tails?	...Tails?	¿...Tails?	...Tails?	... Tails?	……塔爾斯？	...Tails?		
event04_4	My...my name is Ali Baba.	My name is Ali Baba...	ボクの名前は\n「アリババ」っていうんだけど…			Il...il mio nome è Ali-Baba.	Meu... meu nome é Ali Babá.	Verá, me llamo Alí Babá.	Mein... Mein Name ist Ali Baba.	Ja... Ja nazywam się Ali Baba...	我的名字是\n「阿里巴巴」喔……	Benim...benim ismim Ali Baba.		
event04_5	Come on, Tails!\nI know it's you!	Come on! Not you too!	Ｃｏｍｅ　ｏｎ！\nお前もかよ！			Eddai, Tails!\nSo che sei tu!	Qual é Tails!\nEu sei que é você!	Oh, vamos, ¡¿tú también?!	Ach, komm schon, Tails!\nIch weiß, dass du es bist!	No weż Tails!\nWiem że to ty!	Ｃｏｍｅ　ｏｎ！\n怎麼連你也這樣！	Hadi ama, Tails!\nSen olduğunu biliyorum!		
event04_6	I'm very sorry.	I am sorry.	ごめんなさい			Sono molto dispiaciuto.	Eu sinto muito.	Lo lamento.	Verzeihung.	Naprawdę przepraszam.	對不起。	Çok üzgünüm.		
event04_7	He seems to have you mistaken\nfor someone else.	It looks like we mistook you for someone else...	なんだか人違いみたいで…			Sembra averti confuso con qualcun'altro.	Parece que ele te confundiu\ncom outra pessoa.	Parece que te confundió con alguien más.	Er scheint euch mit jemandem verwechselt zu haben.	Musiał Cię pomylić z kimś innym.	看來我們把你誤認成別人了……	Seni başka biriyle karıştırmış\ngibi görünüyor.		
event04_8	Oh, it's okay! I'm still very grateful\nthat you saved me!	Don't mind it!\nAfter all, I'm only safe thanks to you.	気にしないで！\nおかげで助けて　もらったわけだし			Oh, non fa niente! Sono comunque molto\ngrato che tu mi abbia salvato!	Ah, tudo bem! Ainda sou muito grato\npor ter me salvado!	Descuide. Después de todo, él me salvó.	Schon vergessen!\nIch bin trotzdem sehr dankbar für deine Rettung!	Ah, nic się nie stało!\nDalej jestem bardzo wdzięczny za uratowanie mnie!	別放在心上！\n托你的福，我才會平安無事。	Oh, sorun değil! Beni kurtardığın için\nsana hala minnettarım!		
event04_9	I might not be very strong, but I've still\ngot some tricks up my sleeve.	I may not be very strong,\nbut I'm pretty handy.	ボク　力はナイけど\nこう見えて結構器用なんだ			Non sono molto forte, ma ho\ncomunque qualche asso nella manica.	Posso não ser muito forte, mas ainda tenho\nalguns truques na manga.	No seré fuerte, pero cuento con otras destrezas.	Und, auch wenn ich nicht der Stärkste bin,\nso habe ich immer ein paar Tricks auf Lager.	Może nie jestem bardzo silny,\nale wciąż mam parę asów w rękawie.		Çok güçlü olmayabilirim, ama\nyine de birkaç numaram var.		
event04_10	If you ever need my help in return,	If there's anything I can do to help you,	何か　力に\nなれそうなことがあったら			Se ti servisse mai una mano in cambio,	Se precisar da minha ajuda,	Si puedo llegar a serles de ayuda,	Im Gegenzug, bin ich da, falls du mich brauchst.	Jeśli moge jakoś pomóc,		Eğer bir gün benim yardımım gerekirse,		
event04_11	it would be the least I could do\nto repay you.	Tell me anytime!	いつでも　言ってよね！			sarebbe il minimo che potrei fare\nper ripagarti.	seria o minimo que eu poderia fazer\npara lhe retribuir o favor.	siempre cuentan conmigo.	Das ist das Mindeste, was ich tun kann.	Nalegam żebyście mi dali znać!		bu, sana olan borcumu ödemek için\nyapabileceğim en az şey olurdu.		
event04_12	Thank you!		ありがとう！			Grazie!	Obrigado!	¡Gracias!	Habt vielen Dank!	Dziękuję!		Teşekkürler!		
event04_13	If something comes up,\nwe'll be sure to call you!	We'll let you know if we need something!	ナニかあったら、お願いね！			Se succede qualcosa,\nti chiameremo sicuramente!	Se precisarmos de algo,\ncom certeza vamos te chamar!	¡Le haremos saber si surge algo!	Sollte etwas sein, werden wir auf dich zurückkommen!	Jeśli coś się stanie,\nzawitamy do Ciebie!		Bir şey çıkarsa, seni\nmutlaka arayacağız!		
														
event05_name	Sand Scorpion Appears		サンド　スコーピオン　登場			Appare lo Scorpione di Sabbia	Sand Scorpion Aparece	El Escorpión de la arena aparece	Der Sand Scorpion erscheint	Piaskowy Skorpion Nadchodzi		Kum Akrepi Görünüyor		
event05_1	Sonic, look!	Look, Sonic!	見て！　ソニック！			Sonic, guarda!	Sonic, olha!	¡Mira, Sonic!	Sonic, pass auf!	Sonic, spójrz!		Sonic, bak!		
event05_2	Whoa! I take it that's not something\nyou see every day, huh?	Hey, who summoned that creepy thing?	おいおい　あんな不気味なもの\nだれが頼んだんだい？			Woah! Non è proprio qualcosa\nche si vede ogni giorno, eh?	Uou! Acho que isso não é algo\nque você vê todo dia, né?	Ah, caray. ¿Quién pidió esa cosa tan espeluznante?	Ich schätze mal, so was sieht man auch nicht alle Tage, hä?	Łoł! Chyba takich rzeczy się\nnie widuje każdego dnia, co?		Vay canına! Sanırım bu her gün\ngördüğünüz bir şey değil, değil mi? 		
event05_3	That must be a monster summoned\nforth by the Erazor Djinn!	That must be...A monster created by Erazor Djinn.	あれは…　イレイザー・ジンが\n生みだした怪物ね			Dev'essere uno dei mostri evocati\nda Erazor Djinn!	Aquele deve ser um monstro invocado pelo Erazor Djinn!	¡Ese es un monstruo creado por Erazor, el Genio!	Das muss eines der Monster sein,\ndie der Erazor Djinn heraufbeschworen hat!	To musi być jeden z potworów\nprzyzwanych przez Erazora Dżina!		Ahaha!\nBen Erazor Cin!		
event05_4	Shahra! Can't you do something about\nit with your magic?	Shahra, can you do something\nabout it with your magic?	シャーラ　お得意の魔法で\nアレを　なんとかしてくれないか？			Shahra! Non puoi fare qualcosa\ncon la tua magia?	Sharah! Você não pode fazer algo\ncom sua magia?	Shahra, ¿hay algo que tu magia\npueda hacer contra esta cosa?	Shahra! Kannst du dich nicht mit\ndeinem Hokuspokus darum kümmern?	Shahra! Nie możesz czegoś\nz nim zrobić swoją magią?		Şahra! Sihrinle buna bir\nşey yapamaz mısın?		
event05_5	I'm sorry, Sonic.		ごめんなさいソニック			Mi dispiace, Sonic.	Desculpa, Sonic.	Lo lamento, Sonic.	Vergib mir, Sonic.	Przykro mi, Sonic.	索尼克，對不起。	Üzgünüm, sonic.		
event05_6	My magic is no match for\nthat of the Erazor Djinn.	His magic is so powerful\nthat there's nothing I can do.	カレの魔法は　とっても強くて\n私には　どうにもできないの			La mia magia non ha paragoni\na quella di Erazor Djinn. 	Minha magia não é páreo\npara a de Erazor Djinn.	Su magia es increíblemente poderosa,\nno hay forma de que pueda hacer algo.	Meine Magie ist der des Erazor Djinns nicht gewachsen.	Moja magia nie jest na poziomie\nErazora Dżina.	他的法力太高強了，\n我實在是無能為力。	Büyüm, Erazor Cininin büyüsüyle\nboy ölçüşemez.		
event05_7	OK then! Guess I'll just have to\ndeal with him the old-fashioned way!	OK! Here's what we'll do then.\nI'll go give that guy a little kick.	ＯＫ！じゃぁ、こうしようぜ\nオレはアイツを軽くけとばしてくる　			Va bene! Immagino che dovrò\noccuparmene alla vecchia maniera!	Então tá! Acho que vou ter que\nlidar com ele à moda antiga!	¡Ok, hagámoslo! ¡Le daré unas pataditas a ese tipo!	Kein Ding! Dann verpass ich dem Teil\nhalt 'ne Abreibung auf die altmodische Art!	W porzadku! Najwidoczniej muszę się\nz nim rozprawić jak z wszystkim innym.	ＯＫ！那麼這樣好了，我就去輕踹他一下。	Pekala o zaman! Sanırım onunla eski\nusulde başa çıkmak zorunda kalacağım!		
event05_8	And hey, don't look so glum, Shahra!\nI'll have you smiling by the end of this.	So, Shahra, no more sad faces.\nAlways keep smiling!	だからシャーラ　そんなに悲しい顔はナシだ\nいつでも笑っていてくれ！			E hey, non sembrare così giù, Shahra!\nTi farò sorridere entro la fine di tutto questo.	E ei, não fique tão triste, Sharah!\nVou fazer você sorrir quando tudo isso acabar.	Y Shahra, nada de caras tristes. Sigue sonriendo.	Und hey, mach nicht so ein Gesicht, Shahra.\nWenn das alles vorbei ist, wirst du schon noch lächeln.	I hej, nie smuć się Shahra!\nSprawię że na twojej twarzy zawita uśmiech.	所以呀，夏拉，別再擺出那麼傷心的表情了。讓你的臉龐多點笑容吧。	Ve hey, bu kadar surat asma Shahra!\nBunun sonunda seni gülümseteceğim.		
event05_9	And that's not me ordering you\nas your master.	This isn't an order.	これは　命令じゃない			E quello non è un ordine\nda il tuo maestro.	E isso não é uma ordem minha\ncomo seu mestre.	Y esa no es una orden.	Und das ist kein Befehl von mir als dein Meister.	I nie jest to rozkaz do Ciebie\njako twój mistrz.	這可不是一道命令喔。	Ve bu, efendiniz olarak sana\nemir vermiyorum.		
event05_10	That's a promise from me to you.	This is a promise from me to you.	オレとオマエの「約束」だ！			Quella è una promessa da me a te.	Isso é uma promessa minha pra você.	Es una promesa entre tú y yo.	Sondern ein Versprechen.\nZwischen dir und mir.	To obietnica między mną a tobą.	這是我對你的「約定」！	Bu, sana vereceğim bir söz.		
event05_11	Yes...all right.	Okay...Got it.	うん…わかった			Si...va bene.	Sim... tudo bem.	Ajá... ¡De acuerdo!	Ja... In Ordnung.	Tak... Dobrze.	嗯……知道了。	Evet... pekala.		
event05_12	All right! Let's do it!		よし　やってやるぜ！			Perfetto! Facciamolo!	Beleza! Vamos nessa!	¡Bien, a darle!	Sehr schön! Dann mal los!	W porzadku! Zróbmy to!	好！那我們走吧！	Pekala! Hadi yapalım!		
event05_13	A promise...		約束…			Una promessa...	Uma promessa...	Una promesa...	Ein Versprechen...	Obietnica...	約定……	Bir söz...		
														
event06_name	The Ring of Joy	Got the Yellow World Ring!	黄色の世界リング　ゲート！			L'Anello della Gioia	Anel do Mundo Amarelo	¡Obteniendo el Anillo amarillo de la Alegría!	Der gelbe Weltenring	Pierścień Radości		Sevinç Yüzüğü		
event06_1	There it is, Sonic!	Look at this, Sonic!	これをみて　ソニック！			Eccolo, Sonic!	Lá está, Sonic!	Mira esto, Sonic.	Da ist er, Sonic!	Tam jest, Sonic!		İşte orada, Sonic!		
event06_2	So that's...	This is...	これは…			Quindi quello è...	Então esse é...	Esto es...	Das ist also...	Więc to jest...		Yani bu...		
event06_3	This must be one of the seven World\nRings the Erazor Djinn spoke of!	This might be one of the seven World Rings\nthat Erazor Djinn mentioned...	イレイザー・ジンが言っていた\n７つの世界リングの１つかも…			Questo dev'essere uno dei sette Anelli\ndel Mondo di cui parlava Erazor Djinn!	Esse deve ser um dos sete Anéis do Mundo\nque o Erazor Djinn mencionou!	Podría ser uno de los siete Anillos mundiales\nque mencionó Erazor, el Genio.	Das muss einer der sieben Weltenringe sein,\nvon denen der Erazor Djinn gesprochen hat!	To musi być jeden z Pierścieni\no których mówił Erazor Dżin!		Bu, Erazor Cinin bahsettiği yedi\nDünya Halkasından biri olmalı!		
event06_4	?\nI can't pick it up...	?\nI can't grab it...	？\nつかめない…			?\nNon posso prenderlo...	?\nEu não consigo pegá-lo...	Ah...\nNo puedo tomarlo.	?\nIch kann ihn nicht aufheben...	Hę?! Nie mogę go podnieść...		?\nAlamıyorum...		
event06_5	Ow!	Uwaah!	うわぁぁぁ			Uwaah!	Ai!	¡Gua...!	...! Augh!	Ał!		Ow!		
event06_6	{When darkness descends upon the Arabian Nights,	{When darkness falls upon  the Arabian Nights,	『アラビアンナイトに闇が訪れるときー			{Quando l'oscurità cala sulle Mille e una Notte,	{Quando a escuridão cair sobre as Mil e Uma Noites -	{Cuando se cierna la oscuridad sobre\n'Las mil y una noches',	{Fällt Tausendundeine Nacht der Dunkelheit anheim,	(Kiedy ciemność pochłania Arabskie Noce,		{Binbir Gece Masalları'na karanlık çöktüğünde,		
event06_7	The legendary blue hedgehog from another world shall come.}	The legendary blue hedgehog\nshall come from the outside world.}	ー外界より伝説の\n青いハリネズミきたる』			Il leggendario riccio blu\nverrà da un mondo esterno.}	- o lendário ouriço azul de outro mundo surgirá.}	desde un mundo distante llegará\nel legendario erizo azul.}	tritt der legendäre blaue Igel aus\neiner anderen Welt ans Licht.}	Legendary Niebieski Jeż nadejdzie z innego świata.)		başka bir dünyadan efsanevi mavi kirpi gelecek.}		
event06_8	Me? Legendary?\nYou've got to be kidding!	What's that? You mean me?	なんだ？　オレのこと？			Io? Leggendario?\nStai scherzando!	Eu? Lendário?\nTá de brincadeira!	¿Qué? ¿Habla de mí?	Ich? Legendär?\nDu machst wohl Witze!	Ja? Legendarny?\nChyba se żartujesz!		Ben mi? Efsane mi? Şaka yapıyorsun herhalde!		
event06_9	You're gonna make me blush!	You're making me blush.	テレるじゃないか			Mi farai arrossire!	Fico até sem jeito!	¡Hará que me sonroje!	Ich werd gleich rot!	Zarumienie się!		Beni utandıracaksın!		
event06_10	{When the seven rings that control the worlds are gathered,		『７つの世界を統べる\nリングがそろいしとき			{Quando i sette anelli che controllano i mondi saranno raccolti,	{Quando os sete anéis que controlam os mundos forem reunidos,	{Cuando se reúnan los siete anillos\nque gobiernan los mundos,	{Werden die sieben Ringe vereint,\nwelche die Welt kontrollieren,	(Kiedy siedem pierścieni kontrolujących świat zostaną zebrane,		{Dünyaları kontrol eden yedi yüzük bir araya geldiğinde,		
event06_11	The portal between the worlds shall open.	The door that connects the worlds shall open.	世界をつなぐ扉が開くであろう…			Il portale tra i mondi si aprirà.	o portal entre os mundos abrirá.	se abrirá la puerta que los conecta.	öffnet sich sogleich das Portal zwischen den Welten.	Portal między światami otworzy się.		dünyalar arasındaki geçit açılacak.		
event06_12	But the life of the collector\nof the rings shall be offered up	But the gatherer shall pay with their life,	しかしそれを集めし者\n命のつぐないをもって			Ma la vita di colui che li ha\nraccolti dovrà essere offerta	Mas a vida do coletor\ndos anéis será oferecida	Sin embargo, aquel que los reúna\nse convertirá en la llave para gobernarlos,	Doch das Leben dessen, der die Ringe zusammenträgt,\nsoll als Opfer dargebracht werden, 	Natomiast życie zdobywcy pierścieni\nzostanie zaoferowane		Fakat yüzükleri toplayan kişinin\nhayatı feda edilecektir.		
event06_13	in sacrifice as the key for that control.}	And become the key to control all.}	全てを統べる鍵となさん』			come sacrificio, che funge come chiave per quel controllo.}	em sacrifício como a chave desse poder.}	pagando para ello con su vida.}	um den Schlüssel zu formen, der die Macht beherrscht.}	W poświęceniu za klucz do tej kontroli.)		fedakarlık, bu kontrolün anahtarıdır.}		
event06_14	That is what is written in the newest\nchapter of the Arabian Nights.	...This is the most recent addition\nto the Arabian Nights.	…これが　最近アラビアンナイトに\nあらたに書き加えられた文章です			...Questa è il capitolo aggiunto più recentemente\nnelle Mille e una Notte	Isso é o que está escrito no mais novo capitulo\ndas Mil e Uma Noites.	Esto se añadió apenas a """Las mil y una noches""".	So steht es geschrieben,\nim neuesten Kapitel von Tausendundeiner Nacht.	Tak jest napisane w najnowszym\nrozdziale Arabskich Nocy.		Binbir Gece Masalları'nın en yeni\nbölümünde böyle yazıyor.		
event06_15	Say what?!\nI'm supposed to be a sacrifice?	Gosh! He wants to sacrifice me?	Ｇｏｓｈ！\nオレをイケニエにしようってのか			Cosa?!\nIo dovrei essere un sacrificio?	É o quê?!\nEu vou ter que me sacrificar?	¡Dios! ¿Acaso quiere sacrificarme?	Bitte was?!\nIch soll als Opferlamm herhalten?!	Że co?!\nŻe ja niby mam się poświęcić?		Ne dedin?!\nBen kurban mı olacağım?		
event06_16	That, I cannot say for sure.	Currently, it is hard to say.	このままでは　なんともいえません			Quello, non riesco a dirtelo certamente.	Disso, eu não tenho certeza.	Por ahora no estoy segura.	Dies kann ich nicht mit Gewissheit sagen.	Tego nie jestem w stanie potwierdzić.		Bunu kesin olarak söyleyemem.		
event06_17	But I do believe that these World Rings	But inside the World Rings,	ただ　この世界リングには			Ma io credo che questi Anelli del Mondo	Mas acredito que esses Anéis do Mundo	Sin embargo, creo que estos Anillos mundiales	Doch ich bin davon überzeugt, dass diese Weltenringe	Ale wierzę, że te Pierścienie Świata		Ama bu Dünya Yüzükleri		
event06_18	Hold the key to some kind of mystery.	I think there's some secret hidden away.	なにか秘密が隠されているのだと思います			Sono la chiave per qualche sorta di mistero.	São a chave de algum tipo de mistério.	ocultan un gran secreto en ellos.	eine Art Geheimnis in sich bergen.	Trzymają sekret do jakiejś tajemnicy.		Bir tür gizemin anahtarını elinde tutuyor.		
event06_19	And I think that we need to collect them	We have to somehow gather the seven rings	７つのリングをなんとか集めて			E penso che dovremmo collezionarli 	E acho que precisamos coletá-los	Debemos reunir de alguna forma los siete Anillos	Und ich denke, dass wir sie alle sammeln müssen, 	Wydaje mi się, że musimy je zbierać,		Ve bence bunları toplamamız gerekiyor.		
event06_20	To get to the bottom of this mystery.	And reveal that secret.	その秘密を解かないと…			Per arrivare fino in fondo a questo mistero.	para desvendar esse mistério.	y desentrañar ese misterio.	um eben dieses Geheimnis zu lüften.	Aby dojść do tej tajemnicy.		Bu gizemin dibine inmek için.		
event06_21	Well, considering that I still have\nthis arrow in me to worry about,	Well, I've got this arrow in my chest,	オレの胸にこんな矢が刺さってるし			Beh, considerando che ho ancora questa\nfreccia dentro di me di cui devo preoccuparmi,	Bem, considerando que ainda tenho\nessa flecha em mim pra me preocupar.	Tengo una flecha clavada en el pecho,	Naja, wenn man bedenkt, dass ich\nimmer noch diesen Pfeil in mir trage,	Cóż, i tak mam tą strzałe,\nktórą powinienem się przejmować,		Şey, hâlâ içimde bu ok olduğu ve bununla ilgili\nendişelenmem gerektiği göz önüne alındığında,		
event06_22	I guess I'm in a pinch either way, right?	So either way, I'm in a pinch, huh?	どっちにしろピンチってわけだな			mi sa di essere in un bel guaio ad ogni modo, giusto?	Acho que eu tô encrencado de qualquer forma, né?	así que estoy en apuros de cualquier manera.	sitze ich doch so oder so in der Klemme, stimmt's?	Więc tak czy siak mam przerabane, nie?		Sanırım her iki durumda da sıkıntıdayım, değil mi?		
event06_23	I'm sorry. It's my fault that all of\nthis is happening to...	I'm sorry.\nBecause of me, you're forced into this fate...	ごめんなさい　わたしのせいで\nアナタをこんな運命に…			Mi dispiace. È colpa mia che ti sta\nsuccedendo tutto...	Desculpa... A culpa é minha por tudo isso\nestar acontecendo com...	Lo lamento.\nEs mi culpa que tengas que sufrir este destino...	Das tut mir so leid.\nEs ist nur meine Schuld, dass das alles...	Przepraszam. To moja wina,\nże to wszystko się Tobie...		Özür dilerim. Tüm bunların yaşanmasının\nsorumlusu benim...		
event06_24	Hahaha.\nHey, don't worry about it.	Hahaha. Don't worry about it.	ハハハ\n気にするなって			Hahaha.\nHey, non farti alcun problema.	Hahaha.\nEi, não esquenta.	Ja, ja, ja... No te preocupes.	Hahaha!\nHey, mach dir keinen Kopf!	Hahaha.\nHej, nie przejmuj się tym.		Hahaha.\nHey, endişelenme.		
event06_25	Besides, don't you know how fast I am?	Besides, you know what my specialty is, right?	しってるかい？\nオレの得意技を			Comunque, non sai quanto sono veloce?	Além do mais, você não sabe o quão rapido eu sou?	¿Sabes para qué soy bueno?	Außerdem, kennst du etwa nicht den Sonic-Speed?	Przecież już wiesz, jaki jestem szybki?		Ayrıca, ne kadar hızlı olduğumu bilmiyor musun?		
event06_26	Time may fly, but I'm even faster!	With my speed, I'll break through fate itself!	運命なんて　オレのスピードで\n振り切ってやるさ			Il tempo può volare, ma io sono ancora più veloce!	O tempo pode voar, mas eu sou ainda mais rapido!	Me libraré de esta sólo con mi velocidad.	Die Zeit mag rennen, aber ich renne schneller!	Czas może śmigać, ale ja też!		Zaman uçup gidiyor olabilir, ama ben daha da hızlıyım!		
														
event07_name	Rescuing the King	Trying to Help the King...	王様を助けてみたものの…			Salvando il Re	Salvando o Rei	Intentando ayudar al sultán...	Die Rettung des Königs	Ratowanie Króla		Kralı kurtarmak		
event07_1	You! Spiky thing! Do something!\nSave me!	Hey! What are you doing, you spiky thing!\nHurry up and save me!	こりゃ！　トゲトゲ何をしとる！\n早くワシを助けんかっ！！			Tu! Cosa spinosa! Fai qualcosa!\nSalvami!	Você! Coisa espinhosa! Faz alguma coisa!\nMe salva!	¡Oye, espinoso, ¿qué estás haciendo?!\n¡Date prisa y sálvame!	Du! Nadelkissen! Tu etwas!\nHilf mir!	Ty! Kolcowaty cosiu! Zrób coś!\nRatuj mnie!		Sen! Dikenli şey! Bir şey yap!\nKurtar beni!		
event07_2	Aaaahhhhhh!	Waaaaahhh!	のわあああああ…！			Aaaahhhhhh!	Aaahhhhhh!	¡Aaaahhhhhh!	Aaaahhhhhh!	Aaaaaahhhhh!		Aaaahhhhhh!		
event07_3	Ah?!	Hya!?	ひゃ！？			Ah?!	Ah?!	¡Ah...!	Ah?!	Ah?!		Ah?!		
event07_4	...!!		…！！			...!!	...!!	¡¡...!!	...!!	..!!	...!!	...!!		
event07_5	Whew!	Whew...	ハァ…			Phew!	Ufa!	Uf...	Puh!	Fiu!	呼！	Whew!		
event07_6	How dare you! I am the King!\nMust you be so rude?	Why, you! I am the King!\nCan't you handle me more elegantly!?	貴様！　ワシは王様じゃぞ！！\nもっとエレガントにあつかわんか！			Come ti permetti! Io sono il Re!\nDevi per forza essere così sgarbato?	Como você ousa?! Eu sou o Rei!\nVocê precisa ser tão grosseiro?	¡Bruto! ¡¿No ves que soy el sultán?!\n¡Trátame con más elegancia, ¿quieres?!	Du wagst es...?! Ich bin der König!\nMusst du denn so grob sein?	Jak śmiesz! Jestem Królem!\nCzy musisz być taki niemiły?		Nasıl cüret edersin! Ben kralım!\nBu kadar kaba olmak zorunda mısın?		
event07_7	Sorry!		Ｓｏｒｒｙ			Scusa!	Foi mal!	¡Lo siento!	Sorry!	Sory!		Üzgünüm!		
event07_8	Your Highness, where did that\nspirit go?	Your Highness, what happened to that genie?	王様　あのマジンは？			Vostra Altezza, dov'è andato\nquello spirito?	Vossa Alteza, onde aquele\nespirito foi?	Majestad, ¿qué fue de ese majin?	Eure Hoheit, wohin ist der Geist verschwunden?	Wasza Wysokość, gdzie udał się\nten duch?		Majesteleri, o ruh nereye gitti?		
event07_9	Just as feared, he's gone ahead to that castle\nand it seems more minions are being assembled.	He promised to recruit more more minions,\nso he headed for the castle up ahead.	ヤツは手下をもっと増やすとねかして\nこの先にある城に向かいおった			Proprio come pensavo, è andato dritto a quel castello\ne sembra che più scagnozzi si stiano assemblando.	Como eu temia, ele foi até aquele castelo\ne parece que mais lacaios estão se juntando.	¡Se jactó de que reuniría más seguidores y\nse dirigió hacia el castillo de más adelante!	In Richtung dieses Schlosses, genau wie ich befürchtet hatte.\nUnd weitere Lakaien sind schon unterwegs.	Tak jak się obawiałem, poleciał do tego zamku i\nwygląda na to, że więcej minionów jest tam gromadzonych.		Korkulduğu gibi, o kaleye doğru ilerlemiş ve\ngörünüşe göre daha fazla hizmetkar toplanıyor.		
event07_10	Castle?		城？			Castello?	Castelo?	¿Castillo?	Schloss?	Zamek?		Kale mi?		
event07_11	There's a giant fortress just ahead.	Beyond this point lies a massive fortress.	この先にあるのは　巨大な城塞です			C'è una fortezza gigante proprio qui davanti.	Tem uma fortaleza gigante logo a nossa frente.	Delante se alza una fortaleza colosal.	Direkt vor uns liegt eine riesige Festung.	Niedaleko jest gigantyczna twierdza.		Hemen ileride devasa bir kale var.		
event07_12	It's a relic from an ancient kingdom...	A nation that vanished long ago...	とうの昔に滅びた国の…			È una reliquia da un regno antico...	É uma relíquia de um reino antigo...	Una tierra que murió hace mucho tiempo...	Sie ist der Überrest eines uralten Königreichs...	To relik starożytnego królestwa...		Bu, eski bir krallıktan kalma bir kalıntı...		
														
event08_name	The Ring of Hatred	Got the Green World Ring!	緑色の世界リング　ゲート！			L'Anello dell'Odio	Anel do Mundo Verde	¡Obteniendo el Anillo verde del Odio!	Der grüne Weltenring	Pierścień Nienawiści		Nefret Yüzüğü		
event08_1	Hey, look at that!	Whoa, this is...	おっとこれは…			Hey, dai un'occhiata!	Ei, olha só!	¡Oh, ahí está!	Hey, schau mal!	Hej, spójrz na to!		Hey, şuna bak!		
event08_2	It's another one of the seven World Rings.	It's one of the seven World Rings.	７つの世界リングのひとつね			È un'altro di quei sette Anelli del Mondo.	É outro dos sete Anéis do Mundo.	Sí, otro de los siete Anillos mundiales.	Das ist ein weiterer der sieben Weltenringe.	To kolejny Pierścień Świata.		Bu yedi Dünya Yüzüğünden başka bir tanesi.		
event08_3	Ah! This power...	Ugh! This power...	う！　この力は…			Ah! Questo potere...	Ah! Esse poder...	¡Guau! ¡Este poder...!	Argh! Diese Macht...	Ah! Ta moc...		Ah! Bu güç...		
event08_4	This must be what has driven\nthe spirits mad, I think.	Could this be what drove the genies mad?	これがマジンたちを　狂わせた\n正体じゃないでしょうか？			Questo dev'essere quello chen\ha fatto arrabbiare gli spiriti, penso.	Acho que deve ser isso\nque deixou os espiritos loucos.	¿Podría ser esto lo que enloqueció a los majin?	Das muss es sein, was die Geister erzürnt hat, denke ich.	To musi być to, co powoduje gniew\nduchów, tak mi się wydaje.		Sanırım bu, ruhları\nçıldırtmış olmalı.		
event08_5	It is only recently that\nthey have been behaving this way.	It is only recently that\nviolent genies have been appearing...	凶暴なマジンが沢山でてきたのは\n最近のことなんですが…			È solo recentemente che si stanno\ncomportando in questo modo.	Eles só começaram a agir assim\nrecentemente.	Fue apenas hace poco que aparecieron\ntantos majin feroces.	Immerhin verhalten sie sich erst seit Neuestem so.	Dopiero niedawno zaczeły\nzachowywać się w ten sposób.		Bu şekilde davranmaya başlamaları\nancak son zamanlarda oldu.		
event08_6	Well, I think I've had just about\nenough of this.	Well, that's definitely possible.	たしかに\nその線は十分アリだ			Beh, penso di essermi proprio stufato\ndi tutto questo.	Bom, é o que parece.	De hecho eso es bastante plausible.	Ach ja? So langsam hab ich die Faxen dicke.	No, chyba mam już tego dość.		Sanırım artık bu durumdan\nyeterince bıktım.		
event08_7	...		…			...	...	...	...			...		
event08_8	Speaking of which, as Genie of\nthe Ring, can I ask you for a favor?	Speaking of which, can I ask a little favor\nfrom the Genie of the Ring?	そういえば　ちゃっとリングの精に\n頼みごとをしてもいいかな？			A proposito, come Genio dell'Anello,\nposso chiederti un favore?	Parando pra pensar, como Gênia\ndo Anel, posso te pedir um favor?	Por cierto, me gustaría pedirle\nun favor al espíritu del anillo.	Wo wir schon dabei sind,\nkönntest du mir einen kleinen Gefallen tun?	Póki o tym mowa, jako dżin pierścienia,\nczy moge prosić cię o przysługę?		Madem konu açıldı, Yüzüğün Cini\nolarak senden bir ricam olabilir mi?		
event08_9	"O Master, your wish is my command."	"""What do you wish for, my Master?\nI am at your command."""	「なにがお望みでしょう？\nご主人さま　なんなりとご命令を」			"O Maestro, il tuo desiderio è il mio ordine."	"""Ó Mestre, seu desejo é uma ordem."""	"""¿Qué es lo que desea, mi amo?\nSus deseos son órdenes."""	"""Oh Meister, dein Wunsch ist mir Befehl."""	"Oh Mistrzu, twoje życzenie jest moją komendą."		"Ey Üstadım, dileğiniz benim emrimdir."		
event08_10	Do you think you could take this Judgment\nthing out of my chest for me?	Can you take this "Judgement" thing\nout of my chest?	この胸の「さばきの　なんとか」を\n取ってくれないか？			Pensi che riusciresti a togliere questa cosa del\n"Giudizio" fuori dal mio petto per me?	Acha que consegue tirar esse tal Castigo\ndo meu peito pra mim?	¿Podrás quitarme esta cosa del juicio del pecho?	Meinst du, du könntest dieses\nUrteilsdingens aus mir herausholen?	Mogłabyś wyjąć to Osądowe\ncoś z mojej klaty?		Sence şu içimdeki yargı duygusunu\nbenim yerime çıkarabilir misin?		
event08_11	...		…			...	...	...	...	...		...		
event08_12	I am sorry.	I'm sorry.	ごめんなさい			Mi dispiace.	Eu sinto muito.	Lo lamento.	Bedaure.	Przykro mi.		Üzgünüm		
event08_13	Hey, no worries.\nCheer up.	Hey, don't look so glum.	Ｈｅｙ\nそんなに　悲しい顔するなよ			Hey, nessun problema.\nRallegrati.	Ei, sem problema.\nSe anima.	Ey, no pongas esa cara tan triste.	Hey, kein Thema.\nKopf hoch.	Bez powodu. Rozchmurz się.		Hey, sıkıntı yok.\nNeşelen.		
event08_14	Hm?	Huh?	え？			Hm?	Hm?	¿Eh?	Hm?	Hm?		Hm?		
event08_15	Don't sweat it!	It's fine!	大丈夫！			Rilassati!	Relaxa!	¡No te preocupes!	Mach dich nicht verrückt!	Nie martw się!		Endişelenme!		
event08_16	Anyways, no adventure is fun if it's too easy,\nright?	Adventures are more fun\nwhen they're difficult, right?	冒険ってのは難しいほうが\n楽しめるってもんだろ？			Comunque, le avventure non sono divertenti\nse sono troppo facili, vero?	De qualquer forma, uma aventura não é divertida\nse for muito fácil, né?	Las aventuras son más divertidas\ncuando son un reto, ¿no?	Immerhin macht kein Abenteuer Spaß,\nwenn es zu einfach ist, richtig?	Co to za zabawa z przygody jeśli miałaby być łatwa, nie?		Her neyse, çok kolay bir macera eğlenceli\nolmaz, değil mi?		
event08_17	Although it would have been nice\nif your magic DID work, in any case...	Well, if your magic COULD take it off,\nthat would also be great.	ただ　魔法で取れるんなら\nそれもいいかなってね			Anche se avrebbe fatto comodo\nse la tua magia AVESSE funzionato, ad ogni modo...	Mas até que seria legal se a sua magia funcionasse, enfim...	Aunque ojalá se hubiera podido sacar con magia...	Obwohl es schon echt cool wäre, wenn deine Magie\nmal funkionieren würde. Wie dem auch sei...	No, mimo wszystko BYŁOBY fajnie\ngdyby twoja magia zadziałała.		Her ne kadar sihrin işe yarasaydı\ngüzel olurduysa da...		
event08_18	Okay, then! Let's keep going!	All right, let's get going!	よーし　はりきって　いくぜ！			Bene, allora! Continuiamo ad andare!	Beleza, então! Vamos continuar!	¡Bueno, manos a la obra!	Alles Klärchen! Machen wir weiter!	Trudno! Idżmy dalej!		Tamam, o zaman! Hadi devam edelim!		
event08_19	Yes.	...Yes.	…はい			Si.	Sim.	Sí.	Jawohl.	Tak jest.		Evet.		
														
event09_name	The Fire Spirit Appears	A Formidable Enemy, the Fire Genie, Appears	強敵　炎のマジンあらわる			Lo Spirito del Fuoco Appare.	O Espirito de Fogo Aparece	Un formidable enemigo: el majin de fuego	Der Feuergeist erscheint	Nadchodzi Ognisty Duch		Ateş Ruhu Görünüyor		
event09_1	It's him!\nWhat's he doing here?!	It's him! What's he trying to do!?	アイツ！\nナニをする気なんだ！？			È lui! Cosa ci fa qui?!	É ele!\nO que ele tá fazendo aqui?!	¡Ese maldito! ¡¿Qué está planeando?!	Der schon wieder!\nWas macht er hier?!	To on!\nCo on tu robi?!		Bu o!\nBurada ne yapıyor?!		Вот он!\nЧто он собирается сделать?
event09_2	He's calling more spirits!	He's going to summon a genie!	マジンを呼びだす気です！			Sta chiamando altri spiriti!	Ele está invocando mais espiritos!	¡Pretende invocar más majin!	Er ruft noch mehr Geister!	Wzywa więcej duchów!		Daha fazla ruh çağırıyor!		Он призывает злого духа!
event09_3	Spirits?!	Genie!?	マジン！？			Spiriti?!	Espiritos?	¡¿Majin?!	Geister?!	Duchy?!		Ruhlar mı?!		Духа?
event09_4	Ifalas zaras I e zaraq!\nIfalas zaras I e zaraq!	Ifaras zaras I e zaraq!\nIfaris zaris I e zariq!	イフャラス・ザラス・イ・エ・ザラス\nイフャラス・ザリス・イ・エ・ザリス			Ifalas zaras I e zaraq!\nIfalas zaras I e zaraq!	Ifalas zaras I e zaraq!\nIfalas zaras I e zaraq!	¡Ifaras zaras i e zaraq!\nIfaris zaris i e zariq!	Ifalas zaras I e zaraq!\nIfalas zaras I e zaraq!	Ifalas zaras I e zaraq!\nIfalas zaras I e zaraq!		Ifalas zaras I e zaraq!\nIfalas zaras I e zaraq!		Ифарас Зарас Иезарак,\nИфарис Зарис Иезарик...
event09_5	Come forth from the fiery depths of Jahannam,\nye condemned by Iblis!	From the furnace of the Jahannam abyss,\ncome forth, accursed arm of Iblis!	深淵なるジャハンナの炉よりきたれ\nイブリースの忌まれし腕（かいな）			Risalite dalle profondità ardenti di Jahannam,\nvoi condannati da Iblis!	Surja das profundezas flamejantes de\nJahannam, braço amaldiçoado de Iblis!	¡Surge del ardiente abismo del Yahannam!\n¡Oh, brazo maldito de Iblís!	Erhebe dich aus den feurigen Untiefen des Jahannam,\noh verbannte Seele!	Przybadż z ognistych czeluści Jahannman,\nskazańcu Iblisa!		İblis tarafından lanetlenmiş olan,\ncehennemin ateşli derinliklerinden çık!		Приди из глубин Джаханнама,\nпроклятый Иблисом...
event09_6	Iz Afrit!		イス・イーフリーテ！！			Iz Afrit!	Iz Afrit!	¡Iz eefreet!	Iz Afrit!	Iz Afrit!		Iz Afrit!		Ис Ифрит!
event09_7	Roooaarr!		ゴッフォー			Roooaarr!	Roooaarr!	*rugido*	Roooaarr!	Raaagh!		Roooaarr!		Гр-р-р-р!
event09_8	That's...!	That's...	アレが…			Quello è...!	Aquele é...!	¡Ese...!	Was...?!	To...!		Bu...!		Это же...
event09_9	It's a djinn that controls fire...\nIt's called an Ifrit!	Ifrit, the great genie whose flames\nscorches the entire world!	世の中のすべてを焼き尽くす\n炎の大マジン　イフリート！！			È un djinn che controlla il fuoco...\nSi chiama Ifrit!	É um espirito que controla fogo...\nÉ chamado de Ifrit!	¡Es un gran majin cuyas llamas\nreducen a cenizas todo, un ifrit!	Das ist ein Djinn, der über das Feuer herrscht...\nEin Ifrit!	To dżin kontrolujący ogień...\nNazywa się Ifrit!		Bu ateşi kontrol eden bir cin...\nBuna Ifrit deniyor!		Тот, кто сжигает всё сущее!\nЗлой дух огня, Ифрит!
event09_10	...		…			...	...	...	...			...		...
event09_11	I have already carved up half of\nthe pages that make up this world.	I've already harvested half the world's pages.	すでに世界のページの半分は\n刈り取らせてもらった			Ho già cancellato metà delle\npagine che fanno questo mondo.	Eu já reescrevi metade\ndas paginas que fazem parte desse mundo	Ya he cosechado la mitad\nde las páginas del mundo.	Somit habe ich bereits die Hälfte aller Seiten\nausgelöscht, die diese Welt ausmacht.	Zdążyłem się już pozbyć pół stron,\nktóre tworzą ten świat.		Bu dünyayı oluşturan sayfaların yarısını\nçoktan parçalara ayırdım bile.		Из этого мира мне удалось стереть\nуже половину страниц.
event09_12	Then why do you need to call forth\na creature like that?	That's why you could summon it...	だから　アレを呼びだすことが\nできるのね…			E allora perché ti serve\nevocare una creatura simile?	Então pra que invocar\numa criatura como essa?	¿Por eso pudiste invocarlo?	Und wozu beschwörst du dann noch solch eine Kreatur?	Dlaczego więc potrzebujesz\nprzyzywać takiego stwora?		O halde neden böyle bir yaratığı\nçağırman gerekiyor?		Вот почему он смог его призвать...
event09_13	I've decided to let the Ifrit\nburn whatever pages remain in the book.	I'll let Ifrit burn the rest of the pages for me.	残りのページは　このイフリートにでも\n燃やしてもらうこととしよう			Ho deciso che lascerò bruciare\nil resto delle pagine a Ifrit.	Eu decidi deixar o Ifrit\nqueimar quaisquer páginas restantes desse livro.	Dejaré que las llamas de este ifrit\nse encarguen del resto de las páginas.	Ich beschloss, den Ifrit sämtliche übrigen Seiten\nim Buch niederbrennen zu lassen.	Zdecydowałem, że Ifrit spali resztę\npozostałych stron tej książki.		Ifrit'in kitapta kalan sayfaları\nyakmasına karar verdim.		Оставшиеся страницы Ифрит сожжёт\nи без моей помощи.
event09_14	You, blue RAT!	You, blue sewer rat.	そこの青いドブネズミ			Tu, RATTO blu!	Você, RATO azul!	Tú, sucia rata azul,	Du, blaue RATTE!	Ty, niebieski SZCZURZE!		Sen, mavi FARE!		А теперь ответь мне, крыса.
event09_15	Have you gathered the seven rings yet?	Are you collecting the seven rings?	７つのリングは　集めているのか？			Ce l'hai fatta a raccogliere i sette anelli?	Já juntou os sete anéis?	¿ya reuniste los siete Anillos?	Hast du schon die sieben Ringe beisammen?	Zebrałeś już dla mnie siedem pierścieni?		Yedi yüzüğü topladın mı bakalım?		Ты собираешь кольца, как я приказал?
event09_16	And enough of that RAT stuff....seriously!	Hey, hey! I'm not a sewer rat.	オイオイ　オレはドブネズミじゃない			E basta con la storia del "ratto"...seriamente!	Chega dessa coisa de rato... sério!	¡Oye, ya te dije que no soy una rata!	Genug von diesem Ratten-Käse, ernsthaft!	Odpuść sobie już z tym SZCZUREM.... serio!		Ve bu FARE muhabbetinden yeter artık... cidden!		Эй-эй,  повторюсь, я не крыса.
event09_17	I'm a hedgehog! HEDGE-HOG!	I'm a H-E-D-G-E-H-O-G!	ハ・リ・ネ・ズ・ミ　だ！			Sono un riccio! RI-CCIO!	Eu sou um ouriço! OU-RI-ÇO!	¡Soy un E-RI-ZO!	Ich bin ein Igel! I-GEL!	Jestem jeżem!\nJE-ŻEM!		Ben bir kirpiyim! KİR-Pİ!		Я ЁЖ!
event09_18	All you filthy vermin are worthless\njust the same...	A filthy, lowly creature all the same.	薄汚い下等生物に変わりはあるまい			Tutti voi schifosi vermi non avete alcun valore\nugualmente.	Todos vocês vermes imundos são inúteis\nda mesma forma...	Ambas especies, asquerosas e inferiores criaturas.	Oh, das ist dasselbe in Grün!\nUngeziefer bleibt Ungeziefer...	Wy wszyscy brudne robaki jesteście\ntak samo bezwartościowe...		Siz pislik haşerelerin hepsi aynı şekilde değersizsiniz...		Неважно, все мерзкие паразиты одинаковы.
event09_19	At any rate, you'd better hurry it up!	At any rate...You'd better hurry up.	それに…　早くしたほうがよかろう			In qualunque modo, è meglio che ti sbrighi!	De qualquer forma, é melhor se apressar!	¡Cómo sea, mejor date prisa!	Wie auch immer, du hältst dich besser ran!	W każdym razie, lepiej się pośpiesz!		Her halükarda, acele etsen iyi olur!		И на твоём месте... я бы поспешил.
event09_20	Dang!	Tsk!	チッ！			Cavolo!	Droga!	¡Tch!	Mist!	Kurna!		Kahretsin!		Чёрт!
event09_21	With only half of the flame left,\nonly half of your life force remains.	Your life is already half gone...That's all.	キサマの命も半分を切った…\nというわけだ			Con solo metà della fiamma rimasta,\nsolo metà della tua forza vitale rimane.	Com apenas metade da chama,\nresta somente metade da sua força vital.	Como verás, te resta menos de la mitad de tu vida.	Mit halber Flamme bleibt auch nur noch\ndie Hälfte deiner Lebenskraft übrig.	Zostało ci tylko pół płomienia,\nz tym tylko pół twojego życia.		Alevin sadece yarısı kaldığına göre, yaşam\ngücünün de sadece yarısı kalmıştır.		Потому что от твоей жизни осталась\nлишь половина... А потом... смерть.
event09_22	Wait!!	Hold it!!	まて！！			Aspetta!!	Espera!!	¡Alto!	Warte!!	Czekaj!		Bekle!!		Стой!
event09_23	Roooaarr!		ゴッフォー			Roooaarr!	Roooaarr!	*rugido*	Roooaarr!	Raaagh!		Roooaarr!		Гр-р-р-р!
event09_24	Hey, you!\nGet out of our way!	Tch, out of the way! \nI'll take you out in a flash!	チッ　邪魔だ！\nこんなヤツひとヒネリだぜ！			Hey, tu!\nFuori dalla mia strada!	Ei, você!\nSai do nosso caminho!	¡Agh, ya basta, maldito estorbo!	Hey, du!\nMach 'nen Abgang!	Hej, ty!\nZłaż nam z drogi!		Hey, sen!\nYolumuzdan çekil!		Чёрт, не мешай!\nЯ с тем ещё не закончил!
event09_25	What the...? That didn't work?	What the? That didn't work!?	なんだ　きかない！？			Ma che...? Non ha funzionato?	Mas o que...? Isso não funcionou?	¡¿Qué?! ¡No funcionó!	Was...? Es klappt nicht!	Co do- ? To nie zadziałało?		Bu da ne...? İşe yaramadı mı?		Что? Не сработало?
event09_26	It's no use, Sonic!		ダメよ　ソニック！！			Non c'è modo, Sonic!	Não adianta, Sonic!	¡No, Sonic!	Es bringt nichts, Sonic!	To na nic, Sonic!		İşe yaramaz, Sonic!		Не надо, Соник!
event09_27	Your life is tied to the flame!\nYou cannot fight fire with fire!	Your body is tied to flames right now.\nYou cannot fight fire with fire!!	アナタの体は今　火の領界に属している\n火で炎をうつことはできないわ！！			La tua vita è legata a quella fiamma!\nNon puoi combattere il fuoco con il fuoco!	Sua vida está ligada a chama!\nVocê não pode enfrentar fogo com fogo!	¡Tu cuerpo ahora pertenece al reino del fuego!\n¡No puedes combatir el fuego con fuego!	Dein Leben ist an die Flamme gebunden!\nDu kannst nicht Feuer mit Feuer bekämpfen!	Twoje życie jest przywiązane z płomieniem!\nNie da się zwalczyć ognia ogniem!		Hayatın alevlere bağlı!\nAteşle ateşe savaşamazsınız!		Твоё тело непрерывно испускает пламя,\nа огонь огнём победить нельзя!
event09_28	Oh yeah? Just watch me!	Now he's done it!	やってくれるぜ！！			Ah si? Te lo faccio vedere io!	Ele se superou dessa vez!	¡Ahora sí me fastidió!	Ach ja? Schau mal genau hin!	Ta? To patrz na mnie!		Oh öyle mi? Sadece izle beni!		Да что ж такое!
event09_29	Oh, this does NOT look good!\nShahra! Lend me your power!	We're in a bit of a pinch!\nShahra, I'm borrowing your power!	ちょっとピンチじゃないか！\nシャーラ　お前の力　借りるぜ！			Oh, questo non porta per niente bene!\nShahra! Prestami il tuo potere!	Isso NÃO tá com uma cara boa!\nSharah! Me dê sua força!	¡Estamos en un pequeño apuro!\n¡Shahra, necesitaré tu ayuda!	Andererseits, sieht das GAR nicht gut aus!\nShahra! Leih mir deine Macht!	Oj, to nie wygląda dobrze!\nShahra! Użycz mi swojej siły!		Ah, bu HİÇ iyi görünmüyor!\nShahra! Bana gücünü ver!		Не в моей привычке, но...\nШахра! Одолжи-ка свою силу.
event09_30	"Time Break!!"	"""Time Break!!"""	『タイムブレイク！！』			"Rottura del Tempo!!"	"""Atraso Temporal!!"""	"""¡Quiebra-tiempo!"""	"""Time Break!!"""	"""Zryw Czasu!"""	「時間突破！」	"Zaman Dondurma!!"		"""Замедление!"""
event09_31	Sorry, but we've got to run!	At times like these, running is winning.	こういうときは逃げるが勝ちさ			Scusa, ma dobbiamo correre!	Foi mal, fica pra próxima!	¡Más vale """aquí corrió""" que """aquí murió"""!	Sorry, wir sind dann mal weg!	Sorki, ale musimy spadać!		Üzgünüm, ama koşmamız lazım!		В таких случаях... побег - залог успеха.
event09_32	Don't worry - I'm sure we'll get\nthe chance to play again real soon!	See ya! I'll play with you again next time!	あばよ　また今度あそんでやるぜ！			Non ti preoccupare - sono sicuro che avremo\nl'opportunità di giocare di nuovo molto presto!	Não se preocupa - Tenho certeza que vamos\nter a chance de brincar de novo em breve!	¡Adiós! ¡Jugaremos de nuevo pronto!	Aber keine Sorge - wir bekommen\nunser Rematch noch früh genug!	Nic się nie martw - Na pewno dostaniemy\nszansę znowu się pobawić! 		Merak etme, eminim çok yakında\ntekrar oynama fırsatımız olacak!		Пока-пока! Потом ещё раз поиграем!
														
event10_name	Ali-Baba's Advice	Ali-Baba's Advice, a New Adventure	アリババの助言、新たな冒険			Il consiglio di Ali-Baba	Conselho de Ali Babá	El consejo de Alí Babá, una nueva aventura	Ali-Babas guter Rat	Rada Ali-Baby		Ali-Baba'nın Tavsiyeleri		
event10_1	...Then we escaped back here.	...And that's what happened.	ってワケなんだ			 ...Poi siamo scappati di qua.	...foi isso que aconteceu.	Así están las cosas.	...und schon waren wir wieder hier.	... Po czym uciekliśmy spowrotem tutaj.		...Sonra buraya geri kaçtık.		
event10_2	Hmmmm.\nWell, let's see...	Hmm, maybe...	うーん\nもしかしたら…			Mmmmh.\mBene, vediamo...	Hmmmm.\nBom, vamos ver...	Mmm... Tal vez...	Hmmm.\nMal sehen...	Hmmm.\nCóż, zobaczmy...		Hmmmm.\nPeki, bir bakalım...		
event10_3	My friend Sinbad might be able to share	If you asked my friend Sinbad,	ボクの友達のシンドバッドなら			Il mio amico Sinbad potrebbe passarti	Meu amigo Simbad pode te ajudar,	...mi amigo Simbad pueda brindar	Mein Freund Sindbad teilt bestimmt etwas	Mój przyjaciel Sinbad może być w stanie		Arkadaşım Sinbad, dünyevi bilgilerinden 		
event10_4	Some of his worldly knowledge with you.	He might be able to give some good ideas...	いい知恵を貸してくれるかも…			Un'pò della sua conoscenza del mondo con te.	ele sabe de muitas coisas sobre esse mundo.	algún sabio consejo.	von seiner Welterfahrung mit euch.	Podzielić się swoją wiedzą z tobą.		bazılarını sizinle paylaşabilir.		
event10_5	So, where is he?	So, where is that guy?	で　そいつはドコにいるんだ？			Quindi, dove si trova?	E, onde ele está?	Bueno, ¿dónde está ese tipo?	Und wo steckt er?	To gdzie go znajdę?		Peki, o nerede?		
event10_6	Well, according to rumor,\nhe was fighting some pirates	Rumor has it that he was fighting some pirates	うわさだと　ある鳥で海賊と戦って			Ecco, secondo le voci,\nstava combattendo dei pirati	Bom, de acordo com o rumor,\nele estava brigando com uns piratas	Dicen los rumores que peleaba\ncontra piratas en una isla	Nun, Gerüchten zufolge kämpfte er\ngegen eine Bande Piraten,	Cóż, na podstawie pogłosek,\nwalczył z jakimiś piratami		Söylentilere göre, Rukh\ntarafından kaçırıldığında		
event10_7	When he was taken away by the Rukh.	And got captured by the Rukh.	ルフ鳥にさらわれたらしいんだよね			Quando è stato catturato dal Rukh.	E foi capturado pelo Roca.	cuando fue raptado por el Rokh.	als er vom Rukh entführt wurde.	Po czym zabrał go Rukh.		bazı korsanlarla savaşıyordu.		
event10_8	The Rukh...	The Rukh...	ルフ鳥…			Il Rukh...	O Roca...	El Rokh...	Vom Rukh...?	Rukh...		Rukh...		
event10_9	It's a giant bird.		巨大な鳥さ			È un uccello gigante.	É um pássaro gigante.	Es un pájaro gigante.	Ein gigantischer Vogel.	To gigantyczny ptak.		O devasa bir kuş.		
event10_10	Well, not exactly a bird.\nIt's more like a living fossil.	Though it's more like a living fossil than a bird.	鳥っていっても　もう\n生きる化石みたいなものなんだけどね			Cioè, non esattamente un uccello.\nÈ più come un fossile vivente.	Bom, não exatamente um pássaro.\nÉ mais um fóssil vivo.	Aunque es más como un fósil viviente que un ave.	Oder viel mehr das lebende Fossil\neines gigantischen Vogels.	No, nie do końca ptak.\nBardziej jak żywa skamielina.		Aslında tam olarak bir kuş değil.\nDaha çok yaşayan bir fosil gibi.		
event10_11	Huh. Well, okay, so then where is\nthis, er...bird thing?	Hmm. So, where is it? That...whatever bird thing?	ふーん　で　どこにいるんだ？\nそのナントカ鳥は…			Huh. Beh, okay, quindi dove si trova\nquesto, ehm... uccello-coso?	Ah. Bom, beleza, e onde tá esse... tal pássaro?	Umm... Bueno, ¿dónde está... este... como pájaro?	Oh. Tja, okay, und wo finde ich\ndieses... Vogel-Dingens?	Hm. No okej, w takim razie gdzie jest\nten yy... ptakowaty cosiek?		Hımm. Pekala, peki o zaman bu,\neee... kuş benzeri şey nerede?		
event10_12	I think the Rukh flocks someplace out\nin the skies to the west.	I think the Rukh are flying as a flock\nover the western sky right now.	ルフ鳥は今　群れとなって\n西の空を飛んでると思うよ。			Penso che il Rukh si raduni presso\ni cieli verso l'ovest.	Acho que o Roca voa em grupos nos céus para o oeste.	Me parece que la parvada del Rokh\nestá volando en los cielos occidentales.	Ich glaube, ich sah den Rukh irgendwo\nam westlichen Himmel entlangfliegen.	Sądze, że Rukh kręci się\ngdzieś w powietrzu na zachodzie.		Bence Rukh  batıdaki gökyüzünde\nbir yerlerde uçuyor.		
event10_13	The skies, huh? OK!\nHey, Shahra!	The skies, huh?\n...OK! Shahra!	空か…　ＯＫ！\nシャーラ！			I cieli, eh? OK!\nHey, Shahra!	Nos céus, né? Beleza!\nEi Sharah!	El cielo... ¡Bien, Shahra!	Am Himmel, was? OK!\nHey, Shahra!	W powietrzu, co? Spoko!\nHej, Shahra!		Gökyüzü, huh? Tamam!\nHey, Shahra!		
event10_14	"O Master, what is thy wish?"	"""What do you wish for, my Master?\nI am at your command."""	「なにがお望みでしょう?\nご主人さま　なんなりとご命令を」			"O Maestro, qual'è il suo desiderio?"	"""Ó Mestre, qual é teu desejo?"""	"""¿Qué es lo que desea, mi amo?\nSus deseos son órdenes."""	"""Oh Meister, wie lautet dein Wunsch?"""	"Oh Mistrzu, jakie jest twoje życzenie?"		"Ey Üstat, dileğiniz nedir?"		
event10_15	We need that magic carpet! We've got\nourselves a Rukh to track down!	Let's use the magic carpet!\nFly us to the back of those Rukh bird things!	マジックカーペットでいくぜ！\nルフ鳥とやらの背中まで飛んでくれ！			Ci serve quel tappeto magico! Abbiamo\nun Rukh da trovare!	Precisamos daquele tapete mágico!\nNós temos que procurar o Roca!	¡Volemos en una alfombra voladora!\n¡Vamos a seguir a ese Rokh-sé-qué!	Wir brauchen deinen fliegenden Teppich!\nDann stöbern wir mal einen Rukh auf!	Potrzebujemy ten magiczny dywan!\nMamy ptaka do złapania!		O sihirli halıya ihtiyacımız var!\nRukh'u bulmamız gerekiyor!		
														
event11_name	Meeting Sinbad	An Adventurer Who Has Traveled Across the 7 Seas?!	７つの海をまたにかけた冒険者！？			Incontrando Sinbad	Encontrando Simbad	¡¿Un aventurero que ha cruzado los siete mares?!	Begegnung mit Sindbad	Spotkanie Sinbada		Sinbadla Tanışma		
event11_1	Hey, Knuckles!\nHow'd you get here?	Hey, Knuckles!\nIt's you isn't it!?	Ｈｅｙ！　ナックルズ！\nナックルズじゃないか！			Hey, Knuckles!\nCome ci sei finito qui?	Ei, Knuckles!\nComo você chegou aqui?	¡Ey, Knuckles! ¿Sí eres Knuckles?	Hey, Knuckles!\nWie kommst 'n du hier her?	Hej, Knuckles!\nJak tyś się tu znalazł?		Hey, Knuckles!\nBuraya nasıl geldin?		
event11_2	I am Sinbad of the Seven Seas!\nAdventurer of adventurers.	I am Sinbad, the adventurer who crossed the seven seas.	俺は７つの海を股にかけた\n冒険者「シンドバッド」だ			Io sono Sinbad dei Sette Mari!\nAvventuriero degli avventurieri!	Eu sou Simbad dos Sete Mares!\nO Aventureiro dos aventureiros.	Soy Simbad, el aventurero que\nnavegó por los siete mares.	Ich bin Sindbad, Herr der Sieben Meere!\nUnd größter aller Abenteurer.	Jestem Sinbadem Siedmiu Mórz!\nPoszukiwaczem przygód nad przygodami.		Ben Yedi Denizlerin Sinbad'ıyım!\nMaceracıların maceracısı.		
event11_3	Who the heck are you?		君はいったいだれだ？	 		Chi diamine sei tu?	Quem diabos é você?	¿Quién demonios eres tú?	Wer zum Geier bist du?	Kim ty do licha masz być?		Sende kimsin?		
event11_4	Oh, Sinbad!\nIt truly is you, the great adventurer?	Oh, great adventurer Sinbad,	おぉ\nいだいな冒険者　シンドバッドさま			Oh, Sinbad!\nSei veramente tu, il grande avventuriero!	Ó Simbad!\nRealmente é você, o grande aventureiro?	Oh, gran aventurero Simbad.	Oh, Sindbad! Ihr seid es wirklich!\nDer große Abenteurer!	Oh, Sinbad,\nto naprawdę ty, wielki podróżnik?		Ah, Sinbad!\nGerçekten de sen misin, o büyük maceracı?		
event11_5	Would you be willing to give us some\nof your worldly wisdom?	Would you be so kind as to lend us\nyour unparallelled wisdom?	その　たぐいまれなる　お知恵を\n私どもに貸していただけませんか？			Saresti disposto a darci un'pò della tua\nsaggezza di vita?	Você poderia compartilhar sua sabedoria conosco?	¿Podríamos contar con su incomparable sabiduría?	Wärt Ihr so gütig, uns an Eurer Weisheit\nteilhaben zu lassen?	Czy byłbyś w stanie użyczyć nam\nswojej wielkiej wiedzy?		Bize dünyevi bilgeliğinizden birazını paylaşmaya razı olur musunuz?		
event11_6	Hey, er, Miss...uh...	Lady, um...	レディ　え…っと			Hey, erm, Signora...uh...	Ei, é... Senhorita... ah...	Señorita... eh...	Hey, ähm, Miss...öhm...	Hej, ee, Pani... erm...		Hey, er, Bayan...uh...		
event11_7	Shahra.	It's Shahra.	シャーラです			Shahra.	Sharah.	Shahra.	Sharah.	Shahra.	夏拉。	Shahra.		
event11_8	Shahra.		シャーラです			Shahra.	Sharah.	Shahra.	Sharah.	Shahra.	夏拉。	Shahra.		
event11_9	Listen, I hate to break it to you,\nbut I'm kind of stuck, here.	Regrettably, I am trapped.	残念だが　私は閉じ込められた身			Ascolta, mi dispiace deluderti,\nma sono bloccato qui. 	Escuta, odeio ser estraga prazeres,\nmas eu tô meio preso aqui.	Lamentablemente, me encuentro confinado.	Hör mal, tut mir leid dich enttäuschen zu müssen,\naber ich sitze hier irgendwie fest.	Słuchaj. Nie chce nic mówić,\nale tak jakby tutaj utknąłem.		Dinleyin, sizi böldüğüm için üzgünüm,\nama ben burada biraz, mahsur kaldım.		
event11_10	YOU'RE the ones who should\nbe helping me.	It is me who would like to ask you a favor.	お願いしたいのは\nこちらのほうです			Dovreste essere VOI quelli\nche aiutano me.	VOCÊS são os que deveriam estar me ajudando.	Soy yo quien debe pedirles ayuda.	IHR seid diejenigen, die MIR helfen sollten.	WY powinniście mi pomagać.		Bana yardım etmesi\ngerekenler SİZSİNİZ.		
event11_11	I feel a strong magical force here.	I sense powerful magic here, too.	ここにも　強力な魔法の力を感じます			Sento una grande forza magica qui.	Eu sinto uma força mágica forte aqui.	Aquí también percibo una poderosa magia.	Ich kann eine starke magische Aura spüren.	Czuję tutaj silną magiczną moc.		Burada güçlü bir büyülü enerji hissediyorum.		
event11_12	It must be the work of the Erazor Djinn.	Perhaps it is the work of Erazor Djinn.	おそらくイレイザー・ジンのしわざ			Dev'essere opera di Erazor Djinn.	Deve ser relacionado ao Erazor Djinn.	Podría ser obra de Erazor, el Genio.	Das muss das Werk des Erazor Djinns sein!	To musi być sprawka Erazora Dżina.		Erazor Cinin işi olmalı.		
event11_13	Which means if we can break the spell,\nwe can undo this lock!	...So, we just have to break the spell\nand open the lock, right?	…となると　魔法をといて\nこの鍵をあければいいのですね？			Ciò vuol dire che se rompiamo l'incantesimo,\npossiamo aprire questo lucchetto!	O que significa que se conseguirmos quebrar o feitiço,\n poderemos abrir a fechadura!	En ese caso, disipando la magia\nse podría desbloquear esto.	Wenn wir es also schaffen, den Zauber zu brechen,\nsollte das auch das Käfigschloss öffnen!	Co znaczy, że jak złamiemy zaklęcie,\nmożemy złamać też ten zamek!		Yani eğer büyüyü bozabilirsek,\nbu kilidi de açabiliriz!		
event11_14	Now you're talking,\nthat's the ticket, Shahra!	Oh, Shahra, that is correct.	おぉ　シャーラそのとおりです			Ora si che stai ragionando,\nbene così, Shahra!	Agora tá falando minha língua,\nmandou bem Sharah!	Oh, Shahra, tienes razón.	Na also! Das ist doch mal ein Wort, Shahra!	I to ja rozumiem, Shahra!		İşte şimdi doğru konuşuyorsun,\nişte bu Shahra!		
event11_15	Come on, Shahra,\nlet's just leave him there.	If he can't even get out of here,\nlet's leave him be.	こんなところも　出られないやつ\nほっとこうぜ			Dai, Shahra,\nlasciamolo lì.	Anda, Sharah,\nvamos largar ele aí.	Si no puede salir solo, mejor dejémoslo ahí.	Ach, komm schon, Shahra.\nLassen wir ihn einfach hier.	Daj se siana Shahra, po prostu\nzostawmy go tutaj.		Hadi Shahra,\nonu orada bırakalım.		
event11_16	Hey, listen, hedgehog!	Hey, hedgehog.	おぃ　そこのハリネズミ			Hey, ascolta, riccio!	Ei, escuta aqui, ouriço!	Oye, tú, erizo.	Hey, pass auf, Freundchen!	Hej, słuchaj, jeżu!		Hey, dinle, kirpi!		
event11_17	Life's a game of give and take, see?\nYou help me get out of here...	Let's do some give-and-take.\nYou get me out of here.	ギブアンドテイクで　いこうぜ\nお前がオレ様をここから出す			La vita è un gioco di dare e avere, capisci?\n Tu mi aiuti a uscire...	Que tal um acordo?\nVocê me ajuda a sair daqui...	Hagamos un trato. Sácame de aquí\ny te prestaré mi sabiduría.	Das Leben ist ein Geben und Nehmen, oder etwa nicht?	Życie to gra dawania i brania, rozumiesz?\nTy pomożesz mi się stąd wydostać...		Hayat bir al ver oyunu, anlıyor musun?\nBana buradan çıkmamda yardım etmelisin...		
event11_18	...And in return, I'll help you out later.\nNot a bad deal, huh?	Then, I shall lend you my wisdom.\nNot a bad deal, right?	そしたらオレ様が知恵を貸す\nどうだ　わるくないだろ？			...E in cambio, io ti aiuto subito dopo.\nNon male come offerta, eh?	...em troca, eu te mostro a minha sabedoria depois.\nNão é um mal negócio, né?	¿Qué me dices? No está mal, ¿eh?	Ihr holt mich aus diesem Käfig raus, und im Gegenzug\nhelfe ich euch danach. Gar nicht mal so übel, hä?	... I w zamian, ja pomogę Tobie.\nChyba jesteśmy umówieni, co nie?		...Karşılığında ben de sana daha sonra yardımcı olacağım.\nFena bir anlaşma değil, değil mi?		
event11_19	Wisdom...Knuckles?	Kunckles's wisdom, huh...	ナックルズの知恵ねぇ…			Saggezza...Knuckles?	Sabedoria... do Knuckles?	¿La sabiduría de Knuckles?	Weisheit... Knuckles?!	Wiedza... Knuckles?		Bilgelik...Knuckles?		
event11_20	?		？			?	?	¿Eh?	?	?		?		
event11_21	Ah, never mind.\nCome on, let's find that key.	Oh, it's nothing.\nWell then, let's look for a key or whatever.	いや　なんでもない\nそれじゃ　鍵でも何でも探すとするか			Ah, come non detto.\nDai, andiamo, cerchiamo quella chiave.	Ah, esquece.\nVem, vamos encontrar essa chave.	Ah, no es nada.\nBueno, busquemos la llave o lo que sea.	Ach, gar nichts. Komm schon,\nfinden wir diesen Schlüssel!	Eh, nieważne.\nDawaj, znajdżmy ten klucz.		Ah, her neyse.\nHadi gidip o anahtarı bulalım.		
														
event12_name	The Rescue of Sinbad!	Water for the Fire Genie, But for the Pirates?	炎のマジンには水をカイゾクには何を？			Salvando Sinbad!	O Resgate de Simbad!	Agua para el majin de fuego,\n¿pero para los piratas?	Sindbads Rettung!	Ratowanie Sinbada!		Sinbad'ın Kurtarılması!		
event12_1	Phew! Okay, so about the fire genie, then...	Hmm, a fire genie, huh...	ふぅーん　炎のマジンねえ…			Phew! Okay, quindi, sullo spirito di fuoco...	Ufa! Beleza, sobre esse espirito de fogo então...	Mmm... Un majin de fuego, ¿eh?	Puh! Okay, was den Feuer-Dschinni betrifft...	Fiu! Dobra, więc co do tego ognistego dżina...		Phew! Tamam, o zaman ateş cinine gelelim...		
event12_2	Why not just try splashing\nsome water on him?	Why don't you just pour some water on it, then?	だったら水でもかけりゃ\nいいんじゃねえのか			Perché non provare semplicemente\na buttargli dell'acqua addosso?	Por quê você não tenta jogar água nele?	¿Y si le echas agua encima?	Habt ihr es schon mal mit Wasser versucht?	Czemu po prostu nie wylejecie\nna niego trochę wody?		Neden üzerine biraz su\nsıçratmayı denemiyorsunuz?		
event12_3	WOW! The wisdom of Sinbad of the Seven\nSeas! The adventurer of adventurers.	That's Sinbad for you,\nthe adventurous king of the seven seas.	さすがは７つの海を股にかけた\n冒険王のシンドバッドさまだぜ			WOW! La saggezza di Sinbad dei Sette\nMari! L'avventuriero degli avventurieri.	UAU! A sabedoria do Simbad dos Sete Mares!\nO Aventureiro dos aventureiros.	¡Bueno, he aquí Simbad, el aventurero\nque ha navegado los siete mares!	WOW! Die Weisheit von Sindbad,\nHerrn der Sieben Meere, und größtem aller Abenteurer!	ŁAŁ! Wielka wiedza Sinbada Siedmiu Mórz!\nPodróżnik nad podróżnikami.		Vay canına! Yedi Denizlerin Sinbad'ının\nbilgeliği! Maceracıların maceracısı.		
event12_4	Hey, I don't see you coming up with\nany better ideas!	The heck was that?\nWhat would YOU do then?!	なんだ貴様　だったらお前なら\nどうするってんだ！！			Hey, non mi sembra che tu ti\nstia inventando niente di meglio!	Ei, não tô vendo você dar\nnenhuma ideia melhor!	¿Acaso TÚ harías otra cosa? ¿Qué harás entonces?	Hey, Held vom Erdbeerfeld!\nWenn du keine bessere Idee hast, mach'n Kopf zu!	Hej, nie widzę żebyś miał\njakieś lepsze pomysły!		Hey, senin daha iyi bir fikir\nbulabileceğini sanmıyorum!		
event12_5	Stop it!	Stop!	ストーップ！！			Smettetela!	Para com isso!	¡Alto!	Auszeit!	Przestańcie!		Kesin şunu!		
event12_6	The problem is, how are we going\nto get ENOUGH water	The question is, how are we going\nto get ENOUGH water	問題は炎のマジンをたおすほどの水を			Il problema è, come facciamo a prendere\nacqua SUFFICENTE	O problema é, como nós vamos ter\nágua o suficiente	El problema es cómo obtener SUFICIENTE agua	Die Sache ist doch,\nwoher bekommen wir GENUG Wasser,	Problem z tym pomysłem jest zdobycie\nWYSTARCZAJĄCO wody		Sorun şu ki, bir yangın cinini söndürmek için\nYETERLİ miktarda 		
event12_7	To put out a fire genie, right?	To put out the flame genie, right?	どうやって手に入れるか？　なんだ			Per spegnere il genio del fuoco, giusto?	para apagar um espirito de fogo, né?	para derrotar al majin de fuego.	um ein Feuer-Dschinni zu löschen, richtig?	By ugasić ognistego dżina, co nie?		suyu nasıl bulacağız, değil mi?		
event12_8	I was getting to that.	Hmph, you should have asked that first.	ふん　それを先にいえよ			Ci stavo arrivando.	Eu tava chegando lá.	Jum, pudieron empezar por ahí.	Heh, dazu wollte ich gerade kommen.	Docierałem do tego.		Oraya geliyordum.		
event12_9	?		？			?	?	¿?	?	?		?		
event12_10	You see, the pirates who locked me\nup here took the Water Blue Ring	The pirates who locked me up had a light blue ring	俺様を閉じこめた海賊連中が\n嵐をあやつる水色のリングを			Vedi, I pirati che mi hanno rinchiuso\nqui hanno preso l'Anello Blu dell'Acqua	Então, os piratas que me trancaram aqui\ntinham um anel azul claro 	Esos piratas que me encerraron\ntenían un Anillo azul celeste	Wisst ihr, die Piraten, die mich\nhier einsperrten, haben mir den	Widzisz, piraci którzy mnie tu zamkneli\nzabrali mój Niebieski Pierścień Wody		Gördüğünüz gibi, beni buraya hapseden korsanlar,\nfırtınaları kontrol etmek için		
event12_11	I use to control storms.	That can create storms.	持ってやがったのさ			che uso io per controllare le tempeste.	que controla as tempestades.	que controla las tormentas.	wasserblauen Ring gestohlen, mit dem ich\nStürme kontrollieren kann.	Którego używam do kontrolowania burzy.		kullandığım Su Mavisi Yüzüğü'nü çaldılar.		
event12_12	A water blue...	A light blue...	水色の…			Un anello...	Um anel azul...	Un Anillo...	Ein wasserblauer...	Niebieski...	一枚水藍色的...	Bir su mavisi...		
event12_13	Ring.	Ring...	リング…			Azzurro.	Claro.	Celeste...	Ring.	Pierścień.	戒指。	Yüzüğü.		
event12_14	First a fire genie,\nand now pirates, huh?	First a fire genie, then pirate extermination, huh?	炎のマジンの　つぎは海賊退治か			Prima un genio di fuoco,\ne ora pirati, eh?	Primeiro um espirito de fogo,\ne agora piratas, é?	Primero un majin de fuego,\n¿y ahora cazaremos piratas?	Erst ein Feuer-Dschinni, und jetzt Piraten, hä?	Najpierw ognisty dżin, teraz piraci, co?		Önce bir ateş çini,\nve şimdide korsanlar, huh?		
event12_15	The Arabian Nights really are worlds\nof endless adventures, aren't they?	As expected of the Arabian Nights,\na world where adventure never ends!	さすがアラビアンナイト\n冒険の絶えない世界だぜ			Le Mille e una Notte sono veramente mondi\ndi infinite avventure, no?	As Mil e Uma Noites realmente são um mundo de aventuras sem fim, não é mesmo?	"""Las mil y una noches""" son\nun mundo de aventuras sin fin.	Tausendundeine Nacht ist wirklich eine Welt\nder unbegrenzten Abenteuer, was?	Arabskie Noce to naprawdę światy\nnieskończonych przygód, czyż nie?		Binbir Gece Masalları gerçekten de\nsonsuz maceralar dünyası, değil mi?		
														
event13_name	The Ring of Prayers	Got the Blue World Ring!	青色の世界リング　ゲート！			Preso l'Anello Mondiale Blu!	Anel da Esperança	¡Obteniendo el Anillo azul de las Plegarias!	Der blaue Weltenring	Pierścień Pacierzy	藍色世界戒指	Dua Yüzüğü		
event13_1	Man...there's just no end to these\nevil spirits, is there?	Finally...These genies just keep coming out endlessly, huh.	やっとか…　まったくマジンも\nキリなく　でてくるな			Finalmente...Questi geni continuano ad arrivare senza sosta eh...	Cara... esses espiritos malignos\n não acabam, né?	Por fin... Caray, esos majin no dejan de aparecer.	Mann...\nDiese bösen Geister nehmen ja gar kein Ende mehr!	O chłopie... Nie ma końca tych\nzłych duchów, prawda?		Vay canına... bu kötü ruhların\nsonu yok gibi, değil mi?		
event13_2	That's...	This is...	これは…			Questo è...	Esse é...	¿Este es...?	Ist das...?	To jest...		Bu...		
event13_3	It must be another one of\nthe seven World Rings.	This is one of the seven World Rings...	これは７つの世界リングのひとつ…だな			Questo è uno dei sette Anelli Mondiali...	Deve ser outro dos\n sete Anéis do Mundo.	Es otro de los siete Anillos mundiales.	Das muss noch einer der sieben Weltenringe sein!	To musi być kolejny Pierścień Świata.		Bu, yedi Dünya Yüzüğünden\nbir diğeri olmalı.		
event13_4	Are you okay?		大丈夫？			Stai bene?	Você está bem?	¿Estás bien?	Bist du okay?	Wszystko w porządku?		İyi misin?		
event13_5	Yeah, I'm fine.\nOk...alright.	Okay. All right!	ＯＫ\nＡＬＬ　ＲＩＧＨＴ！			Si. Bene!	Sim, tô bem.\nBeleza...	Sí. Muy bien...	Ja, alles bestens.\nOK... Alles klar.	Tak, tak, ale...		Evet, iyiyim.\nTamam...pekala.		
event13_6	Just touching it makes me feel like	But when I touch these,	ただ　さわると大きな感情のウズが			Ma quando tocco questi,	Só de tocar nele me faz sentir	Pero al tocarlo me invade	Allein ihn zu berühren fühlt sich an,	Po prostu, dotykanie go sprawia,		Sadece ona dokunmak bile içimde		
event13_7	I've got a whirlpool of emotions\nspiraling around inside me.	A bit whirlwind of emotions flows inside me...	流れこんでくるんだ…			Un vortice di emozioni scorrono dentro di me...	um turbilhão de emoções\nespiralando dentro de mim.	una gran oleada de emociones.	als würde ein Strudel verschiedener Emotionen\nin mir losbrechen.	Że wiruje we mnie wiele emocji.		bir duygu girdabı\noluştuğunu hissettiriyor.		
event13_8	I can't even begin to imagine	Man, I can't even begin to imagine	全く　こんなリングが７つ集まれば			Cavolo, non posso nemmeno immaginare	Não consigo nem imaginar	Ni siquiera puedo imaginarme	Ich fange gerade erst an zu verstehen,	Nie jestem w stanie sobie nawet wyobrazić		Yedi yüzüğe birden sahip olmanın		
event13_9	What having all seven rings would do\nto someone.	What would happen if\nseven of these rings were gathered together.	いったい　なにが起こるか\n想像もできないぜ			Cosa succederebbe se\nsette di questi anelli fossero riuniti.	o que ter todos os sete anéis\nfaria com alguém.	lo que pasaría si se juntaran estos siete anillos.	was alle sieben Ringe mit jemanden anstellen könnten.	Co by się stało z tym kto zdobyłby\ncałe ich siedem.		bir insanı nasıl etkileyeceğini\nhayal bile edemiyorum.		
event13_10	...		…			...	...	...	...	...		...		
event13_11	It might even open the gates of hell...	They could even open the gates of hell...	地獄の扉でも開いたりしてな…			Potrebbe anche aprire le porte dell'inferno...	Talvez até abra os portões do inferno...	Bien podrían abrirse las puertas del infierno...	Sie könnten sogar die Tore zur Hölle öffnen...	Mogłyby nawet otworzyć bramy piekielne...		Hatta cehennemin kapılarını bile açabilir...		
event13_12	Sonic...here.		ソニック…　これ			Sonic...qui.	Sonic... toma.	Sonic, toma...	Sonic... Hier.	Sonic... trzymaj.		Sonic...bak.		
event13_13	?		？			?	?	¿Eh?	?	?		?		
event13_14	I want you to hold on to this.	I've been holding onto this...	これを　あずかっていて…			Stavo tenendo questo...	Eu quero que você guarde isso.	He estado guardando esto...	Ich möchte, dass du dies an dich nimmst.	Chcę żebyś to wziął.		Bunu saklamanı istiyorum.		
event13_15	Uh...okay.\nWhat is it?	What? What's this?	ＷＨＡＴ？\nこれは？			Cosa? Cos'è questo?	Hm... beleza.\nO que é isso?	¿Qué? ¿Qué es esto?	OK.\nWas ist das?	Em... okej. Co to jest?		Uh...tamam.\nO nedir?		
event13_16	If nothing else we do is able to stop\nhim, this will be our final resort.	In the event that no one else\ncan stop him, this will.	これは　誰もカレを止めることが\nできなくなったときに　カレを止めるもの			Se nessuno fosse\nin grado di fermarlo, questo lo farà.	Se tudo o que fizermos não for o suficiente para impedi-lo,\nesse será nosso ultimo recurso.	Esto es... lo que lo detendrá cuando\nya nadie pueda detenerlo.	Sollte keiner unserer Bemühungen in der Lage sein,\nihn aufzuhalten, ist das hier unser letzter Ausweg.	Jeśli wszystko co zrobimy go nie zatrzyma,\nto będzie nasz ostatni ratunek.		Başka hiçbir şey onu durduramazsa,\nbu son çaremiz olacak.		
event13_17	Shahra...		シャーラ…			Shahrah...	Sharah...	¿Shahra?	Shahra?	Shahra...		Shahra...		
event13_18	I cannot use it by myself.	I cannot use it on my own...	私ひとりでは使えないもの…			Non posso usarlo da solo...	Eu não posso usá-lo por conta própria.	Es algo que no puedo usar por mi cuenta.	Ich selbst kann es nicht einsetzen.	Ja nie jestem w stanie sama jej użyć.		Yanlız başıma kullanamam.		
														
event14_name	Pirates Sighted!		海賊船団　発見！			Pirati in Vista!	Piratas a vista!	¡Piratas a la vista!	Piraten in Sicht!	Piraci na Horyzoncie!		Korsanlar Görüldü!		
event14_1	There they are!	Found them!	見つけたぜ！			Trovati!	Lá estão eles!	¡Ya los veo!	Da sind sie!	Tam są!		İşte oradalar!		
event14_2	They must have the ring that lets\nthem control the power of storms!	There's a light blue ring over there\nthat can create water through storms.	あそこに　嵐で水をおこすことが\nできる　水色のリングがあるのね			C'è un anello azzurro di la\nche può creare acqua attraverso le tempeste!	Eles devem ter o anel que permite\ncontrolar o poder das tempestades!	Ahí está el Anillo celeste que puede\nprovocar tormentas, ¿verdad?	Sie müssen den Ring haben, der sie\ndie Macht der Stürme kontrollieren lässt!	Muszą mieć Pierścień pozwalający\nim kontrolować burzę!		Fırtınaların gücünü kontrol etmelerini\nsağlayan yüzüğe sahip olmalılar!		
event14_3	Shoot first and ask questions later,\nhuh? That's pirates for ya.	They've been shooting at us nonstop for a while.\nAs expected of pirates.	さっきから、やたらと撃ってくるな\nさすがは、海賊だぜ			Ci hanno continuati a sparare senza sosta da un bel po.\nProprio una mossa dei pirati.	Atira primeiro e pergunta depois, né?\nÉ bem a cara de piratas mesmo.	Llevan disparándonos un buen rato.\n¡Lo esperado de los piratas!	Erst schießen und dann Fragen stellen, was?\nJap, eindeutig Piraten.	Najpierw strzelaj, potem zadawaj pytania, tak?\nTacy właśnie są piraci.		Önce ateş et, sonra soru sor,\nha? Korsanlar işte böyledir.		
event14_4	Come on, let's just hurry!	Stop getting impressed by weird things!	へんなところに感心してないで！			Smettila di impressionarti alle cose strane!	Vamos, temos que nos apressar!	¡No te impresiones por cosas tan extrañas!	Los jetzt, beeilen wir uns!	Dawaj, po prostu się pośpieszmy!		Hadi, acele edelim!		
event14_5	All right, fine.\nLet's do it!	Let's go and get this over with now!	さっさと行って\nかたをつけてやるか！			Andiamo e finiamola adesso!	Beleza, então.\nVamos nessa!	¡Entonces ocupémonos de ellos!	Alles klar!\nDann mal Leinen los!	Dobra. Zróbmy to!		Pekala, tamam.\nHadi yapalım!		
														
event15_name	Captain Bemoth Appears		キャプテン　ベモス　登場			Il Capitamo Bemoth Appare	Captain Bemoth Aparece	El Capitán Bémot aparece	Captain Bemoth erscheint	Przybycie Kapitana Bemotha		Kaptan Bemoth Görünüyor		
event15_1	Aha, someone's looking for a duel!	Hm, so it's a duel.	へぇー\n決闘ってわけだ			Aha, qualcuno sta cercando un duello!	Aha, alguem tá querendo um duelo!	Oh, ¿así que es un duelo?	Aha, wer macht denn da so 'ne Welle?	Aha, ktoś prosi się o bęcki!		Aha, biri düello arıyor galiba!		
event15_2	Sonic...		ソニック…			Sonic...	Sonic...	¡Sonic!	Sonic...	Sonic...		Sonic...		
event15_3	This should be interesting.\nCome on, let's have some fun!	This is getting interesting.\nJust what I hoped for!	面白くなってきたな\n望むところだぜ！！			Questo dovrà essere interessante.\nForza, andiamo a divertirci!	Isso vai ser interessante.\nAnda, vamos nos divertir!	Esto se está poniendo interesante.\nJusto lo que quería.	Das könnte noch interessant werden.\nLos doch, lassen wir's krachen!	To powinno być interesujące.\nNo dawaj, pobawmy się trochę!		Bu ilginç olmalı.\n Pekala, hadi biraz eğlenelim!		
														
event16_name	The Ring of Pleasure	Got the Light Blue World Ring!	水色の世界リング　ゲット！			Preso l'Anello Mondiale Azzurro!	Anel do Prazer	¡Obteniendo el Anillo celeste del Placer!	Der wasserblaue Weltenring	Pierścień Przyjemności		Zevk Yüzüğü		
event16_1	That's another of the seven rings...\nthe Water Blue Ring.	This is one of the seven World Rings,\nthe light blue ring...	これは　７つの世界リングのひとつ\n水色のリング…			Questo è uno dei sette Anelli Mondiali,\nl'anello azzurro...	Esse é outro dos sete anéis...\no Anel Azul Claro.	Es uno de los siete Anillos mundiales,\nel Anillo celeste.	Ein weiterer der sieben Ringe...\nder wasserblaue Ring.	Kolejny z Siedmiu Pierścieni...\nNiebieski Pierścień.		Bu da yedi yüzükten bir diğeri...\nSu Mavisi Yüzüğü.		
event16_2	I can't even touch the ring.	I can't even touch it.	私には　ふれることも\nできないのね			Non posso nemmeno toccarlo.	Eu nem consigo tocar no anel.	Ni siquiera puedo tocarlo.	Ich kann ihn nicht einmal berühren.	Nie mogę go nawet tknąć.		Yüzüğe dokunamıyorum bile.		
event16_3	Looks like I'm the only one\nthat can touch them.	So you can't touch it unless you're from another world, like me...	外の異世界からきたオレでないと\nふれられない訳…			Quindi non puoi toccarlo se non sei dell'altromondo, come me....	Parece que eu sou o único\nque consegue tocar neles.	Así que no se pueden tocar si no\neres de otro mundo, como yo...	Scheint so, als könnte nur ich sie anfassen.	Najwidoczniej tylko ja mogę go dotknąć.		Görünüşe göre onlara dokunabilecek\ntek kişi benim.		
event16_4	I betcha it's because\nI'm not from this world.	These rings...	これは…			Questi anelli...	Aposto que é porque\nnão sou desse mundo.	¿Será...	Ich wette, es hat was damit zu tun,\ndass ich nicht aus dieser Welt stamme.	Założę się, że przez to,\nże jestem z innego świata.		Bence bunun sebebi\nbenim bu dünyadan olmamam.		
event16_5	Does that mean these rings aren't\nfrom this world, either?	Are they not from this world, either?	この世界のモノじゃないのか？			Non vengono forse anche loro da questo mondo?	Isso significa que esses anéis também\nnão são desse mundo?	...que estos no pertenecen a este mundo?	Heißt das, dasselbe gilt auch für diese Ringe?	Więc czy to znaczy, że te\nPierścienie też nie są z tego świata?		Bu, bu yüzüklerin de bu dünyadan\nolmadığı anlamına mı geliyor?		
event16_6	Sonic...		…ソニック			Sonic...	Sonic...	Sonic...	Sonic...	Sonic...		Sonic...		
event16_7	This has to be the ring that Sinbad\nwas telling us about before.	...So this is what that Sinbad guy was talking about.	…で　あのシンドバットとか\nいうヤツが言ってたのは　コレだな			...Quindi è questo quello di cui parlava Sinbad.	Esse tem que ser o anel que o Simbad tava falando antes.	Entonces, ¿de esto es lo que hablaba Simbad?	Das muss der Ring sein, von dem\nSindbad vorhin erzählt hat.	To musi być ten Pierścień\no którym mówił Sinbad.		Bu, Sinbad'ın bize daha önce\nbahsettiği yüzük olmalı.		
event16_8	Now, let's go back and defeat that,\num...whatchamacallit.	Finally, I can give that big whatchamacallit\na good beating!	ようやく　あのでかいナントカに\n一発くれてやれるってワケだ！			Finalmente, posso dare a quel come si chiama\ndelle belle bastonate!	Agora, vamos voltar e acabar com aquele... fulano.	Por fin podemos luchar contra\nese maldito como-se-llame.	Na dann, gehen wir zurück und erledigen dieses...\nFeuerflammen... dingelchen.	Teraz idżmy złomować tego em...\njak on tam miał-		Şimdi, şu şeyi yenelim,\num...whatchamacallit.(what dedin gülüm?)		
event16_9	The Ifrit, the great spirit of fire.	That's Ifrit, the great fire genie.	炎の大マジン\nイフリートよ			Quello è Ifrit, il grande genio del fuoco.	O Ifrit, o grande espirito de fogo.	¿El ifrit, el majin de fuego?	Den Ifrit, den großen Dschinn des Feuers.	Ifrita, wielkiego ducha ognia.		Ifrit, ateşin yüce ruhu.		
event16_10	There's smoke coming from the castle!	Smoke is starting to rise from the castle!	城から煙が上がり始めてるよー！			Del fumo si sta inalzando dal castello!	Está saindo fumaça do castelo!	El humo comienza a elevarse desde el castillo.	Vom Schloss her steigt Rauch auf!	Dym wylatuje z zamku!		Kaleden duman çıkıyor!		
event16_11	It looks like the Ifrit's power	It's almost like Ifrit's power	どうやら　イフリートの力が			Sembra quasi il potere di Ifrit	Parece que o poder do Ifrit	Parece que el poder del ifrit	Es sieht ganz so aus, als ob	Wygląda na to, że moc Ifrita		İfrit'in dünyayı yakıp yıkma gücü		
event16_12	To burn the world away is\ngetting stronger!	Is growing to the point\nwhere it could set the world ablaze.	世界を燃やすほど\n高まってきてるみたい			Sta crescendo al punto\nche potrebbe incendiare il mondo.	de queimar o mundo\nestá ficando mais forte!	se hizo tan fuerte\nque podría incendiar el mundo.	die weltvernichtenen Flammen des Ifrits\nimmer mächtiger werden!	Do spalenia reszty świata się zwiększa!		giderek daha da güçleniyor\ngibi görünüyor!		
event16_13	Okay, I'm ready!\nI hope you're ready for this, genie!	We're all ready too.\nJust you wait, great genie!	こっちも準備ＯＫだ\n待ってろよ　大マジン！！			Anche noi siamo pronti.\nVedrai grande genio!	Beleza, tô pronto!\nEspero que você esteja pronto pra isso, espirito!	¡También estamos listos! ¡Sólo espera, gran majin!	OK, ich bin startklar!\nHoffe, du bist auch bereit, Dschinni!	Dobra, jestem gotów! Mam nadzieję,\nże przyszykowałeś już poślady, dżinie!		Tamam, ben hazırım!\nUmarım sen de buna hazırsındır, cin!		
														
event17_name	Rematch with the Ifrit		イフリートとの再戦！			Rivincita con l'Ifrit	Revanche com o Ifrit	¡La revancha contra el ifrit!	Wiedersehen mit dem Ifrit	Rewanż z Ifritem	再戰伊弗利特	Ifrit ile Rövanş		
event17_1	Sorry to keep you waiting!	Sorry! Made you wait!	Ｓｏｒｒｙ\nまたせたな！			Scusa! Ti ho fatto aspettare!	Desculpa pelo atraso!	Disculpa, te hicimos esperar.	Tschuldige die Verspätung!	Sory, że musiałeś czekać!	抱歉讓你久等啦！	Beklettiğim için üzgünüm!		
event17_2	Roooaarr!		ゴッフォー			Roooaarr!	Roooaarr!	*rugido*	Roooaarr!	Raaargh!	吼！！	Roooaarr!		
event17_3	I didn't mean to leave you hanging, earlier.	Just because I stood you up in the\nmiddle of our date the other day,	この間　デートを途中で\nすっぽかしたからって			Solo perchè ti ho dati buca nel\nmezzo del nostro appuntamento l'altro giorno,	Eu não queria ter te deixado no vácuo antes.	Ya sé que te dejé plantado el otro día.	Hey, ich wollte dich gar nicht so lange schmoren lassen.	Nie chciałem Cię wcześniej tutaj zostawić samego.	我之前不是故意要讓你乾等的。	Seni daha önce böyle yarı yolda bırakmak istememiştim.		
event17_4	You're not still mad at me, are you?	Are you still mad about that?	まだ怒ってるのか？			Sei ancora arrabiato al riguardo?	Você não tá irritado comigo ainda, né?	¿Sigues enojado?	Nimmst du mir das echt noch krumm?	Nie jesteś chyba na mnie zły, prawda?	你沒有對人家發脾氣吧？	Bana hala kızgın değilsin, değil mi?		
event17_5	You really need to learn to be more\npatient, you know.	Everyone will hate you if your heart's that narrow.	そんな小さいハートじゃ\nみんなに嫌われるぜ			Tutti ti odieranno se il tuo cuore è così stretto.	Você devia aprender a ser mais paciente, sabia?	Con tan poco corazón,\nacabarás cayéndole mal a todos.	Du solltest dich echt mal mehr\nin Geduld üben, weißt du das?	Powinieneś nauczyć się być trochę\nbardziej cierpliwym, wiesz?	你真的得學會要更有耐心耶。	Gerçekten daha sabırlı olmayı\nöğrenmelisin, biliyorsun.		
event17_6	Now, Ring of Water!\nBring forth a mighty storm!	Now, light blue ring, give me a storm.	さぁ　水色のリングよ\n嵐を　よびおこしてくれ			Adesso, anello azzurro, dammi una tempesta.	Agora, Anel de Água!\nTraga uma tempestade poderosa!	Vamos, Anillo celeste, provoca una tormenta.	Nun, Ring des Wassers!\nBring einen tobenden Sturm hervor!	Teraz, Pierścieniu Wody!\nZeślij nam potężną burzę!	現在，水之戒指！讓這裡下起傾盆大雨！	Şimdi, Su Yüzüğü!\nBüyük bir fırtına getir!		
event17_7	Rrrrgh!		グッフォー			Rrrrgh!	Rrrrgh!	*rugido*	Rrrrgh!	Rrrrgh!	嘎嘎！！	Rrrrgh!		
event17_8	Sonic! Look!\nThe Ifrit is getting weaker!	Sonic! Ifrit's power has weakened considerably!	ソニック！　ずいぶんイフリートの\n力が弱まってきたわ！			Sonic! Il potere dell'Ifrit si è indebolito considerevolmente!	Sonic! Olha!\nO Ifrit está ficando fraco!	¡Sonic, el poder del ifrit se redujo considerablemente!	Sonic! Schau mal!\nDer Ifrit wird schwächer!	Sonic! Patrz!\nIfrit staje się słabszy!	索尼克！看啊！伊弗利特變弱了！	Sonic! Bak!\nIfrit giderek zayıf düşüyor!		
event17_9	Okay, now let's finish him off!	All right. Time to get going!	よーし　そろそろいくぜ！			Bene. è il momento di andare!	Beleza, vamos acabar com ele!	¡Bien, hay que hacerlo!	OK, pusten wir ihm die Kerzen aus!	Dobra, teraz go wykończmy!	好，我們來把他解決掉吧！	Tamam, şimdi işini bitirelim!		
														
event18_name	Escaping the Factory	Escape from the Genie Factory	マジン工場から脱出			Scappa dalla Fabbrica dei Geni	Fugindo da Fabrica	Escape de la fábrica majin	Flucht aus der Fabrik	Ucieczka z Fabryki	逃離工廠	Fabrikadan Kaçış		
event18_1	Thump...thump...thump...		ドックン…　ドックン…　ドックン…			Tum...tum...tum...	Tum...tum...tum...	*latidos*	Klopf... Klopf... Klopf...	*Drżenie*		Tak... tak... tak...		
event18_2	What the...?	Is this...	これは…			È questo...	Mas o quê...?	¿Esto...?	Was zum...?	Co do...?		Bu da ne...?		
event18_3	What is this thing?\nIs something...about to hatch?	What's this? Is something...about to hatch?	なんだ　これは?\nなにか…生まれるのか？			Cos'è questo?Qualcosa...sta per schiudersi?	O que é essa coisa?\nAlgo vai... chocar?	¿Qué es... esto? ¿Algo saldrá de ahí?	Was ist das für ein Teil?\nWill da etwa jemand schlüpfen?	Co to jest? Czy coś...\nsię wykluwa?		Bu şey de ne?\nBir şey...yumurtadan mı çıkmak üzere?		
event18_4	I can hear...I can hear\nsomething like a heartbeat.	There's sound...I can hear something...\nIt sounds like a heartbeat...	音…　音が聞こえます…\n心臓のような音が…			C'è un suono...posso sentire qualcosa...\nsomiglia a un battito...	Estou ouvindo... estou ouvindo algo como\num batimento cardíaco.	Algo... Escuchó algo. Es como un latido.	Ich höre... Ich höre so etwas wie ein Herzschlag.	Słyszę coś...\nCoś w stylu bicia serca.		Duyabiliyorum... Kalp atışına\nbenzer bir şey duyabiliyorum.		
event18_5	Uh, Shahra...I think that might be\nsome sort of time bomb!	Don't tell me it's a time bomb\nthat will explode soon...	まさか　時限爆弾で\nあとで爆発するなんて…			Non dirmi che è una bomba a orologeria\nche esploderà presto...	Ah, Sharah... Eu acho que isso pode ser\num tipo de bomba relógio!	¡No puede ser, creo que es\nuna especie de bomba de tiempo!	Öhm, Shahra...\nIch glaube, das ist sowas wie 'ne Zeitbombe!	Em, Shahra...\nTo chyba jest jakaś tykająca bomba!		Şey, Shahra... Sanırım bu bir\ntür zamanlı bomba olabilir!		
event18_6	It's beating faster!		どんどん早くなってる！			Il battito sta accelerando!	Está batendo mais rapido!	¡Su ritmo se acelera!	Es schlägt schneller!	Bije szybciej!		Daha hızlı ötüyor!		
event18_7	Oh, No!\nThis can't be good!	No! That's bad news!	ＮＯ！！\nそりゃ　まずいぜ			No! Sono pessime notizie!	Ah, não!\nIsso não pode ser coisa boa!	¡No! Eso no es bueno.	Teufel noch eins,\ndas ist gar nicht gut!	Oh. Nie!\nTo nie wygląda najlepiej!		Oh, hayır!\nBu iyi olamaz!		
event18_8	We've got to get out of here!	We have to get out of here, quick!	急いで脱出だ！			Dobbiamo scappare di qui, svelto!	Temos que sair daqui!	¡Salgamos rápido!	Nichts wie raus hier!	Musimy stąd spadać!		Buradan çıkmalıyız!		
event18_9	This thing has to explode out\nin the open!	We need to detonate it\nsomewhere wide open!	どこか広い場所で爆発させないと！			Dobbiamo detonarlo\ndove c'è tanto spazio!	Essa coisa tem que\nexplodir lá fora!	¡Hay que hacerla explotar en algún lugar abierto!	Dieses Ding muss unbedingt im Freien explodieren!	To coś musi wybuchnąć\ngdzieś na otwartym polu!		Bu şey mutlaka açık\nalanda patlamalı!		
event18_10	You're right!	Right!	はい！			Giusto!	Você tem razão!	¡Sí!	Absolut!	Masz rację!		Haklısın!		
														
event19_name	The Ring of Rage	Got the Red World Ring!	赤色の世界リング　ゲット！			Preso l'Anello Mondiale rosso!	Anel da Raiva	¡Obteniendo el Anillo rojo de la Furia!	Der rote Weltenring	Pierścień Wściekłości		Öfke Yüzüğü		
event19_1	Come on! We're almost there!	Darn! Almost there!!	クソ！　間に合え！！			Accidenti! Ero quasi arrivati!!	Anda! Estamos quase lá!	¡Mierda, debo hacerlo!	Los jetzt! Wir haben's fast!	Dawaj! Prawie jesteśmy!		Hadi! Neredeyse vardık!		
event19_2	Huh?\nHey, look at this.	Hm!? This is...	ん！？\nこれは…			Mh!? Questo è...	Hã?\nEi, olha isso.	Ese es...	Huh?\nNa, schau mal an.	Hę?\nHej, spójrz na to...		Huh?\nHey, şuna bak.		
event19_3	Is that what I think it is?	In a place like this...	こんなところにも…			In un posto come questo...	Isso é o que eu estou pensando?	¿En este lugar?	Ist es das, was ich vermute?	Czy to jest to, co myślę?		Bu düşündüğüm şey mi?		
event19_4	Yep. Another one of\nthe seven World Rings.	That's one of the seven World Rings.	７つの世界リングののひとつだな			Quello è uno dei sette Anelli Mondiali.	Pode crer. Outro dos sete Anéis do Mundo.	Uno de los siete Anillos mundiales.	Jup, noch einer der sieben Weltenringe!	Tia. Kolejny z\nsiedmiu Pierścieni Świata.		Evet. Yedi Dünya Yüzüğünden\nbir diğeri.		
event19_5	I wonder if it was inside\nthe Ifrit this whole time.	I wonder if it was inside Ifrit.	イフリートの中にあったのかしら…			Mi domando se fosse dentro Ifrit.	Será que estava dentro do Ifrit esse tempo todo?	Me pregunto si estaba dentro del ifrit.	War er etwa die ganze Zeit über im Ifrit verborgen?	Ciekawe czy cały ten czas\nbył w środku Ifrita.		Acaba bunca zamandır\nİfrit'in içinde miydi?		
event19_6	I feel... rage.	I feel rage in this one.	これは　怒りを感じる			Riesco a sentire la rabbia di questo qui.	Eu sinto... raiva.	Esto... me hace sentir furia.	Ich fühle... WUT!!	Czuję... złość.		Öfke... hissetmiyorum		
event19_7	All that rage must have been\nsealed up inside of him.	Seems like all rage is sealed in here...	すべての怒りが封印してあるようだ…			Sembra che tutta la rabbia sia sigillata qui...	Toda essa raiva devia estar\nselada dentro dele.	Como si toda esa furia estuviera contenida.	All diese Wut muss in ihm versiegelt gewesen sein.	Cała ta złość musiała być\nw nim zachowana.		Bütün o öfke onun içinde\nbirikmiş olmalıydı.		
event19_8	Rage?		怒り？			Rabbia?	Raiva?	¿Furia?	Wut?	Złość?		Öfke mi?		
event19_9	These rings must somehow seal in\nvarious emotions, too.	Looks like the rings contain\nthe power of various emotions...	どうやらリングには\n色々な感情の力が封印されている…			Sembra che gli anelli contengano\nil potere di varie emozioni...	Esses anéis também devem selar várias emoções\nde alguma forma.	Parece que los Anillos contienen varias\nemociones selladas en su interior.	Diese Ringe scheinen auch irgendwie\nbestimmte Emotionen in sich zu bergen.	Te Pierścienie muszą też w jakiś sposób\ntrzymać w sobie różne emocje.		Bu yüzükler bir şekilde çeşitli\nduyguları da içine hapsetmeli.		
event19_10	The power of rage...	This one has the force of rage...	これは怒りの力が…			Questo ha la forza della rabbia...	O poder da raiva...	Este contiene el poder de la furia...	Die Macht der Wut...	Potęga złości...		Öfkenin gücü...		
event19_11	...		…				...	...	...	...		...		
event19_12	So then, what's next?		さあて　次はどうする？			Quindi, cosa c'è dopo?	Então, qual é a próxima parada?	Bien, ¿y ahora qué?	Was steht als Nächstes an?	Więc, co teraz?		Peki, sırada ne var?		
event19_13	Let's go meet with King Solomon!	Let's meet with King Solomon!	ソロモン王に会いましょう！			Dobbiamo incontrare il Re Salomone!	Vamos encontrar com o Rei Salomão.	Vayamos a ver al rey Salomón.	Treffen wir uns doch mit König Solomon!	Spotkajmy się z Królem Solomonem!		Haydi Kral Solomon'la görüşmeye gidelim!		
event19_14	King Solomon is the one who\nsealed away the evil spirits long ago.	The genies were originally sealed away by him.	マジンたちは　もともとソロモン王に\nよって　封印されていたんです			I geni erano originariamente sigillati da lui.	O Rei Salomão foi quem selou os espiritos malignos\nhá muito tempo atrás.	Los majin fueron sellados originalmente\npor el rey Salomón.	Er ist derjenige, der die bösen Geister\nvor langer Zeit verbannte.	Król Solomon jest tym,\nktóry odizolował złe duchy dawno temu.		Kral Solomon, çok uzun zaman önce kötü\nruhları mühürleyerek ortadan kaldıran kişidir.		
event19_15	These strange occurrences must\nconnect back to him somehow.		この異変は　きっとソロモン王にも\n関係があるはずです			Questi strani eventi devono\nconnetersi a lui in qualche modo.	Esses acontecimentos estranhos devem estar\nconectados a ele de alguma forma.	Estas perturbaciones seguramente\nestán relacionadas con él.	Diese seltsamen Vorfälle stehen vielleicht\nauch mit ihm in Verbindung.	Te dziwne zdarzenia muszą\nsię z nim jakoś łączyć.		Bu garip olayların bir şekilde\nonunla bağlantılı olması gerekiyor.		
event19_16	OK, then!\nOff to our next adventure!	OK! Now that it's decided, let's get going!	ＯＫ！\nそうと決まれば早速出発だぜ！			Bene! Ora che è deciso, muoviamoci!	Beleza então!\nVamos para nossa próxima aventura!	¡Bien, está decidido! ¡En marcha!	Alles klar!\nAuf zu unserem nächsten Abenteuer!	No dobra! Ruszajmy na kolejną przygodę!		Tamam o zaman!\nYeni maceramıza doğru yola çıkıyoruz!		
														
event20_name	King Solomon	The Shadowy Skull on the Decayed Throne	朽ちた王座のシャレコウべ			Lo Scheletro Ombroso nel Trono Decaduto	Rei Salomão	La calavera sombría del trono decadente	König Solomon	Król Solomon		Kral Solomon		
event20_1	It looks like we might be a little late.	I guess we came a little late...	ちょっと　くるのが遅かったか…			Sembra che siamo arrivati un po tardi...	Parece que chegamos um pouco tarde.	Llegamos un poquito tarde.	Da sind wir wohl etwas spät dran.	Chyba się trochę spóżniliśmy.		Görünüşe göre biraz geç kalmış olabiliriz.		
event20_2	I should say so!	Exactly!!	まったくじゃ！！			Esattamente!!!	Eu que o diga!	¡Exacto!	Das kann man wohl sagen!	Też tak sądze!		Öyle demeliyim!		
event20_3	Whoa!	Whoa!?	ウァオ！？			Whoa!?	Eita!	¡Guau...!	Whoa!	Łoł!		Whoa!		
event20_4	King... King Solomon?	K-King Solomon...?	ソ　ソロモン王…？			R-Re Salomone...?	Rei... Rei Salomão?	¡¿R-Rey Salomón?!	König... König Solomon?	Król... Król Solomon?		Kral... Kral Solomon?		
event20_5	Indeed! I am the great\nand powerful King Solomon!	Indeed! I am none other\nthan the renowned King Solomon.	いかにも！　ワシが天下に\n名高いキング・ソロモンじゃ			Infatti! Sono nessun altro\nche il celebre Re Salomone.	Exatamente! Eu sou o grande e poderoso Rei Salomão!	¡Así es! ¡El mundialmente famoso rey Salomón!	In der Tat! Ich bin der große\nund mächtige König Solomon!	Zgadza się! Jestem\npotężnym Królem Solomonem!		Evet! Ben büyük ve\ngüçlü Kral Solomon'um!		
event20_6	If you say so...	But you're just a head!	首だけのくせに！			Ma sei solo una testa!	Se você diz...	Pero del cuello para arriba...	Naja, wie man's nimmt...	Skoro tak mówisz...		Öyle diyorsan...		
event20_7	Don't think I'm happy looking\nthis way either!	I didn't choose\nto end up like this, you know!	ワシとて好き好んで\nこうなったウケでは　ないわ！			Non ho scelto\ndi finire così!	Não pense que estou feliz de estar assim!	¡Yo no me busqué esto!	Glaube ja nicht, ich bin glücklich darüber,\nso jämmerlich auszuschauen!	Nie myśl, że tylko ty jesteś\nniezadowolony z mojego wyglądu!		Ben de böyle görünmekten mutlu\nolduğumu sanmıyorum!		
event20_8	The Erazor Djinn did this to me!	The one called Erazor Djinn	イレイザー・ジンとかいうヤツが			Colui che si chiama Erazor Djinn	O Erazor Djinn fez isso comigo!	¡Un tal Erazor, el Genio	Der Erazor Djinn hat mir das angetan!	Erazor Dżin mi to zrobił!		Bunu bana Erazor Cin yaptı!		
event20_9	He resurrected the 40 Thieves\nas evil spirits,	Resurrected the 40 Thieves as genies,	４０人の盗賊をマジンとして復活させ			Ha resuscitato i 40 Ladroni come geni,	Ele reviveu os 40 Ladrões como espiritos malignos	revivió a los 40 ladrones como majin	Er ließ die 40 Räuber als böse Geister wieder auferstehen	Odrodził 40-tu Złodziei\njako złe duchy,		40 Hırsızı kötü ruhlar\nolarak diriltti.		
event20_10	And sent them to attack me here.	And attacked me here.	ここに攻めて　きおったのよ			E mi hanno attaccato qui.	e mandou eles me atacarem.	y los envió a atacarme!	und jagte sie mir sogleich auf den Hals.	I wysłał je by mnie tu zaatakować.		Ve onları buraya bana saldırmaları için gönderdi.		
event20_11	And that's how you ended up... like that?	So, you turned into that?	で　そんなお姿に？			Quindi, ti sei trasformato in quello?	E foi assim que você ficou... desse jeito?	¿Y... lo dejaron así?	Und deshalb seid ihr so beendet...?	I w taki sposób skończyłeś... tak?		Ve böylece mi bu hale geldin?		
event20_12	Precisely, my dear.	Exactly.	そういうことじゃ			Esattamente	Precisamente, minha querida.	Exactamente.	Wie wahr, meine Liebe.	Dokładnie tak, moja droga.		Aynen öyle, canım.		
event20_13	And that being the case,\ncould I ask you a favor?	I hate to ask,	すまんが			Odio chiederlo,	Portanto,\npoderia lhe pedir um favor?	Disculpen,	Dürfte ich daher demütig um eure Hilfe ersuchen?	I w związku z tym,\nmógłbym spytać was o prośbę?		Durum böyleyken, sizden\nbir ricam olabilir mi?		
event20_14	Might I beseech you to track down\nthe rest of my body?	But could you gather up my body?	ワシの体を集めてきては　くれんか？			Ma potresti raccogliere il mio corpo?	Por obséquio, encontre o resto do meu corpo.	¿pero podrían reunir mis restos?	Wärt ihr so gütig, den Rest meines Körpers\nausfindig zu machen?	Czy pozwolicie mi poprosić o\nznalezienie reszty mojego ciała?		Lütfen bedenimin geri kalanını da\nbulmanızı rica edebilir miyim?		
event20_15	I'd also be grateful	And while you're at it, if you could\ntake care of those 40 bone thieves,	ついでに４０人の骨の盗賊どもも			E mentre ci sei, potresti\nprovvedere a quei 40 ladri di ossa,	Eu também ficarei grato	Y, de paso, si pudieran ocuparse de\nesos 40 ladrones de huesos,	Natürlich wüsste ich es auch zu schätzen,	Też bym był wdzięczny		Ben de minnettar olurdum.		
event20_16	If you could do something\nabout the 40 Thieves, as well.	I would greatly appreciate it.	なんとかしてくれると　ありがたい			Lo apprezzerei molto.	se puderem fazer algo sobre os 40 Ladrões.	se los agradecería mucho.	wenn ihr euch zudem der 40 Räuber annehmen könntet.	Jakbyście byli w stanie coś zrobić\nz tymi 40-toma Złodziejami.		Eğer 40 Hırsız hakkında da bir\nşeyler yapabilirseniz çok iyi olur.		
event20_17	Hah! No problem!		ハン！　お安いごようだぜ！			Hah! Nessun problema!	Hah! Sem problema!	¡Ja, es lo menos que puedo hacer!	Hah! Kein Problem!	Hah! Żaden problem!		Hah! Problem değil!		
														
event21_name	The Ring of Wishes	Got the White World Ring!	白い世界リングゲット！			Preso l'Anello Mondiale Bianco!	Anel dos Desejos	¡Obteniendo el Anillo blanco de los Deseos!	Der weiße Weltenring	Pierścień Życzeń		Dilek Yüzüğü		
event21_1	Hey, look at this.	This is...	これは…			Questo è...	Ei, olha só.	Es...	Hey, schau mal!	Hej, spójrz na to.		Hey, şuna bak.		
event21_2	It's a white ring.\nOne of the seven, I'm sure.	One of the seven rings, the white ring.	７つのリングのひとつ白のリング			Uno dei sette anelli mondiali, l'anello bianco.	É um anel branco.\nUm dos sete, com certeza.	Uno de los siete Anillos mundiales, el Anillo blanco.	Ein weißer Ring! Ganz sicher einer der Sieben!	To Biały Pierścień.\nNa pewno jeden z siedmiu.		Bu beyaz bir yüzük.\nYedisinden biri, eminim.		
event21_3	Uh! Definitely one of the World Rings!\nIt feels... it feels like light.	Ugh! It really is one of the seven World Rings...\nThis force feels like light...	う！　たしたに７つの世界リング…\nこれは光のような力か…			Uff! sembra proprio une dei sette anelli Mondiali...\nQuesta forza sembra luce...	Ah! Definitivamente um dos Anéis Mundiais!\nParece... parece uma luz.	Sí, es uno de los siete Anillos. ¿Es como si tuviera el poder de la luz?	Whoa! Definitiv ein Weltenring!\nDieser fühlt sich... wie Licht an!	Łoł! Rzeczywiście jeden z nich.\nTo uczucie jest jak... jak światło.		Uh! Kesinlikle Dünya Yüzüklerinden biri!\nHafif bir his veriyor... sanki ışık gibi.		
event21_4	To think this little thing...\ncould cause so much trouble.	...What a troublesome thing.	…全くやっかいなシロモンだぜ			...Che cosa problematica.	E pensar que essa coisinha...\npoderia causar tanto problema.	Esto sería problemático.	Dass dieses winzige Ding so einen\ngigantischen Schaden anrichten kann...	Ciężko pomyśleć, że taka mała rzecz...\njest powodem tylu problemów.		Bu küçücük şeyin... bu kadar\nçok soruna yol açabileceğini düşünmek.		
event21_5	You mean... the ring?	You mean... that ring?	その…リングが　ですか？			Intendi...questo anello?	Você quer dizer... o anel?	¿Hablas de ese anillo?	Du meinst... den Ring?	Masz na myśli... ten Pierścień?		Yani... yüzükten mi bahsediyorsun?		
event21_6	Such great power can bring people\neither happiness or misfortune.	Great power can make people happy,\nbut it can also bring them misfortune.	大きな力は　人を幸せにもするが\n不幸にもする			Grandi poteri può rendere le persone felici,\nma può anche portarli sventura.	Tanto poder pode trazer\nfelicidade ou desgraça para as pessoas.	Un gran poder puede traer felicidad a las personas,\npero también desgracias.	So eine Macht könnte jemanden das größte Glück\nbescheren, oder das schlimmste Verderben.	Ogromna moc takiego pokroju może\nprzynieść ludziom szczęście lub nieszczęście.		Böylesine büyük bir güç insanlara hem\nmutluluk hem de felaket getirebilir.		
event21_7	There are many such stories told of\nin the Arabian Nights.	...There are several such tales\nin the Arabian Nights.	…アラビアンナイトの中にも\nそういった物語がいくつかありもす			...Ci sono un sacco di racconti\nnelle Mille E Una Notte	Existem varias histórias assim nas Mil e Uma Noites.	Hay varios cuentos de ese tipo\ndentro de """Las mil y una noches""".	In Tausendundeine Nacht...\nfinden sich viele solcher Geschichten wieder.	Jest wiele takich opowieści\nw Arabskich Nocach.		Binbir Gece Masalları'nda bu\ntürden birçok hikaye anlatılır.		
event21_8	For instance, this ring seems\nto be filled with """desire."""	For instance, this ring seems\nto be filled with people's """desires."""	たとえば　このリングには人の「願望」が\nつまってるカンジだ			Per esempio, questo anello sembra\nriempito con i """desideri""" delle persone.	Por exemplo, esse anel parece estar cheio de """desejos."""	Por ejemplo, este Anillo parece estar\nlleno de los deseos de la gente.	Dieser Ring hier zum Beispiel scheint\nmit """Wünschen""" erfüllt zu sein.	Na przykład ten pierścień\nwydaje się być wypełniony """pragnieniem."""		Örneğin, bu yüzük "arzu"\nile dolu gibi görünüyor.		
event21_9	That could mean aspiration, or maybe\nit could be greed and ambition.	It could be called hope, but depending on the story,\nit can also be ambition or temptation.	それは希望ともいえるが　話に\nよっては野望や欲望にもなっちもう			Potrebbe essere chiamata speranza, ma a seconda della storia,\npuò anche essere ambizione o tentazione.	Isso pode significar aspiração, ou talvez\npossa ser ganância e ambição.	Podría ser esperanza, pero, depende de la\nhistoria, también ambición o lujuria.	Damit könnte Zielstrebigkeit gemeint sein,\naber vielleicht auch Gier und Verlangen.	To może znaczyć aspirację,\nalbo nawet chciwość lub ambicję.		Bu, özlem anlamına gelebilir ya da belki\nde açgözlülük ve hırs anlamına gelebilir.		
event21_10	...		…			...	...	...	...	...		...		
event21_11	Just what does Erazor want\nby collecting all of these rings?	Seriously...What's he trying to do\nby collecting these things?	まったく　こんなもの集めて\nヤツは　ナニをしようってんだ			Seriamente...Cosa sta cercando di fare\ncollezionando queste cose?	Mas o que o Erazor quer com esses anéis?	Carajo, ¿para qué quiere reunir estas cosas?	Was verspricht sich Erazor nur davon,\ndiese Dinger zu sammeln?	Serio, co Erazor chcę osiągnąć\nzbierając je wszystkie?		Erazor tüm bu yüzükleri toplayarak\ntam olarak neyi amaçlıyor?		
														
event22_name	Enemy Stronghold	Moonlit Sky Palace	月夜こうかぶ空中宮殿			Palazzo Celeste al Chiaro di Luna	Fortaleza Inimiga	El palacio en el cielo iluminado por la Luna	Feindliche Hochburg	Twierdza Przeciwnika		Düşman Kalesi		
event22_1	...And many such spirits\nwere driven to madness.	...Indeed, many genies were driven mad.	…いかにも多くのマジンが\n狂気に駆られ			...In realtà, molti geni furono impazziti.	...então vários espiritos\nforam levados a loucura.	En efecto... fue culpa mía que tantos majin	...Und zahllose dieser Geister\nsind dem Wahnsinn anheimgefallen.	... I wiele takich duchów zostało\ndoprowadzonych do szaleństwa.		...Ve bu ruhların birçoğu deliliğe sürüklendi.		
event22_2	It is my fault that they became\nthe minions of the Erazor Djinn.	It is my fault that they became\nservants of this Erazor Djinn.	あのイレイザー・ジンとやらの手下に\nなったのは　ワシの落ち度じゃ			È colpa mia se sono diventati\nservi di Erazor Djinn	É minha culpa eles terem se tornado\nlacaios do Erazor Djinn.	sucumbieran a la locura y se convirtieran\nen secuaces de Erazor, el Genio.	Es ist allein meine Schuld, dass sie sich\nErazor Djinn angeschlossen haben.	Zostały minionami\nErazora Dżina z mojej winy.		Onların Erazor Cin'inin\nhizmetkarları olmaları benim hatam.		
event22_3	However, by carving up the words\nthat make up our world,	However, from the words of this world\nwhich he harvested,	だが　奴は刈り取った\nこの世界の文字から			Tuttavia, dalle parole di questo mondo\nche ha raccolto,	No entanto, por ter reescrito as palavras\nque criam nosso mundo,	Sin embargo, él utiliza las palabras que\ncosechó de este mundo	Dennoch, durch sein Auslöschen der Worte,\ndie diese Welt ausmachen,	Aczykolwiek, pozbywając się słów,\nktóre tworzą nasz świat,		Ancak, dünyamızı oluşturan\nkelimeleri parçalara ayırarak,		
event22_4	New spirits have also appeared.	He creates new genies.	新たなマジンを生み出す			Lui crea nuovi geni.	novos espiritos também apareceram.	para crear nuevos majin.	sind ebenfalls Geister erschienen.	Pojawiły się też nowe duchy.		Yeni ruhlar da ortaya çıktı.		
event22_5	His power is nearly godlike.	That power...Truly godlike, indeed.	その力…\nまさに神のごとしじゃ			Che potere...Veramente divino.	Seu poder é praticamente divino.	Ese poder es digno de un dios.	Seine Macht ist nahezu gottgleich.	Jego moc jest praktycznie boska.		Gücü neredeyse tanrısal.		
event22_6	Godlike, huh...?\nWell, that's a problem, then.	Godlike, you say? Well, isn't that annoying.	神…だって？\nやっかいなもんだ			Divino dici? Beh, che fastidio.	Divino, é...?\nIsso não vai ser fácil então.	¿De un dios, dices? Qué fastidio.	Gottgleich, huh...?\nNa, das ist mal ein schönes Schlamassel.	Boska, co...?\nNo, to może być problem.		Tanrısal, huh...?\nPeki, bu bir problem, o zaman.		
event22_7	Even so, supernatural beings like\nthe Erazor Djinn always have weak points	Hmph. Even gods have their weaknesses, however.	ふむ　ただし神と　いえども\n弱点はある			Comunque gli dei hanno anche loro delle debolezze.	Mesmo assim, seres sobrenaturais como\no Erazor Djinn sempre tem pontos fracos	Sí. Pero incluso los dioses tienen sus debilidades.	Wie dem auch sei, übernatürliche Wesen,\nwie der Erazor Djinn, haben stets	Mimo to, supernaturalne istoty jak\nErazor Dżin zawsze mają swoje słabości		Yine de, Erazor Cin'i gibi doğaüstü\nvarlıkların her zaman zayıf noktaları vardır.		
event22_8	That are told of in stories.	Simply put...	さっするに…			in poche parole...	que são contados nas histórias.	Sospecho...	Schwachpunkte, von denen in Geschichten die Rede ist.	O których mowa w powieściach.		Hikayelerde anlatılanlar.		
event22_9	Huh?		？			Huh?	Hã?	¿Mmm?	Huh?	Hm?		Huh?		
event22_10	?		？			?	?	¿Eh?	?	?		?		
event22_11	In truth, he is a Genie of the Lamp.\nSomehow, though, he has escaped.	His true identity is the Genie of the Lamp.\nSomehow, he must have come out.	やつの正体はランプの精じゃ\nなにかの理由で外にでたのじゃろう			La sua vera identità è il Genio della Lampada.\nIn qualche modo è uscito.	Na verdade, ele é um Gênio da Lâmpada.\nPorém de alguma forma ele escapou.	Su verdadera naturaleza es la del genio de la lámpara.\nDebe de haber salido por alguna razón.	In Wahrheit ist er ein Dschinni der Wunderlampe.\nIrgendwie jedoch ist er entkommen.	Prawdą jest, że jest dżinem lampy.\nJednak, jakoś uciekł.		Aslında o bir Lamba Cini.\nAncak bir şekilde kaçmayı başardı.		
event22_12	If we had the lamp he belongs to,	If you had the original lamp,	元のランプがあれば			Se avessi la lampada originale,	Se nós tivéssemos a lâmpada a qual ele pertence,	Si tuviéramos su lámpara original,	Hätten wir die Lampe, die zu ihm gehört,	Jeśli byśmy mieli lampę do której należy,		Eğer ona ait olan lambaya sahip olsaydık,		
event22_13	It could be possible to seal\nhim away again... forever.	You might be able to seal his power.	やつの力を封じることが\nできるかもしれん			Potresti sigillare il suo potere.	seria possivel sela-lo\nnovamente... para sempre.	tal vez podríamos sellar su poder.	ergäbe sich gewiss die Möglichkeit,\nihn erneut zu versiegeln, auf ewig.	Możliwe jest, że możemy go\nznowu w niej uwięzić... Na zawsze.		Onu tekrar sonsuza dek hapsetmek mümkün olabilir...		
event22_14	Lamp, huh?	Lamp, huh...?	ランプ…か			Lampada, eh?	Uma lâmpada, é?	¿Su lámpara?	Die Lampe, huh?	Lampa, ta?		Lamba, huh?		
event22_15	Hmmm... there is one problem, though.	Hmph...	ふむ…			Hmph...	Hmmm... mas há um problema.	Sí...	Hmmm... Es besteht jedoch ein Problem.	Hmm... jest tylko jeden problem.		Hmm... ama bir sorun var.		
event22_16	Returning the lost stories to their original\nstate requires greater power than we have.	Restoring lost stories requires far more power\nthan stealing them away.	失われた物語を元にもどすことは\nうばうより　強大な力ぱ必要じゃ			Restaurare storie perdute richiede molto più potere\npiuttosto che rubarli.	Restaurar as histórias perdidas requer muito mais poder do que apagá-las	Pero restaurar una historia perdida requiere un\npoder mucho mayor que el que la borró.	Den verlorenen Geschichten zu ihrer alten Pracht zu verhelfen,\nverlangt nach größerer Macht als uns zur Verfügung steht.	Przywrócenie straconych opowieści do ich\npierwotnego stanu wymaga więcej mocy, której nie mamy.		Kaybolmuş hikayeleri asıl hallerine döndürmek,\nsahip olduğumuzdan daha büyük bir güç gerektiriyor.		
event22_17	It would take a miracle.	Such power would be nothing short of miraculous.	それこそ奇跡ともいえる\n力がじゃ			Tale potere sara niente di meno che un miracolo.	Este poder seria equivalente a um milagre.	Un poder que podría considerarse milagroso.	Es verlangt nach einem Wunder.	Potrzebowalibyśmy cudu.		Bu ancak bir mucizeyle olabilir.		
event22_18	Leave it to me.\nThat's why I'm here, after all.		まかせとけって\nそのために　きたんだぜ			Lascia fare a me.\nÈ perchè sono qui dopotutto.	Deixa comigo.\nÉ pra isso que eu tô aqui, afinal.	Déjemelo a mí. Para eso estoy aquí.	Ach, nur nicht den Kopf verlieren.\nDafür bin ich ja hier!	Zostaw to mnie.\nW końcu po to tutaj jestem.		Bunu bana bırakın.\nZaten bunun için buradayım.		
event22_19	I see. So, then you are the legendary\nblue hedgehog...	I see. So, you are that legendary hedgehog...	なるほど　おぬしか\n伝説のハリネズミとやらは…			Capisco. Quindi, sei tu quel riccio leggendario...	Entendo. Então você é\no lendário ouriço azul...	¡Ya veo, eres tú! El legendario erizo, ¿verdad?	Verstehe.\nDann musst du also der legendäre blaue Igel sein...	Rozumiem. Więc,\nty jesteś legendarnym niebieskim jeżem...		Anladım. Öyleyse sen\nefsanevi mavi kirpisin...		
event22_20	A great curse has been placed upon you.	You are quite cursed, aren't you?	ずいぶん　呪われとるぞ			Sembri proprio maledetto, non è vero?	Uma grande maldição foi colocada em você.	Estás completamente maldito.	Ein schrecklicher Fluch wurde dir auferlegt.	Wielka klątwa została na tobie położona.		Sana büyük bir lanet geldi.		
event22_21	I can see in your eyes,\nthe grim fate that awaits you.	I can see hell in your eyes.	おめしの瞳からは\n地獄がみえるわぃ			Posso vedere l'inferno nei tuoi occhi.	Consigo ver o destino sinistro que lhe aguarda.	El mismísimo infierno se refleja en tus ojos.	Ich erkenne in deinen Augen das finstere Schicksal,\ndas dich erwartet.	W twoich oczach widzę ciemny los,\nktóry na Ciebie czeka..		Gözlerinde seni bekleyen\nacımasız kaderi görebiliyorum.		
event22_22	Hey, quit staring.\nYou're giving me the creeps!	Don't stare so much, gramps!\nI'll get flustered!	そんなに　のぞくなよ　ジイさん\nテレるだろ			Basta guardarmi così tanto nonnetto!\nMi farai diventare nervoso!	Ei, para de me olhar assim.\nTá me dando arrepios!	No me mire tanto, abuelo. Es vergonzoso.	Hey, genug geglotzt!\nMir läuft's schon kalt die Stacheln runter!	Hey, przestań się tak gapić!\nPrzerażaja mnie te twoje gały!		Hey, bakmayı bırak.\nBeni ürkütüyorsun!		
event22_23	Hm. I am a bit hesitant to put this\nupon you, but... I will tell you this.	Hm. I feel a bit uneasy betting everything on you,\nbut...Let me tell you something.	ふん　おめしに　賭けるのは\nちょいと不安じゃが…　教えよう			Mm. Mi sento un po a disagio a lasciare tutto a te,\nma...Fammi dire questo.	Hm. Estou um pouco hesitante\nde deixar isso em suas mãos, mas... lhe direi isso.	Mmm... Me inquieta un poco contarte esto, pero lo haré.	Ich bin nicht sicher, ob ich dir das aufbürden sollte,\ndoch ich gebe dir Folgendes mit auf den Weg.	Hm, trochę niezdecydowanie Ci\nto mówię, ale... powiem Tobie tak.		Hım. Bunu sana söylemek konusunda\nbiraz tereddütlüyüm ama... şunu söyleyeceğim.		
event22_24	You can find the Erazor Djinn in his palace,\nup in the sky.	He's in the sky,\nin a floating palace that he lifted himself.	奴は　みずから浮かべた\n空中の宮殿におるわい			È nel cielo,\nin un palazzo fluttuante che ha innalzato lui.	Você encontrará o Erazor Djinn em seu palácio,\nno céu.	Él reside en el palacio que conjuró en el aire.	Du findest Erazor Djinn in seinem Palast,\nhoch am Himmelszelt.	Znajdziesz Erazora Dżina w jego\npałacu, wysoko w powietrzu.		Erazor Cini, gökyüzündeki\nsarayında bulabilirsiniz.		
event22_25	Show me that your part of this legend\ncan come true.	Show me some a glimpse of this legend.	伝説の　へんりんぐらい\n見せてもらおうぞ			Fammi vedere che la tua parte di questa leggenda\npuò diventare realtà.	Mostre-me que sua parte nessa lenda\npode se tornar realidade.	Contemplemos un atisbo de esa leyenda.	Zeige mir, dass dein Teil der Legende\nin Erfüllung gehen kann.	Pokaż, że ta część legendy\nmoże stać się prawdą.		Bana bu efsanenin senin payına düşen\nkısmının da gerçeğe dönüşebileceğini göster.		
event22_26	Thanks... Now it's time I make a\nlegend for myself, then!	Thanks. I guess I'll go\nmake myself a legend, then.	サンキュー\nそれじゃ　伝説でも　つくってくるか			Grazie. Suppongo che andrò\na diventare una leggenda allora.	Valeu... Tá na hora de fazer a minha lenda!	¡Gracias! ¡Bien, hora de crear mi leyenda!	Danke... Wird wohl Zeit,\ndass ich 'ne eigene Legende schreibe!	Dzięki...\nW takim razie zróbmy ze mnie legendę!		Teşekkürler... Şimdi sıra bende, kendime\nbir efsane yaratma zamanı!		
event22_27	Hold the White World Ring up to\nthe palace gates, and they will open.	Hold up the white World Ring in front\nof the palace gate, and it will open.	宮殿の門の前で白の世界リングを\nかざすのじゃ　それで門はひらく			Tieni l'Anello Mondiale Bianco davanti\nal cancello del palazzo, esso si aprirà	Segure o Anel do Mundo Branco em frente\naos portões do palácio, e eles se abrirão.	Levanta el Anillo mundial blanco ante las puertas\ndel palacio. Entonces se abrirán estas.	Halte den weißen Weltenring an den Palasttoren empor,\nund sie werden sich öffnen.	Trzymaj Biały Pierścień Świata\nprzy bramach pałacu, a otworzą się.		Beyaz Dünya Yüzüğünü saray kapılarına\ndoğru tutun, kapılar açılacaktır.		
event22_28	OK!\nThanks for your help.	OK! Thanks for the help, gramps.	ＯＫ！\nためになったぜ　じいさん			Okay! Grazie dell'aiuto nonnetto.	Beleza!\nValeu pela ajuda.	¡Okey! ¡Eso fue útil, abuelo!	Geht klar!\nNochmal danke für die Hilfe!	Okej!\nDzięki za pomoc.		Pekala!\nYardımın için teşekkürler.		
event22_29	I sense death approaching...	Hm...Signs of death are appearing.	ふん⋯\n死相が　でとるわい			Mm...Segni di morte stanno apparendo.	Eu sinto a morte se aproximando...	Jum... La muerte se cierne sobre él.	Ich spüre, wie der Tod sich nähert...	Wyczuwam, jak nadchodzi śmierć...		Ölümün yaklaştığını hissediyorum...		
														
event23_name	Entering the Palace	Time Limits and Unforgettable Promises	タイムリミットとわすれない約束			Palazzo di Promesse Indimenticabili e Limiti di Tempo	Entrando no Palácio	Plazos y promesas inolvidables	Betreten des Palastes	Dotarcie do Pałacu		Saraya Giriş		
event23_1	Hehehe. Looks like my time limit is\nabout up.	Heheh.\nLooks like my time limit is almost up.	へへ　どうやら　オレの\nタイムリミットも近いみたいだな			Eheh.\nSembra che il mio tempo sia quasi scaduto.	Hehehe.\nParece que a minha hora tá chegando.	Je, je, je. ¿Qué tal?\nParece que mi tiempo casi se acaba.	Hehehe. Schätze meine Zeit ist fast abgelaufen.	Hehehe...\nNajwidoczniej kończy mi się czas.		Hehehe. Görünüşe göre süre\nsınırım neredeyse doldu.		
event23_2	Sonic?!	Sonic!?	ソニック！？			Sonic?!	Sonic?!	¡Sonic!	Sonic?!	Sonic?!		Sonic?!		
event23_3	Sorry. I don't mean to worry you\n...I'll be okay.	Sorry. I don't mean to make you\nworry over nothing...I'm fine.	わりぃ　よけいな心配\nさせちまったな　…大丈夫だ			Scusa. Non volevo farti preoccupare\nper niene...sto bene.	Desculpa.\nNão queria te preocupar...vou ficar bem.	Lo siento. Te preocupé innecesariamente.\nTodo está bien.	Tschuldige. Ich wollte dir keine Angst machen.\nDas wird schon wieder.	Sorki, nie chciałem Cię martwić...\nNic mi nie będzie.		Üzgünüm. Seni endişelendirmek istemedim.\n...İyi olacağım.		
event23_4	I'm so, so sorry.	I am truly sorry	本当にごめんなさい			Mi dispiace veramente	Eu sinto muito, muito mesmo.	Lo siento mucho.	Es tut mir so unendlich leid.	Bardzo, bardzo przepraszam.		Ben çok, çok üzgünüm.		
event23_5	It's my fault that this happened to you...	For dragging you into all this...	こんなことに\n巻きこんでしまって…			Per averti trascinato in tutto questo...	É minha culpa que tudo isso aconteceu com você...	Lamento haberte involucrado en esto.	Es ist nur meine Schuld,\ndass du das durchmachen musst...	To moja wina, że Ci się to stało...		Bu durumun başına gelmesinden ben sorumluyum...		
event23_6	Really. Don't worry about it.	...\nIt's okay, don't worry about it.	…\nいいんだ気にすんなって			...\nVa bene, non preoccuparti al riguardo.	Sério, não se preocupa com isso.	Está bien. No te preocupes.	Im Ernst, mach dir keinen Kopf.	Serio. Nie martw się o to.		Gerçekten. Endişelenme		
event23_7	Just remember my promise...\nThe promise between me and you.	Our promise...Don't for get the promise\nbetween you and me!	約束…　オレとオマエの約束\nわすれるなよ！			La nostra promessa...Non dimenticare la promessa\nche abbiamo fatto!	É só lembrar da minha promessa...\nA promessa entre eu e você.	Te lo prometo. No olvides la promesa que hicimos.	Denk nur immer an unser Versprechen...\nDas Versprechen zwischen dir und mir.	Po prostu pamiętaj o naszej obietnicy...\nObietnicy między mną a tobą.		Sadece siana verdiğim sözü hatırla...\nBenimle senin arandaki sözü.		
event23_8	I haven't forgotten that promise!	...Our promise.\nI haven't forgotten!!	…約束\nわすれてないよ！！			...La nostra promessa.\nNon me ne sono dimenticato!!!	Eu não esqueci essa promessa!	No... no se me ha olvidado.	Wie könnte ich das jemals vergessen!	Nie zapomniałam o niej!		O sözü unutmadım!		
event23_9	I knew I could count on you, Shahra.	All right!	よし！			Bene!	Sabia que podia contar com você Sharah.	¡Bien!	Ich wusste, ich kann auf dich zählen, Shahra.	Wiedziałem, że moge na Ciebie liczyć Shahra.		Sana güvenebileceğimi biliyordum, Shahra.		
event23_10	It's gonna takes more than some tiny\nflame to bring judgment down on me!	Honestly, it's just a tiny flame,\nand it's supposed to judge me!? How cocky of him.	まったく　ただの炎のくせに\nオレをさばくだって！？　生意気だぜ			Sinceramente, è solo una piccola fiamma,\ne dovrebbe giudicarmi!? Che arrogante.	Vai precisar de mais que um foguinho\npra trazer o julgamento pra cima de mim!	¡Y mira, es una pequeña llamita y pretende juzgarme!\n¡Qué descaro!	Es braucht weitaus mehr als so eine mickrige Flamme,\num mir die Lichter auszupusten!	Jakiś mały płomyk nie wystarczy\nby sprowadzić na mnie wyrok!		Bana hüküm sürmek için küçücük\nbir alev yeterli olmayacak!		
event23_11	Come on, let's go!	Guess we should hurry up a bit.	ちょい　いそぐとするか			Sembra che ci dovremmo sbrigare.	Vem, vamos lá!	¡Pongámonos en marcha!	Komm schon, bringen wir es zu Ende!	Dawaj, idziemy!		Pekala, hadi gidelim!		
event23_12	Okay!	Right!	ハイ！			Giusto!	Certo!	¡Sí!	OK!	Okej!	OK！	Tamam!		
														
event24_name	The Ring of Sadness	Got the Purple World Ring!	紫色の世界リングゲット！			Preso l'Anello Mondiale Viola!	Anel da Tristeza	¡Obteniendo el Anillo morado de la Tristeza!	Der lila Weltenring	Pierścień Smutku		Üzüntü Yüzüğü		
event24_1	That's it.	This is...	これは…			Questo è...	É isso.	Es...	Da ist er!	To jest to.		İşte bu.		
event24_2	One of the seven World Rings.\nThis one is purple.	One of the seven World Rings,\nthe purple ring.	７つの世界リングのひとつ\n紫のリングね			Uno dei sette Anelli Mondiali,\nl'anello viola.	Um dos sete Anéis do Mundo.\nEsse é roxo.	Uno de los siete Anillos mundiales, el Anillo morado.	Der letzte der sieben Weltenringe.\nDieser hier ist violett.	Jeden z siedmiu Pierścieni Świata.\nTen jest fioletowy.		Yedi Dünya Yüzüğünden biri.\nBu mor renkli.		
event24_3	This one...\nThis one is sealed with sadness.		これは…\nこれには　悲しみが封印されている…			Questo qua...\nQuesto qua è sigillato dalla tristezza.	Esse...\nEsse está selado com tristeza.	Esto... esto encierra una profunda tristeza.	Woah! Der hier...\nDer hier ist mit Trauer erfüllt.	Ten... Ten jest\nzapieczętowany smutkiem.		Bu...\nBu, hüzünle mühürlenmiş.		
event24_4	Just what are these rings all about, anyway?	I wonder what the secret of these rings is...	いったい　何なのかしら…\nこのリングの秘密…			Mi domando cosa sia il segreto di questi anelli...	O que são esse anéis afinal?	¿Pero cuál será el secreto de los Anillos?	Was hat es mit diesen sieben Ringen\nüberhaupt auf sich?	O co w ogóle chodzi z tymi Pierścieniami?		Peki bu yüzüklerin amacı ne?		
event24_5	Hey, there's something\nI've been thinking about, Shahra.	Hey, can I ask you about something\nI've been wondering about?	なぁ　ひとつ気になってることが\nあるんだが聞いていいか？			Ehi, posso chiederti qualcosa\nChe mi stavo domandando?	Ei, eu tava pensando numa coisa, Sharah.	Oye, hay algo que he querido\npreguntarte desde hace rato.	Hey, es gibt da etwas, das mich schon\nein Weilchen beschäftigt, Shahra.	Hej Shahra,\njedna myśl nie daje mi spokoju.		Hey, Shahra, aklıma\ntakılan bir şey var.		
event24_6	What is it?		なに？			Di che si tratta?	O que foi?	¿Qué?	Ja?	O co chodzi?		Nedir?		
event24_7	How do you and the Erazor Djinn\nknow each another?	What kind of relation do you\nand Erazor Djinn have?	ヤツ…　イレイザー・ジンとお前は\nどういう知り合いなんだ？			Che tipo di rapporto\navete tu e Erazor Djinn?	Como você e o Erazor Djinn\nse conhecem?	Dime, ¿qué relación tienes con Erazor, el Genio?	Du und der Erazor Djinn,\nwoher kennt ihr euch eigentlich?	Jak ty i Erazor się niby znacie?		Sen ve Erazor Cin birbirinizi\nnasıl tanıyorsunuz?		
event24_8	Huh? W-well...	Huh!? Well...	え！？　まぁ…			Eh!? Beh...	Hã? B-bem...	¡¿Eh?! Bueno...	Huh? Na ja...	Hę? C-cóż...		Huh? Ş-şey...		
event24_9	Hey, if you'd rather not talk about it,\nthat's okay.	Well, if you don't want to talk about it,\nthat's fine too.	まあ　話したくないなら\nそれでもいいさ			Beh, se non vuoi parlarne,\nva bene anche così.	Ei, se prefere não falar sobre isso,não tem problema.	Bueno, si no quieres hablar de ello, no pasa nada.	Hey, wenn du lieber nicht drüber reden willst,\nist das kein Ding.	Hej, jeśli wolałabyś o tym nie mówić,\nto nie było tematu.		Eğer bu konuda konuşmak istemiyorsan,\nsorun değil.		
event24_10	Sonic...	...Sonic.	…ソニック			Sonic...	Sonic...	Sonic...	Sonic...	Sonic...		Sonic...		
event24_11	Is he really a Genie of the Lamp like\nthat king of bones said?	Is he really the Genie of the Lamp like\nthe old man said?	ヤツの正体は　ジジイが\nいってたように　ランプの精なのか？			È davvero lui il Genio della Lampada\ncome ha detto vecchietto?	Ele realmente é um Gênio da Lâmpada\ncomo aquele rei ossudo falou?	¿De verdad es un genio de la lámpara,\ncomo dijo el anciano?	Ist er etwa wirklich ein Flaschengeist?\nSo wie der Knochenkönig gesagt hat?	Czy naprawdę jest Dżinem Lampy\ntak jak mówił kościasty król?		O gerçekten de kemiklerin kralının dediği\ngibi Lambanın Cini mi?		
event24_12	Yes...	...Yes.	…そう			...Sì,	Sim...	Sí...	Ja.	Tak...		Evet...		
event24_13	Well, you see...he's the genie of the\nmagic lamp from the story of Aladdin.	His true identity is the genie\nfrom """Aladdin and the Magic Lamp."""	カレの正体は　アラジンと魔法の\nランプに出てくるランプの精よ			La sua vera identità è quella del genio\ndi """Aladino e la Lampada Magica."""	Bem... ele é o gênio da lâmpada mágica da história de Aladim	Él realmente es el genio de\n"""Aladino y la lámpara maravillosa""".	Nun, weißt du, er ist der Dschinni der Wunderlampe,\naus der Geschichte von Aladin.	Widzisz... jest dżinem magicznej lampy\nz opowieści Aladyna.		Bak... o, Alaaddin masalındaki\nsihirli lambanın cini.		
event24_14	?!	!?	！？			!?	?!	¿Mmm?	?!	?!		?!		
event24_15	Long ago, he was punished for his misdeeds\nand sealed away in the lamp.		彼は昔　悪い行かないの罰として\nランプの中に閉じ込められ			Tanto tempo fa, fu punito per le sue malefatte\ne fu sigillato nella lampada.	Há muito tempo atrás, ele foi punido por seus delitos\ne foi selado na lâmpada.	Hace mucho tiempo, fue encerrado dentro de la\nlámpara como castigo por sus fechorías,	Vor langer Zeit, wurde er für seine Missetaten bestraft,\nund in der Wunderlampe eingesperrt.	Dawno temu, został ukarany i\nzapieczętowany w lampie za swoje występki.		Çok uzun zaman önce, yaptığı kötülüklerden dolayı\ncezalandırıldı ve lambanın içine hapsedildi.		
event24_16	He would not be forgiven	Until he had granted the wishes\nof a thousand people,	千人の人の願いを　かなえるまで			Finchè non avrebbe soddisfato i desideri\ndi mille persone,	Ele só seria perdoado	y se le prohibió salir hasta que	Ihm würde keine Vergebung zuteilwerden, 	Nie wybaczonoby mu,		Affedilmeyecekti		
event24_17	Until he had granted the wishes\nof a thousand people.	He was not allowed to come out...	外に出ることを\n許されなかったの…			Non gli era permesso di uscire...	após realizar o desejo de mil pessoas.	hubiera concedido los deseos de mil personas.	bevor er die Wünsche von eintausend Menschen erfüllt hätte.	Dopóki nie spełniłby życzeń tysiąca ludzi.		Bin kişinin dileğini yerine\ngetirene kadar.		
event24_18	But when his sentence had been served,\nhe had a renewed hatred of people.	And when his “Atonement” was over,\nhe was left with a deep hatred of people.	そして　その「しょくざい」が終わったとき\n彼の中には　さらに人を憎む気持ちと			E quando la sua "Espiazione" finì,\nfu lasciato con un grande odio verso le persone.	Mas quando ele cumpriu sua sentença,\nseu ódio pelas pessoas se tornou ainda mais profundo.	Cuando completó su penitencia, en él creció\nun odio aún mayor hacia la humanidad	Doch nachdem er seine Strafe verbüßt hatte,\nentflammte in ihm ein erneuter Hass auf die Menschheit.	Ale kiedy jego wyrok został ustalony,\nodżyła w nim jego nienawiść do ludzi.		Fakat cezasını çektikten sonra insanlara\nkarşı nefreti yeniden alevlendi.		
event24_19	That was his fate...sad, as it was.	And a desire to curse the very story	自分の身を　そう宿命づけた			E un desiderio di maledire la storia stessa	Esse foi seu destino... por mais triste que seja.	y se arraigó el deseo de maldecir	Dies war seine Bestimmung,... traurig wie sie war.	Taki był jego... smutny los.		Kaderi buydu... ne kadar üzücü olsa da.		
event24_20	His cursed destiny came from the story\nhe had been written into.	That had predestined him to such a fate.	この物語そのものを呪う気持ちが\n深く刻まれた			Questo lo ha predestinato a un tale destino.	Seu destino amaldiçoado veio da história\nna qual ele foi escrito.	esta misma historia que había sellado su destino.	Sein verfluchtes Schicksal entsprang der Geschichte,\nin die er hineingeschrieben wurde.	Jego zaklęte przeznaczenie pochodzi\nz opowieści w którą został wpisany.		Lanetli kaderi, içine yazıldığı\nhikâyeden kaynaklanıyordu.		
event24_21	...Shahra.		…シャーラ			...Shahra.	...Sharah	Shahra...	...Shahra?	... Shahra.		...Shahra.		
event24_22	To the Erazor Djinn,\nI am just a mere Genie of the Ring.	To him, I am but a Genie of the Ring.	彼にしてみれば\n私は　いっかいのリングの精			Per lui, non sono nient'altro che un Genio dell'Anello.	Para o Erazor Djinn,\neu sou apenas uma Gênia do Anel.	Para él, tan sólo soy el espíritu del anillo...	Für den Erazor Djinn,\nbin ich nichts weiter als ein einfacher Ringgeist.	Dla Erazora Dżina,\njestem jedynie Dżinem Pierścienia.		Erazor Cine,\nBen sadece Yüzüğün sıradan bir Ciniyim.		
event24_23	...		…			...	...	...	...			...		
event24_24	I want to stop him, though.	But I want to stop him.	でも　私は彼を止めたいの			Ma voglio fermarlo.	Mas eu quero impedi-lo.	Pero deseo detenerlo.	Dennoch möchte ich ihn aufhalten.	Mimo to, chcę go powstrzymać.		Ama onu durdurmak istiyorum.		
event24_25	I want to turn the stories of the\nArabian Nights back to what they were.	And I want to return the world of the\nArabian Nights back to normal.	そして　このアラビアンナイトの\n世界を元に戻したい			E voglio riportare il mondo\ndelle Mille ed una Notte alla normalità.	Eu quero restaurar as histórias das Mil e Uma Noites.	Y deseo restaurar el mundo de\n"""Las mil y una noches""" a como era.	Ich möchte die Welt von Tausendundeine Nacht\nwieder zu dem machen, was sie einst war.	Chcę przywrócić opowieści\nArabskich Nocy do ich oryginalnego stanu.		Binbir Gece Masalları'nı asıl\nhallerine döndürmek istiyorum.		
event24_26	That is... my wish.	That...is my wish.	それが…　私の願い			Questo...è il mio desiderio.	Esse é... o meu desejo.	Ese... es mi deseo.	Das... ist mein Wunsch.	Takie... Jest moje życzenie.		Bu... benim dileğim.		
														
event25_name	Battle With Erazor	It's Always Pride That Gets Cut Down	切りきざまれるのは　いつもプライド			È Sempre L'Orgoglio Che Viene Abbattuto	Batalha com Erazor	Lo que queda hecho trizas es siempre el orgullo	Kampf gegen Erazor	Walka Z Erazorem		Erazor ile Savaş		
event25_1	Ah...\nIt's the blue rat again.	Hmph...The blue sewer rat...	ふん…　あおいドブネズミか…			Hmph...\nÈ quel ratto blu...	Ah...\nÉ o rato azul de novo.	Jum... La sucia rata azul, ¿eh?	Oh...\nNicht schon wieder die blaue Rattenplage...	Ah...\nZnowu ten niebieski szczur.		Ah...\nYine bu mavi fare.		
event25_2	Hey, looks like I'm running\na bit low, here.	I'm about to run out of gas.	そろそろガス欠なんでね			Sto per finire il carburante.	Ei, tô ficando sem combustível aqui.	Ya casi no tiene combustible.	Hey, sieht aus, als würde ich hier auf Sparflamme laufen.	Hej, trochę mi się\ntu paliwo kończy.		Hey, sanırım gücüm\nbiraz azalmış.		
event25_3	Think you could top me off?	Fill me up, would you?	満タンでたのむぜ			Potresti farmi il pieno?	Da pra você encher o tanque?	¿Me puedes llenar el tanque?	Wie wär's mit 'nem Nachschub?	Mogę się doprosić o dolewkę?		Beni tatmin edebilir misin?		
event25_4	Have you brought the seven World Rings?	Did you collect the seven World Rings?	７つの世界リングは集めたのか？			Hai collezionato i sette Anelli Mondiali?	Você trouxe os sete Anéis do Mundo?	¿Ya reuniste los siete Anillos mundiales?	Hast du endlich die sieben Weltenringe dabei?	Przyniosłeś dla mnie siedem Pierścieni Świata?		Yedi Dünya Yüzüğünü getirdiniz mi?		
event25_5	Well, you see...	Gee, I wonder.	さぁーて　どうかな			Chissà.	Quer saber...	Bueno, ¿qué tal...	Ach, weißt du...	No, jak ci to powiedzieć...		Şey, görüyorsun...		
event25_6	You should really just look for them yourself.	You can check for yourself,\nif you want.	なんなら調べてみちゃどうだ			Puoi controllare,\nse vuoi.	Se você quer tanto eles, então vem pegar.	...si los vienes a buscar?	Du solltest wirklich mal selbst die Augen aufmachen.	Sam sobie ich poszukaj.		En iyisi onları kendin araman.		
event25_7	Very well...	Well then...	では…			Bene allora...	Muito bem...	Muy bien...	Wie du willst...	Niech więc będzie.		Pekala o zaman...		
event25_8	I'll carve you to pieces\nuntil I find every last one!	I will do so by cutting you into pieces!	キサマを切りきざんで\nそうさせてもらおう！			Farò in modo che verrai tagliato in pezzetti!	Eu vou lhe cortar em pedaços\naté achar todos eles!	¡Te haré pedazos para conseguirlos!	Ich schneide dich in Einzelteile, bis ich\njeden einzelnen Ring gefunden habe!	Rozkroję Cię na kawałeczki dopóki\nich wszystkich nie znajdę!		Seni paramparça edeceğim, ta ki\nher bir parçanı bulana kadar!		
event25_9	Is that so?\nLet's see you try!		そうかい！\nやってみるんだな！			Ah davvero?\nVediamo se ci riesci!	É mesmo?\nQuero ver você tentar!	¿Ah, sí? ¡Inténtalo!	Ach, ist das so?\nKomm her und versuch's doch!	O, serio?\nZobaczmy czy możesz!		Öyle mi?\nHadi bir dene bakalım!		
														
event26_name	The Mysterious Door	The Mysterious Door and the Book's Binding	ナゾの扉と本の装丁			La Porta Misteriosa e il Legame del Libro	A Porta Misteriosa	La puerta misteriosa y la portada del libro	Die mysteriöse Tür	Tajemnicze Drzwi		Gizemli Kapı		
event26_1	Sonic?!	Sonic!?	ソニック！？			Sonic?!	Sonic?!	¡Sonic!	Sonic?!	Sonic?!		Sonic?!		
event26_2	Ah, I'm okay. I'm still...		ああ　大丈夫だ　まだな…			Ah, sto bene. sono ancora...	Ah, eu tô bem. Ainda estou...	Ah, estoy bien. Aún vivo...	Ach, alles okay. Ich bin immer noch...	Ah, wszystko gra. Dalej jestem...		Ah, ben iyiyim. Ben hala...		
event26_3	That door.\nWhat is it?	That door in the back.\nWhat is it?	あの奥の扉…　なに？			La porta sul retro.\nChe cosa è?	Essa porta.\nO que é?	Esa puerta del fondo... ¿Qué es?	Diese Tür.\nWas hat es damit auf sich?	Te drzwi. O co biega?		Şu kapı.\nBu nedir?		
event26_4	I have an idea! Watch this!\nOpen, Sesame!	This is what you do in times like these, right?\nOpen, Sesame!	こういうときはアレだろ？\nひらけ！　ゴマーッ！！			Questo è quello che si fa in momenti come questo, giusto?\nApriti, Sesamo!	Tenho uma ideia! Saca só!\nAbre-te, sésamo!	¡Creo que sé qué hacer! ¡Ábrete, Sésamo!	Hey, warte, ich hab's! Aufgepasst!\nSesam, öffne dich!	O, mam pomysł! Pa tera!\nSezamie, otwórz się!		Aklıma bir fikir geldi! İzle!\nAçıl Susam!		
event26_5	Ah, it didn't work!	No reaction!	ノー・リアクション！			Nessuna reazione!	Ah, não funcionou!	No reacciona...	Oh, dass das nicht geklappt hat...	Aj, nie zadziałało!		Ah, işe yaramadı!		
event26_6	That's...		あれは…			Quello è...	Isso é...	Eso...	Das ist doch...	To...		Bu...		
event26_7	There must be some sort of... offering\nwe need to make. Seven... Sonic?!	There are places to put something\n...Seven...Sonic!?	なにかを　おさめる場所がある…\n７つ…　ソニック！？			Ci sono posti in cui mettere qualcosa\n...Sette...Sonic?!	Deve haver algum tipo de... oferenda\nque precisamos fazer. Sete... Sonic?!	En esos cabe algo... Siete... ¡Sonic!	Scheint, als müssten wir eine Art... Opfer darbringen.\nSieben... Sonic?!	Musimy coś zaoferować, czy coś w tym stylu.\nMusi być siedem... Sonic?!		Bir çeşit... adak sunmamız\ngerekiyor. Yedi... Sonic?!		
event26_8	{When the seven rings that control the worlds are gathered,	{When the seven rings that control the worlds are gathered,	『７つの世界を統べるリングが\nそろいしとき…』			{Quando i sette anelli che controllano il mondo saranno riuniti,	{Quando os sete anéis que controlam os mundos forem coletados,	{Cuando se reúnan los siete anillos\nque gobiernan los mundos,	{Werden die sieben Ringe vereint,\nwelche die Welten kontrollieren,	(Kiedy siedem Pierścieni kontrolujących świat są zebrane,		{Dünyaları kontrol eden yedi yüzük bir araya geldiğinde,		
event26_9	the portal between worlds shall open.}	The door that connects the worlds shall open.}	世界をつなぐ扉が開くであろう』			La porta che connette i mondi si aprirà.}	o portal entre mundos será aberto.}	se abrirá la puerta que los conecta.}	öffnet sich sogleich das Portal zwischen den Welten.}	portal między światami otworzy się.)		Dünyalar arasındaki geçit açılacak.}		
event26_10	We've got the seven World Rings.\nThis must be the door that they open!	So, with the seven World Rings,\nthis door will open.	つまり、７つの世界リングがあれば\nこの扉は開くってことだな			Quindi, con i sette Anelli Mondiali,\nquesta porta si aprirà.	Nós temos os sete Anéis do Mundo.\nEssa deve ser a porta que eles abrem!	En otras palabras, con los siete Anillos mundiales,\nesta puerta se abrirá.	Wir haben die sieben Weltenringe.\nDas hier muss die Türe sein, die sie öffnen!	Mamy je wszystkie.\nTo są te drzwi które otwierają!		Yedi Dünya Yüzüğüne sahibiz.\nBu, onların açtığı kapı olmalı!		
														
event27_name	Alf Layla wa-Layla Appears	Ambition is What Perishes	滅びるゆくのは野心			L'Ambizione è Ciò che Perisce	Alf Layla wa Layla Aparece	La ambición es lo que perece	Alf Layla wa Layla erscheint	Nadchodzi Alf Layla wa-Layla	一千零一夜現身	Alf Layla wa-Layla Görünüyor		
event27_1	You just don't give up, do you?	You're a persistent one, aren't you?	なかなか　しつこいヤツだな			Sei uno persistente, non è vero?	Você não desiste, né?	Eres bastante insistente, ¿no?	Du weißt echt nicht, wann Schluss ist, oder?	Jesteś strasznie upierdliwy, wiesz?	你就是不肯放棄是吧？	Hiç pes etmiyorsun, değil mi?		
event27_2	You've brought me all seven\nWorld Rings. Well done!	Looks like you've collected the seven\nWorld Rings. Well done.	７つの世界リングを集めたようだな\nよくやった			Sembra che hai collezionato i sette\nAnelli Mondiali. Ottimo Lavoro.	Você me trouxe todos os sete\nAnéis do Mundo. Bom trabalho!	Parece que reuniste los siete Anillos mundiales.\nBien hecho.	Ich sehe, du hast mir die sieben Weltenringe gebracht!\nNicht schlecht!	Przyniosłeś mi wszystkie Pierścienie Świata.\nDobra robota, godna pochwały!	你把全部七枚世界戒指帶給我了！很好！	Bana yedi Dünya Yüzüğünün\nhepsini getirdin. Aferin!		
event27_3	Hey, of course!\nWe're such good buddies, after all!	Don't worry about it.\nWe're good buddies, aren't we?	気にするな\nオレとお前の仲だろ？			Non ti preoccupare.\nSiamo buoni amici, non è vero?	Ei, é claro!\nNós somos parceiros afinal!	No fue nada. Para eso son los amigos, ¿no?	Aber hallo!\nNach all dem sind wir auch die dicksten Freunde!	No jasne!\nPrzecież tak dobrze się dogadujemy!	當然了！我們是好兄弟嘛！	Tabii ki!\nSonuçta çok iyi arkadaşız!		
event27_4	Shahra!	Shahra.	シャーラよ			Shahra!	Sharah!	Shahra...	Shahra!	Shahra!	夏拉！	Shahra!		
event27_5	...		…			...	...	...	...		...	...		
event27_6	You have done well in using him to\ngather the rings. Now, give them to me!	You did well letting that fool collect the rings.\nNow, the World Rings. Give them to me.	良くぞ　そ奴にリングをあつめさせた\nさぁ　世界リングをワタシに渡すんだ			Hai fatto bene a lasciare quello sciocco  collezionare gli anelli.\nAdesso, gli Anelli Mondiali. Dalli a me.	Você fez bem em usá-lo para juntar os anéis.\nAgora, dê eles a mim!	Hiciste bien en hacer que ese imbécil recogiera los Anillos.\nAhora, entrégame los Anillos mundiales.	Eine reife Leistung ihn zu benutzen, um an die Ringe zu gelangen.\nUnd nun, übergib sie mir.	Dobrze Ci poszło używając szczura\nby zebrać Pierścienie. Teraz, oddaj mi je!		Yüzükleri toplamak için onu iyi\nkullandın. Şimdi, onları bana ver! 		
event27_7	Hey, hold on! Aren't you going\nto do something about this?	Hey, hey. What are you gonna do\nabout this thing on my chest?	おいおい\n胸のコレはどうしてくれるんだ？			Ehi, ehi. Cosa farai riguardo\nalla cosa nel petto?	Ei, pera aí! Você não vai fazer algo sobre isso aqui?	¡Oye, ¿no vas a hacer algo con esto de mi pecho?!	Hey, Moment mal! Hast du da nicht was vergessen?	Chwila moment!\nNie miałeś czegoś z tym zrobić?		Dur bir dakika! Bu konuda bir\nşey yapmayacak mısın?		
event27_8	Shahra, please, quickly!\nLet us rule the world together!	Now, Shahra, quickly!\nLet us rule the world together as partners!	シャーラ　さあ　はやく！\nともに世界を統べる伴侶となろうぞ！			Adesso, Shahra veloce!\nGoverniamo il mondo insieme come compagni!	Sharah, por favor, rapido!\nVamos governar esse mundo juntos!	¡Shahra, ve, rápido!\n¡Convirtámonos juntos en gobernantes de este mundo!	Shahra, bitte, mach schon!\nLass uns die Welt gemeinsam beherrschen.	Shahra, proszę, szybko!\nPozwól nam rządzić tym światem razem!		Shahra, lütfen, çabuk!\nGel, dünyayı birlikte yönetelim!		
event27_9	Shahra?!\nWh-what's...?	Shahra!? What are you...	シャーラ！？\nなにを…			Shahra!? Cosa stai...	Sharah?!\nO-o que tá...?	Shahra, ¿qué...?	Shahra?!\nW-was...?	Shahra?!\nC-co...?		Shahra?!\nN-ne...?		
event27_10	I... I must...	Me and him...	私　カレを…			Io e lui...	Eu... eu devo...	Yo... Él...	Ich... Ich muss...	Ja... Ja muszę...		Ben... Yapmalıyım...		
event27_11	Shahra, stop!	Don't do it, Shahra!	やめろシャーラ！			Non farlo Shahra!	Sharah, para!	¡Alto, Shahra!	Shahra, stopp!	Shahra, zaczekaj!	夏拉，停啊！	Shahra, dur!		
event27_12	You can't do this!\nThink about what will happen!	Do you realize what will happen if you do this!?	そんなことをしたら\nどうなるかわかってるのか！？			Capisci cosa succederà se fai questo!?	Você não pode fazer isso!\nPensa no que vai acontecer!	¿Te das cuenta de lo que pasará si haces eso?	Das kannst du nicht machen!\nDenk doch mal an die Folgen!	Nie możesz tego zrobić!\nZastanów się nad tym, co się stanie!		Bunu yapamazsın!\nOlacakları bir düşün! 		
event27_13	I'm sorry.\nI have no choice...	I'm sorry\nBut it can't be helped...	ごめんなさい\nだって　しょうがないのよ…			Mi dispiace\nNon posso farci nulla...	Desculpa.\nEu não tenho escolha...	Lo siento. No tengo de otra...	Es tut mir leid.\nIch hab keine Wahl.	Przykro mi.\nNie mam wyboru...		Üzgünüm.\nBaşka seçeneğim yok...	Förlåt.\nJag har inget val...	
event27_14	I just want to be back with him.	I just want to return to him.	私はカレに戻って欲しいだけ			Voglio solo tornare da lui.	Eu só quero estar de volta com ele.	Sólo quiero que vuelva conmigo.	Ich möchte doch einfach nur bei ihm sein.	Ja tylko chcę znowu z nim być.		Sadece onunla tekrar birlikte olmak istiyorum.		
event27_15	No! As Genie of the Ring,\nI command you!	Agh! I command the Genie of the Ring,	クッ！　リングの精に命令すね			Agh! Io ordino il Genio dell'Anello,	Não! Como Gênia do Anel,\nEu te ordeno!	¡Gh...! ¡Le ordeno al espíritu del anillo:	Nein! Als dein Meister befehle ich dir:	Nie! Jako Dżin Pierścienia,\nrozkazuje Ci!		Hayır! Yüzüğün Cini olarak,\nsana emrediyorum!		
event27_16	"""Do what you truly think is right!"""		『本当に正しいまと思うことを\nするんだ！』			"""Fai quello che ritieni giusto!"""	"""Faça o que você realmente acha que é certo!"""	haz lo que creas correcto!	"""Tu das, was du für wirklich richtig hältst!"""	"""Zrób to, co uważasz za uczciwe!"""		"""Gerçekten doğru olduğunu düşündüğün şeyi yap!"""		
event27_17	Ahhh... aaaaah!	Aaahhhh!	きゃぁ　あぁぁ			Aaaahhhh!	Ahhh... aaaaah!	¡Aaaaah!	Ahhh... aaaaah!	Ahhh... aaaaaah!		Ahhh... aaaaah!	Ahhh... aaaaah!	
event27_18	Shahra!		シャーラ！			Shahra!	Sharah!	¡Shahra!	Shahra!	Shahra!		Shahra!	Shahra!	
event27_19	Prayers - Sadness - Rage - Hatred\n- Joy - Pleasure - Wishes.		祈り　悲しみ　怒り　憎しみ\n喜び　楽しみ　願い			Preghiere - Tristezza - Rabbia - Odio\n- Gioia - Desideri.	Esperança - Tristeza - Raiva - Ódio\n- Felicidade - Prazer - Desejos.	Plegarias, tristeza, furia, odio, alegría, placer y deseos.	Gebete - Trauer - Wut - Hass\n- Freude - Vergnügen - Wünsche.	Pacierze - Smutek - Wściekłość - Nienawiść \n- Radość - Przyjemność - Życzenia.		Dualar - Üzüntü - Öfke - Nefret\n- Sevinç - Haz - Dilekler.		
event27_20	The seven hearts that make up\nthe stories.	The seven hearts that create the stories.	物語をつくる　７つの心			I sette cuori che creano\nle storie.	Os sete corações que criam\nas histórias.	Los siete corazones que tejen las historias.	Die sieben Herzen, die die\nGeschichte formen.	Siedem serc które tworzą opowieści.		Hikâyeleri oluşturan yedi\nkalp.		
event27_21	These are the seven World Rings that\nbind these pages together!	These are the seven World Rings\nthat bind the pages of this world!	これが…　この世界のページをたばねる\n７つの世界リング！！			Questi sono i sette Anelli del Mondo che\nmettono insieme le pagine!	Esses são os sete Anéis do Mundo que prendem essas paginas!	¡Estos son los siete Anillos mundiales\nque unen las páginas de este mundo!	Dies sind die sieben Weltenringe,\ndie ihre Seiten zusammenhalten!	To są wszystkie Pierścienie Świata\nktóre łączą te strony razem!		Bu sayfaları birbirine bağlayan yedi\nDünya Yüzüğü bunlar!		
event27_22	Wha...!!	...!!	…！！			Che...!!	Quê...!!	¡Gh!	Was...!!	Co...!	什麼...！	Ne...!!	Va...!!	
event27_23	{But the life of the collector of\nthe rings shall be offered up in sacrifice	{But the gatherer shall pay with their life,	『しかし、それを集めし者\n命のつぐないをもって			{Ma la vita del collezionista\nsarà offerta in sacrificio 	{Porém a vida do coletor dos anéis será oferecida em sacrifício	{Sin embargo, aquel que los reúna\nse convertirá en la llave para gobernarlos,	{Doch das Leben dessen, der die Ringe zusammenträgt,\nsoll als Opfer dargebracht werden,	(Natomiast życie zdobywcy pierścieni\nzostanie zaoferowane		{Ancak yüzükleri toplayanın hayatı,\nbu kontrolün anatarı		
event27_24	As the key for that control.}	And become the key to control all.}	全てを統べる鍵となさん』			Come chiave per quel controllo.}	como a chave desse poder.}	pagando para ello con su vida.}	um den Schlüssel zu formen, der die Macht beherrscht.}	w poświęceniu za klucz do tej kontroli.)		olarak kurban edilecektir.}		
event27_25	I offer up YOUR life, blue hedgehog!	Be my sacrifice, blue hedgehog!	我がニエとなれ！　青きハリネズミ！			Io offro la TUA vita, riccio blu!	Eu ofereço a SUA vida, ouriço azul!	¡Sé mi sacrificio, erizo azul!	Ich opfere DEIN Leben, blauer Igel!	Oferuje TWOJE życie, niebieski jeżu!		Mavi kirpi, SENİN hayatını sunuyorum!		
event27_26	Ngh!	Tch!	チッ！！			Ngh!	Ngh!	...	Ngh!	Ngh!	呃！	Ngh!	Ngh!	
event27_27	Shahra!		シャーラ！！			Shahra!	Sharah!	¡Shahra!	Shahra!	Shahra!	夏拉！	Shahra!	Shahra!	
event27_28	Sonic...\nI'm... sorry.	...Sonic.\nI'm sorry.	…ソニック\nごめんなさい			Sonic...\nmi... dispiace.	Sonic...\nMe... perdoe.	Sonic... Lo siento.	Sonic...\nBitte, vergib mir...	Sonic...\nJa... Przepraszam.		Sonic...\nBen... üzgünüm.	Sonic...\nFörlåt... mig.	
event27_29	I knew... all along...	I knew, but...	ワタシ　わかっていたのに…			Lo sapevo... tutto questo tempo...	Eu sabia... esse tempo todo...	Yo... lo sabía.	Ich wusste die ganze Zeit über...	Cały czas... wiedziałam...		Başından beri biliyordum...		
event27_30	I knew what would happen,\nand I still got you involved.	Even though I knew this would happen\nI still got you involved...	こうなることは　わかっていたのに\n巻き込んでしまった…			Sapevo cosa sarebbe successo,\ne ti ho comunque coinvolto.	Eu sabia o que ia acontecer,\ne ainda assim te envolvi nisso.	Sabía que esto pasaría, pero aun así te metí en esto.	Ich wusste, was geschehen würde,\nund dennoch hab ich dich mit reingezogen.	Wiedziałam co się stanie,\na i tak Cię w to wplątałam.		Neler olacağını biliyordum, yine\nde seni işin içine dahil ettim.		
event27_31	It's okay.\nIt's not your fault.	That's okay!	いいんだ\nそんなことは！			Va tutto bene.\nNon è colpa tua.	Tudo bem.\nNão foi sua culpa.	No, no te preocupes.	Schon okay.\nEs ist nicht deine Schuld.	Już dobrze.\nTo nie twoja wina.		Sorun değil.\nSenin hatan değil.		
event27_32	Did I change my destiny?	Did I alter my fate?	運命　かわったかな？			Ho cambiato il mio destino?	Eu mudei meu destino?	¿Cambié... mi destino?	Habe ich mein Schicksal verändert?	Czy zmieniłam swój los?	我有改變了自己的命運嗎？	Kaderimi değiştirdim mi?		
event27_33	Did I keep our promise?		約束　はたせたかな？			Ho mantenuto la nostra promessa?	Eu mantive a nossa promessa?	¿Mantuve... nuestra promesa?	Habe ich mein Versprechen gehalten?	Czy utrzymałam naszą obietnicę?	我有保護好我們的約定嗎？	Verdiğim sözü tuttum mu?		
event27_34	Shahra! Grant me a wish!	...Shahra.\nThis is an order!	…シャーラ　命令だ！			Shahra! Esprimi il mio desiderio!	Sharah! Realize meu desejo!	¡Shahra! ¡Es una orden!	Shahra! Bitte erfüll mir einen Wunsch!	Shahra! Spełnij dla mnie życzenie!	夏拉！賜與我一個願望！	Shahra! Bana bir dilek hakkı ver!		
event27_35	I wish for you to not die and\nto go back to the way you were!	Don't die!\nReturn to how you were.	『死ぬな！　もとにもどるんだ』			Vorrei che non morissi e\ntornassi come eri prima!	Eu desejo que você não morra\ne volte a ser como era antes!	¡No mueras! ¡Vuelve a la normalidad!	Ich möchte, dass du nicht stirbst\nund wieder so wirst, wie du früher warst.	Życze, żebyś nie umarła,\ni żebyś wróciła taka jaka byłaś!	我希望你不要死然後恢復原狀！	Ölmemeni ve eski haline\ndönmeni diliyorum!		
event27_36	I'm so sorry, Master.\nI... cannot grant...	I am sorry, my master...\nThat order is...	ごめんなさい　ご主人さま…\nその命令は…			Mi dispaice tanto, Maestro.\nIo... non posso esprimere...	Eu sinto muito, Mestre.\nEu... não posso realizar...	Lo siento, amo. Ese deseo no...	Es tut mir so leid, Meister.\nIch... kann ihn nicht...	Naprawdę mi przykro.\nMistrzu... nie moge spełnić...	主人，我對不起你。我...沒辦法實現...	Çok üzgünüm, Üstadım.\nBen... izin veremem...		
event27_37	Hmph. In the end, such is the weak\npower of a Genie of the Ring.	Hmph. She was but the Genie of the Ring.\nUseless until the end.	フン　しょせんはリングの精\n最後まで　つかえぬか			Hmph. Alla fine dei conti, questo è\nil potere fiacco di un Genio degli Anelli.	Mmh. No fim das contas, esse é o poder fraco\nde uma Gênia do Anel.	Jum. ¿Esa fue el espíritu del anillo?\nUna inútil hasta el final.	Hmpf. Schlussendlich lassen die jämmerlichen Kräfte\neines Ringgeistes doch einiges zu wünschen übrig.	Hmpf. Koniec końców,\ntaka słaba jest siła Dżina Pierścienia.		Hmph. Sonuçta, Yüzük Cininin\ngücü işte böyle zayıf.		
event27_38	Ugh?\nHrrrrgh!		う！？\nうぉぉぉ			Ugh?\nHrrrrgh!	Ugh?\nHrrrrgh!	¿Mmm?\n¡Gua...!	Ugh?\nHrrrrgh!	Ugh? Hrrgh!		Ugh?\nHrrrrgh!	Ugh?\nHrrrrgh!	
event27_39	Wooaaarrrgh!		ヲヲヲヲヲヲ			Wooaaarrrgh!	Wooaaarrrgh!	¡Grrraaaah!	Wooaaarrrgh!	Łooaaaarrgh!		Wooaaarrrgh!	Wooaaarrrgh!	
event27_40	I am Alf Layla wa-Layla.	My name is Alf Layla wa-Layla.	我ガ名ハ\nアルフ・ライラ・ワ・ライラ			Io sono Alf Layla wa-Layla.	Eu sou Alf Layla wa-Layla.	¡Soy Alf Leyla wa Leyla!	Ich bin Alf Layla wa-Layla.	Ja jestem Alf Layla wa-Layla		Ben Alf Layla wa-Layla.		
event27_41	I AM the Arabian Nights.\nI will be its new creator!	I am the world of the Arabian Nights.\nI am the new creator.	我ハ　アラビアンナイトの世界\n我ハ　新タナ創造主			IO SONO le Mille e una Notte.\nIo sarò il suo nuovo creatore!	Eu SOU as Mil e Uma Noites.\nEu serei seu novo criador!	¡Soy el mundo de """Las mil y una noches"""!\n¡Soy su nuevo creador!	Ich BIN Tausendundeine Nacht.\nIch werde ihr neuer Schöpfer sein!	JA jestem Arabskimi Nocami!\nJa będę ich nowym twórcą!		Ben Binbir Gece Masalları'yım.\nOnun yeni yaratıcısı ben olacağım!		
event27_42	I will remake this world and this\nreality in my own image!	I will merge reality with this world,\nand I will be the ruler of all.	コノ　世界ト　現実ヲ　イレカエ\n私ハ　スベテノ統治者ト　ナル			Ricreerò questo mondo e questa\nrealtà a mia immagine!	Eu irei refazer esse mundo e essa\nrealidade do meu jeito!	¡Cambiaré la realidad de este mundo\ny seré el gobernante de todo!	Ich forme diese Welt und jegliche Existenz\nnach meinem eigenen EBENBILD!!	Zbuduję ten świat i rzeczywistość\nod początku by wpasował się w moją wizję!		Bu dünyayı ve bu gerçekliği kendi\nsuretimde yeniden şekillendireceğim!		
event27_43	This is awful.\nYou're just some incomplete monster.	This is awful.\nYou've just become some incomplete monster...	ひどい\n不完全な化け物になったか…			È terribile.\nNon sei altro che un mostro incompleto...	Que horror.\nVocê é um monstro incompleto.	¡Qué horror! ¡Se convirtió en un monstruo incompleto!	Das ist grauenvoll. Du bist nichts weiter\nals ein unvollständiges Monstrum.	To okropne.\nJesteś zwykłym niekompletnym potworem.		Bu korkunç.\nSen sadece tamamlanmamış bir canavarsın.		
event27_44	Aaahhhh!		うぉぉぉ			Aaahhhh!	Aaahhhh!	¡Aaahhhh!	Aaahhhh!	Aaaahhh!		Aaahhhh!	Aaahhhh!	
event27_45	We've got to stop him... Shahra!	We have to stop him... Shahra.	アイツを止めなきゃ…　シャーラ			Dobbiamo fermarlo... Shahra!	Nós temos que pará-lo... Sharah!	¡Debemos detenerlo!	Wir müssen ihn aufhalten...\nShahra!	Musimy go powtrzymać... Shahra!		Onu durdurmalıyız... Shahra!		
event27_46	Please, lend me your power!	So...\nLend me your power!!	だからオレに　力を貸してくれ！！			Per favore, prestami il tuo potere!	Por favor, me dê sua força!	¡Shahra, préstame ahora tu poder!	Bitte, leih mir deine... MACHT!!	Proszę, użycz mi swojej siły!	求求你，把你的力量借給我吧！	Lütfen, bana gücünü ver!		
														
event28_name	Erazor's Imprisonment					L'imprigionamento di Erazor	Aprisionamento de Erazor	Erazor es aprisionado	Erazors Gefangenschaft	Uwięzienie Erazora	囚禁伊萊薩	Erazor'un Hapsedilmesi		
event28_1	I shall not be defeated!	Agh. It won't end like this.	くぉぉ　このままじゃ　終われん			Io non sarò sconfitto!	Eu não serei derrotado!	Mier... ¡No puede terminar así!	So leicht gebe ich mich nicht geschlagen!	Nie mogę zostać pokonany!	我不會被打倒的！	Yenilmeyeceğim!		
event28_2	If you defeat me, I will simply return,\nagain and again!	I'll come back to life again and again.	なんどでも　よみがえってやる			Se mi sconfiggi, semplicemente, ritornerò,\nancora e ancora!	Se você me derrotar, eu simplesmente retornarei,\nde novo e de novo!	¡Volveré una y otra vez!	Bezwingst du mich doch, kehre ich eben zurück,\nwieder und wieder!	Jeśli mnie pokonasz, zwykle powrócę,\nznowu i znowu!	我即便輸了，我還是會不斷復活！	Eğer beni yenersen, tekrar\ntekrar geri döneceğim!		
event28_3	I am immortal!\nI cannot be vanquished!	There is no death for me.\nI will never disappear.	ワタシに　死は　ナイ\n消えることのない存在なのだ			Io sono immortale!\nNon posso essere sconfitto!	Eu sou imortal!\nEu não posso ser vencido!	¡Yo no puedo morir!\n¡Mi existencia nunca cesará!	Ich bin unsterblich!\nMich kannst du nicht auslöschen!	Jestem nieśmiertelny!\nNie da się mnie pozbyć!	我死不了！是無法抹滅的存在！	Ben ölümsüzüm!\nYenilemem!		
event28_4	Muhuhuhu-hahaha!	Kehehe-Hahahahah!	クククわははは！			Mwahahahahahaha!	Muhuhuhu-hahaha!	¡Ka, ja, ja, ja, ja, ja! ¡Ah, ja, ja, ja, ja, ja, ja, ja...!	Muhuhuhu-hahaha!	Muhuhuhu-hahaha!	哇哈哈哈！	Muhuhuhu-hahaha!	Muhuhuhu-hahaha!	
event28_5	That can't be!?\nThat's...the...	What!? Th-That's the...	なに！？\nそ　それは…			Non può essere?!\nQuello... è...	Não pode ser!?\nIsso... é	¡¿Qué?! ¡E-Esa es...!	Unmöglich!\nDas ist...!	To.. nie może być?\nTo jest...		Bu olamaz!?\nBu... şey...		
event28_6	"I want you to hold on to this."	"""Hold on to this...."""	「これ　あずかっていて…」			"Voglio che questo lo tieni tu."	"""Eu quero que você guarde isso."""	"""He estado guardando esto."""	"""Ich möchte, dass du dies an dich nimmst."""	"Chcę żebyś to trzymał"		"Bunu sıkıca tutmanı istiyorum."		
event28_7	"...To go back to the way you were!"	"""...Return to how you were..."""	「……もとにもどるんだ…」			"...Per ritornare a come eri prima!"	"""...volte a ser como era antes!"""	"""¡Vuelve a la normalidad!"""	"""...und wieder so wirst, wie du früher warst."""	"... Żebyś wróciła taka jaka byłaś!"		"...Eski haline dönmek için!"		
event28_8	The genie of the lamp is supposed to grant\nthree wishes, am I right?	The genie of the lamp is supposed to grant\nthree wishes, right?	たしか　ランプの精ってのは３つの\n願いごとを　聞いてくれるんだよな			Il genio della lampada dovrebbe esprimere\ntre desideri, mi sbaglio?	O gênio da lâmpada tem que realizar\ntrês desejos, não é mesmo?	Creo que el genio de la lámpara\nconcede tres deseos, ¿no?	Der Dschinni der Lampe soll einem drei Wünsche erfüllen,\nhab ich Recht?	Dżin Lampy powinien spełnić moje\ntrzy życzenia... Zgodzisz się?		Lambadaki cinin üç dilek hakkı\nverdiği söyleniyor, doğru mu?		
event28_9	I will never grant any wish\nfrom the likes of you!	There's no way I would\never listen to you!	貴様のいうことなど\n聞けるわけが　なかろう！			Non esprimero alcun tuo desiderio!	Eu nunca vou realizar os desejos de alguem como você!	¡No hay forma alguna de que te obedezca!	Ich erfülle überhaupt keine Wünsche,\nund schon gar nicht von jemanden wie dir!	Nigdy nie spełnie życzeń\nkomuś takiemu jak ty!		Senin gibilerin hiçbir dileğini\nasla yerine getirmeyeceğim!		
event28_10	Hm!	Hup!	よっと！			Hm!	Hm!	¡Jop!	Hah!	Hm!	哼！	Hm!	Hm!	
event28_11	My first wish.		一つ目			Il mio primo desiderio.	Meu primeiro desejo.	Primero:	Wunsch Nummer eins:	Moje pierwsze życzenie.	我的第一個願望。	İlk dileğim.	Min första önskan.	
event28_12	Bring Shahra back to life!	Bring Shahra back to life.	シューラを　生き返らせてくれ			Riporta Shahra in vita!	Traga a Sharah de volta a vida!	¡Revive a Shahra!	Mach Shahra wieder lebendig!	Przywróć Shahre do życia!	讓夏拉復活！	Shahra'yı hayata geri getir!		
event28_13	Ugh!	Gwah!	ぐはっ！			Ugh!	Ugh!	¡Gua...!	Ugh!	Ugh!	噁！	Ugh!	Ugh!	
event28_14	My body...\nMy body is...	Augh, my body...\nMy body is...!	ぐぉぉ　からだが…\nからだが…			Il mio corpo...\nIl mio corpo è...	Meu corpo...\nMeu corpo está...	¡Mi cuerpo! ¡Mi cuerpo...!	Mein Körper...\nMein Körper wird...	Moje ciało...\nMoje ciało jest...!	我的身體...\n我的身體在...	Vücudum...\nBenim vücudum...		
event28_15	My second wish.		二つ目			Il mio secondo desiderio.	Meu segundo desejo.	Segundo:	Wunsch Nummer zwei:	Moje drugie życzenie.	第二個願望。	İkinci dileğim.	Min andra önskan.	
event28_16	Return the Arabian Nights\nto the way they were,	Return the stories that have disappeared in this world,	消えてしまったこの世界のお話			Riporta le Mille e una Notte\na come erano prima,	Faça as Mil e Uma Noites voltarem ao normal,	¡Restaura las historias perdidas,	Stell Tausendundeine Nacht\nwieder so her wie es mal war, 	Przywróć Arabskie Noce\ndo stanu w jakim były,	把天方夜譚恢復原狀，	Binbir Gece Masallarını\neski haline döndür.		
event28_17	So that the world can have its stories again!	And restore the Arabian Nights back to its original state.	アラビアンナイトを\nすべて元にもどすんだ			Così che il mondo possa avere le sue storie!	para que o mundo possa ter suas histórias de novo!	"""Las mil y una noches""", a como eran!	sodass die Welt wieder seine Geschichten genießen kann!	Aby świat mógł odzyskać swoje opowieści!	讓這世界能再有它的故事！	Böylece dünya yeniden kendi\nhikayelerine kavuşabilsin!		
event28_18	Wha!	Wha!?	なっ！			Che!	Que!	¿Qu...?	?!	Co-?!	什麼！	Ne!	Va!	
event28_19	Ugh!	Gaaahh!!	ぐああっ！！			Ugh!	Ugh!	¡Gua...!	Aargh!	Ugh!	噁！	Ugh!	Ugh!	
event28_20	M-my...		か　か…			I-Il mio..	M-meu...	¡Mi... mi...!	M-mein...	M-moje...	我...	B-benim...	M-min...	
event28_21	My third wish.		三つ目			Il mio terzo desiderio.	Meu terceiro desejo.	Tercero:	Wunsch Nummer drei:	Moje trzecie życzenie.	第三個願望。	Üçüncü dileğim.	Min tredje önskan.	
event28_22	Erazor Djinn!	Erazor Djinn.	イレイザー・ジン			Erazor Djinn!	Erazor Djinn!	¡Erazor, el Genio!	Erazor Djinn!	Erazor Dżin!	伊萊薩！	Erazor Cin!	Erazor Djinn!	
event28_23	You shall live out the rest of time, trapped\ninside your lamp as you were in days of old!	You are the Genie of the Lamp, and you shall stay\ninside that Lamp as you did in days of old.	オマエはランプの精として\n昔どおりランプの中ですごせ			Dovrai vivere per il resto dell'eternità\nintrappolato dentro alla tua lampada come i vecchi tempi!	Você viverá o resto da sua vida, preso\ndentro de sua lâmpada como nos tempos antigos!	Permanecerás dentro de la lámpara como un genio,\ncomo en los viejos tiempos.	Du sollst dein Dasein für alle Ewigkeit eingesperrt\nin dieser Lampe fristen, so wie damals!	Resztę czasów spędzisz uwięziony,\ntak jak byłeś za dawnych czasów!	既然你是神燈精靈，\n那你就像從前一樣回去神燈裡面吧。	Ömrünün geri kalanını, eskiden olduğu gibi\nlambanın içinde hapsolmuş olarak geçireceksin!		
event28_24	Ugh... ugh... ugh!	Gwah! Hah, hah...	ぐはっ！　はぁ　はぁ…			Ugh... ugh... ugh!	Ugh... ugh... ugh!	¡Deten...! ¡Gua...!	Uaugh... Ough... ugh!	Ugh.. ugh.. ugh!	噁...噁...噁！	Ugh... ugh... ugh!	Ugh... ugh... ugh!	
event28_25	Shahra, I know you're there!\nPlease, stop him!	Shahra, I know you're there!\nStop this. Stop him!	シャーラ　いるんだろ！？\n止めてくれ　コイツを止めてくれ！			Shahra, so che sei lì!\nPer favore, fermalo!	Sharah, eu sei que você esta aí!\nPor favor, pare ele!	Shahra, ¿estás ahí? ¡Detenlo! ¡Detén a este miserable!	Shahra, ich weiß, dass du da bist!\nBitte, halte ihn auf!	Shahra! Wiem, że tam jesteś!\nBłagam, powstrzymaj go!	夏拉，你在吧！？\n阻止他，去阻止他啊！	Shahra, orada olduğunu biliyorum!\nLütfen, onu durdur!		
event28_26	We can start over, the two of us!\nI swear! I swear it!	The two of us can start over.\nIt isn't a lie, it isn't a lie...	また　二人でやりなおそう\n噓じゃない　噓じゃないんだ…			Possiamo rincominciare, solo noi due!\nLo giuro! Lo giuro!	Nós podemos recomeçar, nós dois!\nEu juro! Eu juro!	Empecemos de nuevo juntos.\nNo te miento. ¡No te miento!	Wir fangen noch mal von vorne an, nur wir zwei!\nIch schwöre es! Ich schwör's!	Możemy zacząć od nowa, tylko nasza dwójka!\nPrzysięgam... Przysięgam Ci!	我們倆還可以再重新開始，\n我沒有騙人，我沒有騙人……	İkimiz birlikte yeniden başlayabiliriz!\nYemin ederim! Yemin ederim!		
event28_27	The world is mine!	I am supposed to rule the world.	ワタシが世界を統べる者のはず			Il mondo è mio!	O mundo é meu!	Yo debería ser quien gobernara el mundo.	Die Welt gehört mir!	Świat jest mój!	我可是這個世界的統治者！	Dünya benim!		
event28_28	I cannot be denied by that filthy rat!	And that was spoiled by this filthy rat!	それが　こんな薄汚いネズミに！			Non posso essere fermato da questo sporco ratto!	Eu não posso ser negado por aquele rato sujo!	¡¿Y me lo arrebató una sucia rata?!	Ich kann doch nicht verleugnet werden\nvon so einer dreckigen Ratte!	Nie mogę być zaprzeczony\nprzez tego brudnego szczura!	我怎麼會被這隻臭老鼠給打倒了！	O pis fare tarafından yenilemem!		
event28_29	Whyyyyy?!	Whyyyyy!?	なぜだぁぁぁ			Perchè?!	Por quêêêêêê?!	¡¿Por qué?!	Waruuuuum?!	Dlaczegooo?!	為什麼！？	Nedeeeeeeeeen?!	Varfööööööör?!	
event28_30	I told you, I'm not a RAT!	I'm no filthy rat.	オレは\n薄汚いネズミじゃない			Te l'ho già detto, non sono un RATTO!	Já te falei, eu não sou um RATO!	No soy una sucia rata.	Wie oft noch?! Ich bin keine RATTE!	Mówiłem Ci, nie jestem SZCZUREM!	什麼臭老鼠。	Sana söyledim, ben bir FARE değilim!		
event28_31	I'm a HEDGEHOG!	I'm a pretty awesome hedgehog.	ちょっとスゴイ\nハリネズミなんだよ			Sono un RICCIO!	Eu sou um OURIÇO!	Soy un asombroso erizo.	Ich bin ein Igel.	Jestem JEŻEM!	我可是隻頗為帥氣的刺蝟呢。	Ben bir KİRPİYİM!		
event28_32	Shahra...\nWill you grant me one more wish?	Shahra...Will you hear my wish?	シャーラ…\nオレの願いを聞いてくれるか？			Shahra...\nPosso concedermi un'altro desiderio?	Sharah...\nVocê pode realizar mais um desejo meu?	Shahra... ¿puedes concederme un deseo?	Shahra...\nErfüllst du mir einen letzten Wunsch?	Shahra...\nSpełnisz dla mnie jeszcze jedno życzenie?	夏拉……\n你能聽我的願望嗎？	Shahra...\nBana bir dilek hakkı daha verir misin?		
event28_33	...?		…？			...?	...?	Ajá...	...?	...?	……？	...?		
event28_34	I wish for a mountain of handkerchiefs.	Get me a mountain of handerchiefs.	ハンカチを\n山ほど　だしてくれ			Vorrei una montagna di fazzoletti.	Eu desejo uma montanha de lenços.	Dame una montaña de pañuelos.	Ich wünsche mir einen Berg Taschentücher.	Życzę sobie górę husteczek.	我希望有一整山的手帕。	Bir dağ dolusu mendil istiyorum.		
event28_35	Now, just let yourself cry.\nAs much as you need to.	It's okay even if you cry an ocean.	海ができるまで　泣いていいぞ			Adesso, lasciati andare, piangi.\nPiangi quanto vuoi.	Agora, se deixe chorar.\nO quanto você precisar.	Llora hasta llenar el mar,	Und nun, wein dich ruhig aus,\nbis du dich wieder besser fühlst.	Teraz, pozwól Sobie na płacz.\nNa tyle ile tylko potrzebujesz.	這樣你要哭到淚水匯集成大海也沒關係。	Şimdi, kendini ağlamaya bırak.\nİhtiyacın olduğu kadar.		
event28_36	You'll have plenty of handkerchiefs\nto help you through it.	You have a mountain of handkerchiefs\nto help you through it.	ハンカチは　山のようにあるからな			Avrai tantissimi fazzoletti che ti aiuteranno\nnel mentre.	Você terá lenços suficientes\npra te ajudar a superar isso.	porque tienes pañuelos de sobra.	Du hast jetzt Unmengen an Taschentüchern,\ndie dir da durchhelfen.	Będziesz miała wystarczająco\nhusteczek które Ci z tym pomogą.	因為你有用不盡的手帕可以幫你度過難關了。	Bu süreç boyunca sana yardımcı\nolacak bol miktarda mendilin olacak.		
														
event29_name	Ending					Finale	Fim	Final	Ende	Koniec	結局	Bitiş	Slutet	
event29_1	And so, the legendary blue hedgehog,	And so, the blue hedgehog,	そして　青いハリネズミは			E così, il leggendario riccio blu,	E então, o lendário ouriço azul,	Y así, el erizo azul,	Und so geschah es, dass der legendäre blaue Igel,	Tak więc, legendarny niebieski jeż,	於是，傳說中的藍色刺蝟，	Ve böylece, efsanevi mavi kirpi,		
event29_2	Having saved the world of\nthe Arabian Nights, ran endlessly,	After saving the world of the Arabian Nights,\nran around endlessly,	アラビアンナイト物語の世界を\n救った後　あきるほど走りまわって			Avendo salvato il mondo delle\nMille e una Notte, corse infinitamente,	tendo salvo o mundo das\nMil e Uma Noites, correu infinitamente,	tras salvar el mundo de """Las mil y una noches""",\ncorrió a sus anchas	der die Geschichte von Tausendundeine Nacht rettete,\num die gesamte Welt lief,	po uratowaniu świata Arabskich Nocy,\nbiegał w nieskończonośc	他在拯救了天方夜譚的世界後，依舊不斷奔跑著，	Binbir Gece Masalları dünyasını kurtardıktan\nsonra, durmaksızın koştu,		
event29_3	Until he found his way back\ninto his own world.	Before returning to his own world.	もとの世界へ戻っていきました			Fino a che non si ritrovò\nnel suo mondo.	até ele encontrar o caminho de volta a seu mundo.	antes de regresar a su propio mundo.	bis er eines Tages den Weg zurück\nin seine eigene Welt fand.	Dopóki nie znalazł drogi powrotnej\ndo swojego świata.	直到他找到了回家的路。	Ta ki kendi dünyasına geri dönmenin\nyolunu bulana kadar.		
event29_4	Along the way,\nhe had many adventures...	There were many adventures along the way...	途中いろんな冒険がありましたが…			Percorrendo la strada,\nha vissuto molte avventure...	Pelo caminho,\nele teve muitas aventuras...	Vivió muchas aventuras por el camino,	Auf seinem Weg bestritt er zahlreiche Abenteuer...	Po drodzę miał wiele przygód...	一路上，他歷經百般冒險...	Yolculuğu boyunca birçok\nmacera yaşadı...		
event29_5	But those are stories...\nfor another time.	But those stories are for another time.	でも　そのお話しは\nまた別の機会に			Ma quelle storie...\nsono per un'altra volta.	mas essas são histórias...\npara outro momento.	pero esa historia la contaremos en otra ocasión.	doch dies sind Geschichten für ein anderes Mal.	Ale te opowieści...\nsą na następny raz.	但是，那些故事……\n就留給下次再說吧。	Ama bunlar başka zaman\nanlatılacak hikayeler...		
event29_6	Thank you...\nSonic the Hedgehog.	Thank you, Sonic the Hedgehog.	ありがとう…\nソニック・ザ・ヘッジホッグ			Grazie...\nSonic il Riccio.	Obrigado...\nSonic o Ouriço.	Gracias, Sonic, el Erizo.	Hab tausend Dank...\nSonic der Igel.	Dziękuje Ci...\nJeżu Sonic.	謝謝你……\n刺蝟索尼克。	Teşekkürler...\nKirpi Sonic.		
event29_7	The Legendary Hedgehog.		伝説のハリネズミよ			Il riccio leggendario.	O Lendário Ouriço.	El erizo de la leyenda.	Der legendäre Igel.	Legendarny Jeżu.	傳說中的刺蝟。	Efsanevi Kirpi		
														
event30_name	Book Title					Titolo del Libro.	Título do Livro	Título del tomo	Buchtitel	Tytuł Książki	書本名稱	Kitap İsmi		Название книги
event30_1	"Aladdin and the Magic Lamp"		「アラジンと魔法のランプ」			"Aladdin e la Lampada Magica."	"""Aladim e a Lâmpada Maravilhosa"""	"""Aladino y la lámpara maravillosa"""	"""Aladin und die Wunderlampe"""	"Aladyn i Magiczna Lampa"	「阿拉丁神燈」	"Aladdin ve Sihirli Lambası"		"""Аладдин и волшебная лампа"""
														
event30_2	"Sonic and the Secret Rings"		「ソニックと秘密のリング」			"Sonic e gli Anelli Segreti"	"""Sonic e os Anéis Secretos"""	"""Sonic y los anillos secretos"""	"""Sonic und die Geheimen Ringe"""	"Sonic i Sekretne Pierścienie"	「音速小子與秘密戒指」	"Sonic ve Gizli Yüzükler"		"""Соник и Мировые кольца"""
														
														
														
PARTY LINES ARE STILL WIP--DON'T TRANSLATE YET														
party_host	Host		ホスト						Hosten					Хост
party_join	Join		ルームに参加						Beitreten					Пригласить
party_offline	Offline		オフライン						Offline					Оффлайн
														
party_server	IP Address		ＩＰアドレス						IP-Adresse				IP Adress	IP адрес
party_room	Room ID		ルームＩＤ						Room ID				Rum ID	ID комнаты
party_copy	Copy Data		データをコーピ						Daten kopieren				Kopiera Data	Копировать данные
party_paste	Paste Data		データをペースト						Daten einfügen					Вставить данные
party_connect	Connect		コネクト						Verbinden					Соединение
party_start	Start		スタート						Start				Start	Старт
														
party_player_count	Player Setup								Spieler-Setup					Настройки игрока
party_player	P0								P0				P0	Игрок0
party_com	COM0								COM0				COM0	Компьютер0
														
party_settings	Settings		設定						Einstellungen				Inställningar	Настройки
party_continue	Continue		コンティニュー						Weiter				Fortsätt	Продолжить
party_on	ON		ＯＮ						EIN				PÅ	ВКЛ
party_off	OFF		ＯＦＦ						AUS				AV	ВЫКЛ
														
														
party_placement1	1st								1.					1й
party_placement2	2nd								2.					2й
party_placement3	3rd								3.					3й
party_placement4	4th								4.					4й
party_lap	Lap [C]/[T]								Runde [C]/[T]					Круг [C]/[T]
party_final_lap	Final Lap!								Letzte Runde!					Последний круг!
														
party_char_select	Character Select								Charakter-Auswahl					Выбор персонажей
party_random	Random								Zufall				Slumpmässigt	Случайно
party_sonic	Sonic								Sonic				Sonic	Соник
party_tails	Tails								Tails				Tails	Тейлз
party_knuckles	Knuckles								Knuckles				Knuckles	Наклз
party_amy	Amy								Amy				Amy	Эми
party_shadow	Shadow								Shadow				Shadow	Шедоу
party_cream	Cream								Cream				Cream	Крим
party_silver	Silver								Silver				Silver	Сильвер
party_blaze	Blaze								Blaze				Blaze	Блейз
														
party_easy	Easy		よわい						Einfach				Lätt	Легко
party_normal	Normal		ふつう						Normal				Normal	Средне
party_hard	Hard		つよい						Schwer				Svårt	Жёстко
party_extreme	Extreme		げきつよ						Extrem				Extremt	Экстрим
														
party_world_bazaar	World Bazaar		ワールドバザー											Мировой базар
party_world_bazaar_desc	You'll get Rings based on how well you\nplace! Use these Rings to knock down\nthe price of the carpets.		パ一ティ一ゲ一ムの順位に応じて\nリングをGET!そのリングで\n「じゅうたん」をせり落とすチャオ!						Du verdienst Ringe, je nachdem, welchen Platz du erhalten hast! Nutze diese Ringe, um den Preis von Teppichen herunterzusetzen.					За результаты игры, вы получите\nопределённое количество колец.\nЗа них можно приобрести ковры на торгах!
party_tournament_palace	Tournament Palace		トーナメントパレス											Турнирный дворец
party_tournament_palace_desc	Win party games and try to be\ntournament champion!		パ一ティ一ゲ一ムに勝って\nト一ナメントでトップをめざすチャオ						Gewinne in Party-Spielen und versuche ein Turnee-Champion zu werden!					Выигрывайте в играх, чтобы занять\nпервое место в турнире!
party_genie_lair	Genie's Lair		マジンズレヤー											Логово джинна
party_genie_lair_desc	The winning player gets to open a\ntreasure box. You'll never know what's\ninside!		パ一ティ一ゲ一ムに勝った人が\n宝箱を開けることが出来るチャオ!\n何がでてくるかはお楽しみチャオ~!						Der Gewinner darf eine Schatztruhe öffnen. Man weiß nie, was da drin ist!					Тот, кто выиграет в игре, сможет открыть\nсундук с сокровищами!\nИнтересно, что же там попадётся!
party_world_library	World Library		ワールドライブラリー											Мировая библиотека
party_world_library_desc	You can play the different party games here.		各パ一ティ一ゲ一ムに挑戦したり\n記録を確認できるチャオ						Du kannst hier verschiedene Party-Spiele spielen.					Вы можете играть во все игры\nи проверять свои результаты.
party_treasure_hunt	Treasure Hunt		トレジャーハント											Охота за сокровищами
party_treasure_hunt_desc	You'll move based on how well you\nplace in the party games! Collect the\nindicated treasure!		パーティーゲームの順位に応じて\n探しまわれる範囲が決まるチャオ\nお題のお宝をぃっぱぃ集めるチャオ!											Область, на которой вы будете искать сокровища,\nбудет определяться вашими результатами в играх!\nВам нужно собрать много сокровищ из заданий!
party_pirate_coast	Pirates Coast		パイレーツコースト											Пиратское побережье
party_pirate_coast_desc	The higher you place in a party game,\nthe further the pirate ship will move!\nGet to the treasure isle!		パ一ティ一ゲ一ムの順位に応じて\n海賊船の進む距離が決まるチャオ\nゴ一ルの宝島を目指すチャオ!											Расстояние, на которое будет двигаться ваш корабль,\nбудет определяться вашими результатами в играх!\nВаша цель - добраться до острова сокровищ!
party_exit	Exit		ＥＸＩＴ						Verlassen					Выход
party_exit_desc	Quit Party Mode and return to the\nMain Menu.		パーティーモードを終了してメインメニュー\nに戻るチャオ											
party_exit_confirm	This will quit the game and return you\nto the Main Menu. Is this okay?		ゲームを終了してメインメニュー画面に\n戻ります。よろしいですか?											Завершить режим """Вечеринка"""\nи вернуться в главное меню.
														
party_attract_menu1	Welcome to "X" Adventure World!		「X　（クロス)　アドベンチャーワルド」\nに、ようこそチャオ！						Willkommen zur X (Kreuz) Abenteuer Welt!					Добро пожаловать в """Мир кросс-приключений"""!
party_attract_menu2	Select an attraction!		どのトラクションで遊ぶチャオ？						Wähle eine Attraktion aus!					Какой аттракцион выберете?
party_change_players	Change participating players?		参加するプレイゃーを変えるチャオか?						Teilnehmende Spieler ändern?					Изменить количество участвующих игроков?
														
														
														
network_connecting	Network Connecting...		ネットワーク接続中...						Verbindet sich mit Netzwerk...					Подключение к сети...
network_connected	Network Connected.		ネットワークに接続しました。						Mit Netzwerk verbunden.					Сеть подключена.
network_disconnected	Network Disconnected.		ネットワークから切断されました。						Vom Netzwerk getrennt.					Соединение прервано.
network_server_connected	Connected to Server.		サーバーに接続しました。						Mit Server verbunden.					Подключено к серверу.
network_server_disconnected	Disconnected from Server.		サーバーから切断されました。						Vom Server getrennt.					Отключение от сервера.
network_add_player	Player 0 Connected.		プレイヤー0が接続しました。						Spieler 0 Verbunden.					Игрок 0 подключился.
network_remove_player	Player 0 Disconnected.		プレイヤー0が切断されました。						Spieler 0 Getrennt.					Игрок 0 отключен.
network_error	Network Error (0)		ネットワークエラー (0)						Netzwerk-Fehler (0)					Ошибка сети (0)
														
world_library_all	All Party Games		全パーティーゲーム集						Alle Party-Spiele					Все групповые игры
world_library_all_desc	Play any of the available party games here.		パーティーゲームを全て集めました。\n好きなパーティーゲームをプレイできる						Spiele hier jedes beliebige Party-Spiel.					Здесь собраны все игры в режиме """Вечеринка""".
world_library_survival	Survival Games		サバイバルゲーム集						Survival-Spiele					Игры на выживание
world_library_survival_desc	Play any of the available survival games here.		サバイバル系のゲ一ムばかりを集めました。\n好きなパ一ティ一ゲ一ムに挑戦できます											Здесь собраны только те игры,\nв которых необходимо выживать.
world_library_point	Point Games		ポイントゲーム集						Punkte-Spiele					Игры на очки
world_library_point_desc	Play any of the available point games here.		ポイント系のゲ一ムばかりを集めました。\n好きなパ一ティ一ゲ一ムに挑戦できます											Здесь собраны только те игры,\nв которых необходимо набирать очки.
world_library_race	Race Games		レースゲーム集						Rennen-Spiele					Гоночные игры
world_library_race_desc	Play any of the available race games here.		競走系のゲ一ムばかりを集めました。\n好きなパ一ティ一ゲ一ムに挑戦できます											Здесь собраны только те игры,\nв которых необходимо соревноваться.
world_library_record	Record Games		レコードゲーム集						Highscore-Spiele					Игры на рекорды
world_library_record_desc	Play any of the available record games here.		レコ一ド系のゲ一ムばかりを集めました。\n好きなパ一ティ一ゲ一ムに挑戦できます											Здесь собраны только те игры,\nв которых необходимо ставить рекорды.
world_library_rankings	Rankings		ランキング集						Bestenliste					Рейтинг
world_library_rankings_desc	Check the rankings for various records here.		さまざなな記録を\nランキング形式で確認できます											Здесь указаны результаты игр в формате рейтинга.
world_library_character	Character Records		キャラ別記録集						Charakter-Rekorde					Рекорды персонажей
world_library_character_desc	Check the records for each character here.		キャラ別の記録を確認できます											Здесь вы можете проверить результаты персонажей.
world_library_final	Final X Adventure		とことん　X　アドベンチャー						Final X Abenteuer					Последнее приключение
world_library_final_desc	Single player only. See how many party games you can win in a row!		このモ一ドは１人プレイ専用です。\nパ一ティ一ゲ一ムを連続でプレイして\n何連勝できるかにチャレンジします											Это режим игры для одного игрока. Здесь вы\nбросаете себе вызов, чтобы понять, сколько\nпобед подряд вы сможете одержать.
														
minigame_ready	READY								FERTIG					ПРИГОТОВЬТЕСЬ
minigame_go	GO!!								LOS!!					ВПЕРЁД!
minigame_start	START!								START!					СТАРТ!
minigame_set	GAME SET!								ENDE					ИГРА ОКОНЧЕНА!
minigame_time	TIME'S UP!								ZEIT ABGELAUFEN!					ВРЕМЯ!
minigame_goal	GOAL!								ZIEL!					ФИНИШ!
minigame_win	WINS!!								HAT GEWONNEN!!					ПОБЕДИТЕЛЬ!
minigame_draw	DRAW...								UNENTSCHIEDEN...					НИЧЬЯ...
														
														
tp_intro_1	Welcome to Tournament Palace!		「ト一ナメント　パレス」へようこそチャオ											Добро пожаловать в """Турнирный дворец"""!
														
tp_explain_1	Do you want to hear an explanation\nabout Tournament Palace?		「ト一ナメント　パレス」の\n説明を聞くチャオか?											Послушать подробности о """Турнирном дворце"""?
tp_explain_2	Here, you play 1-on-1 party games and \nenter into a tournament-style \ncompetition.		ここでは2組に分かれて\nパ一ティ一ゲ一ムをプレイして、\nト一ナメント形式でトップを決めるチャオ!											Здесь вы разделитесь на две пары, будете играть\nв игры и бороться за победу в формате турнира!
tp_explain_3	Players who win in the tournament get\nto move up in the palace. But whoever\ncomes in last place, well...		ト一ナメントに勝ち進んだ人はお城の最上階に行けるチャオ。\nでもビリの人は...											Тот, кто выиграет в турнире, сможет\nподняться на самый высокий этаж дворца.\nА тот, кто проиграет...
tp_explain_4	That's all I'm going to say.		これ以上は言えないチャオ											Больше ничего не скажу.
tp_explain_5	Who will come out on top?\nShow us what you've got!		誰が優勝するチャオ?\nみんな頑張るチャオ!											Кто же победит?\nВсем удачи!
														
tp_rule_1	Would you like to change your settings\nfor Tournament Palace?		「ト一ナメント　パレス」の設定を\n変更するチャオか?											Изменить настройки """Турнирного дворца"""?
tp_rule_2	Choose how many party game wins are\nneeded for victory.		パ一ティ一ゲ一ムに何回勝てば\n勝ち上がれるかを設定します											Здесь можно настроить, сколько игр\nнеобходимо выиграть, чтобы выйти в финал.
tp_rule_3	Change your settings to see \nCOM vs COM matches or not		COM同士の対戦を\n見るか見ないか設定します											Укажите, будете ли вы смотреть битву\nкомпьютерных игроков.
tp_rule_4	Return to game.		ゲ一ムに戻ります						Ins Spiel zurückkehren.					Вернуться к игре.
														
tp_win_count	Win Count		勝利数						Anzahl der Gewinne					Количество побед
tp_com	COM vs COM		ＣＯＭｖｓＣＯＭ						COM gegen COM					КОМ против КОМ
														
tp_round1	1		１回						Runde 1					Раунд 1
tp_round2	2		２回						Runde 2					Раунд 2
tp_round3	3		３回						Runde 3					Раунд 3
														
tp_consolation	Consolation Match								Trostspiel					Матч за третье место
tp_championship	Championship Match								Meisterschaftsspiel					Финальный матч
tp_winner	Winner!								Gewinner!					Побеждает!
tp_congratulations	Congratulations!								Gratuliere!					Поздравляем!
														
tp_again	Would you like to play\nTournament Palace again?		もうー度「ト一ナメント　パレス」で\n遊びますか?											Сыграете ещё раз в ""Турнирный дворец""?
														
														
														
														
														
														
														
														
														
														
														
														
														
														
														
														
														
														
														
														
														
														
														
														
														
														
														
														
														
														
														
														
														
														
														
														
														
														
														
														
														
														
														
														
														
														
														
														
														
														
														
														
														
														
														
														
														
														
														
														
														
														
														
														
														
														
														
														
														
														
														
														
														
														
														
														
														
														
														
														
														
														
														
														
														
														
														
														
														
														
														
														
														
														
														
														
														
														
														
														
														
														
														
														
														
														
														
														
														
														
														
														
														
														
														
														
														
														
														
														
														
														
														
														
														
														
														
														
														
														
														
														
														
														
														
														
														
														
														
														
														
														
														
														
														
														
														
														
														
														
														
														
														
														
														
														
														
														
														
														
														
														
														
														
														
														
														
														
														
														
														
														
														
														
														
														
														
														
														
														
														
														
														
														
														
														
														
														
														
														
														
														
														
														
														
														
														
														
														
														
														
														
														
														
														
														
														
														
														
														
														
														
														
														
														
														
														
														
														
														
														
														
														
														
														
														
														
														
														
														
														
														
														
														
														
														
														
														
														
														
														
														
														
														
														
														
														
														
														
														
														
														
														
														
														
														
														
														
														
														
														
														
														
														
														
														
														
														
														
														
														
														
														
														
														
														
														
														
														
														
														
														
														
														
														
														
														
														
														
														
														
														
														
														
														
														
														
														
														
														
														
														
														
														
														
														
														
														
														
														
														
														
														
														
														
														
														
														
														
														
														
														
														
														
														
														
														
														
														
														
														
														
														
														
														
														
														
														
														
														
														
														
														
														
														
														
														
														
														
														
														
														
														
														
														
														
														
														
														
														
														
														
														
														
														
														
														
														
														
														
														
														
														
														
														
														
														
														
														
														
														
														
														
														
														
														
														
														
														
														
														
														
														
														
														
														
														
														
														
														
														
														
														
														
														
														
														
														
														
														
														
														
														
														
														
														
														
														
														
														
														
														
														
														
														
														
														
														
														
														
														
														
														
														
														
														
														
														
														
														
														
														
														
														
														
														
														
														
														
														
														
														
														
														
														
														
														
														
														
														
														
														
														
														
														
														
														
														
														
														
														
														
														
														
														
														
														
														
														
														
														
														
														
														
														
														
														
														
														
														
														
														
														
														
														
														
														
														
														
														
														
														
														
														
														
														
														
														
														
														
														
														
														
														
														
														
														
														
														
														
														
														
														
														
														
														
														
														
														
														
														
														
														
														
														
														
														
														
														
														
														
														
														
														
														
														
														
														
														
														
														
														
														
														
														
														
														
														
														
														
														
														
														
														
														
														
														
														
														
														
														
														
														
														
														
														
														
														
														
														
														
														
														
														
														
														
														
														
														
														
														
														
														
UNUSED--DON'T BOTHER TRANSLATING BEYOND HERE.														
														
sys_create_preset	Create New Preset			Crear Nuevo Conjunto	Créer un nouvel ensemble	Crearè una nuova Preimpostazione	Criar Novo Conjunto	Crear nuevo conjunto	Neue Vorgabe erstellen	Stwórz Nowy Szablon	創建新的組合？	Yeni Ön Ayar Oluştur	Skapa en ny förinställning	Создать новый шаблон
sys_new_preset	New Preset			Conjunto Nuevo	Nouvel ensemble	Nuova Preimpostazione	Novo Conjunto	Nuevo conjunto	Neue Vorgabe	Nowy Szablon	新組合	Yeni Ön Ayar Oluştur	Ny förinställning	Новый шаблон
sys_edit_preset	Edit Preset			Editar Habilidades	Modifier l'ensemble	Modifica Preimpostazione	Editar Conjunto	Editar conjunto	Vorgabe bearbeiten	Edytuj Szablon	修改組合	Ön Ayar Düzenle	Redigera förinställning	Редактировать шаблон
sys_delete_preset	Delete Preset			Eliminar Conjunto	Effacer l'ensemble	Cancella Preimpostazione	Apagar Conjunto	Borrar conjunto	Vorgabe löschen	Usuń Szablon	刪除組合	Ön Ayar Sil	Radera förinställning	Удалить шаблон
sys_delete_preset_description	Are you sure you want to delete this preset?		このプリセットをデリートする？	¿Deseas borrar este conjunto de habilidades?	Voulez-vous effacer cet ensemble de compétences ?	Sei sicuro di volere cancellare questa Preimpostazione?	Deseja mesmo excluir este conjunto?	¿Seguro(a) que quieres borrar este conjunto de habilidades?	Bist du sicher, dass du diese Vorgabe löschen willst?	Czy na pewno chcesz usunąć ten szablon?	您確定要刪除此組合？	Bu ön ayarı silmek istediğine emin misin?	Är du säker på att du vill radera den här förinställningen?	Вы уверены, что хотите\nудалить данный шаблон?
nig_hint_carpet	Control the carpet by tilting the Wii Remote!						Controle o tapete balançando o Wii Remote!	Controla la alfombra moviendo el WiiMote!	Kontrolliere den Teppich, indem du die Wii-Fernsteuerung neigst!			Halıyı Wii Remote'u eğerek kontrol edin!		Управляй ковром, наклоняя Wii Remote!
														
														
load_cache	Loading Shader Cache		Shaderをロードする	Cargando la Caché de los Sombreadores	Chargement du Cache des Shaders	Caricamento della Cache delle Shaders	Carregando Cache de Sombras	Cargando sombreadores	Shader Cache wird geladen	Wczytywanie Cache'u Shaderów	著色器快取載入中	Gölgelendiriciler Yükleniyor	Laddar Shadercache	Загрузка кэша шейдеров
load_lighting	Calculating Light Changes			Calculando Cambios en la Iluminación	Calcul des Variations de Lumière	Caricamento dei Cambiamenti di Luce	Calculando Mudanças de Iluminação	Calculando cambios de iluminación	Lichtänderungen werden berechnet	Obliczanie Zmian Oświetlenia	計算光變	Işık Ayarları Hesaplanıyor	Kalkylerar Ljusändringar	Расчёт изменений освещения
shader_cache_finished	Finished Loading Shader Cache			La Caché de los Sombreadores Ha Terminado de Cargar	Chargement du cache des shaders terminé 	Finito di Caricare la Cache delle Shaders	Carregamento do Cache de Sombras Finalizado	Terminó de cargarse la caché de los sombreadores	"""Shader Cache"""-Laden beendet	Ukończono Wczytywanie Cache'u Shaderów	完成載入著色器快取	Gölgelendiriciler Yüklendi	Shadercache Laddning Klar	Загрузка кэша шейдеров завершена
ta_warning_loadsave	Load the save with your desired skills and presets.					Carica il salvataggio con le abilità e preimpostazioni preferite	Carregar seu progresso com suas habilidades e conjuntos.	Carga el archivo con las habilidades y conjuntos que quieres usar.	Lädt den Speicherstand mit deiner Ausrüstung und Einstellungen.	Wczytaj zapis ze swoimi zdolnościami oraz szablonami.	載入存有你想要的技能與預設的存檔。	İstediğiniz beceriler ve ön ayarlar ile kaydı yükleyin.		Загрузите сохранение с желаемыми\nнавыками и шаблонами.
														
pir_hint_buoy_so	If I pass over one of those things,\nit gives me a speed boost.		あいつをとるとどんどんスピードが上がていくのか	Al atravesar esas cosas,\nobtengo un acelerón.	Si je passe au dessus de ces choses,\nj'ai un boost de vitesse.	Se sorpasso una di quelle cose,\nottengo un aumento di velocità.	Se eu passar por uma dessas coisas,\nganharei um impulso.	¿Pasar por eso me hizo ir más rápido?	Wenn ich das Teil berühre,\ngibt es mir einen Geschwindigkeitsschub. 	Jeśli przepłynę przez to coś,\nprzyśpieszy mnie.	我若穿過那些東西就能加速。	Bunlardan birini atlarsam,\nbana hız kazandırıyor.		Если пройду там, моя скорость\nзаметно увеличится!
pir_hint_buoy_sh	Passing over those buoys helps us go faster and faster.		先の通過するとどんどんスピードが上がていくのね	Atravesar esas boyas nos permite ir más y más rápido.	Passer au dessus de ces bouées\nnous fait aller de plus en plus vite.	Sorpassare quei tizi ci aiuto ad andare più veloce.	Se passarmos por essas boias,\npoderemos ir ainda mais rápido.	Al pasar por esas boyas, tu velocidad aumentará.	Das Überqueren dieser Bojen hilft uns schneller und schneller zu werden.	Przepływanie przez te boje pomaga\nnam przyśpieszyć coraz to bardziej.	穿過那些浮標就能加速。	O şamandıralardan geçmek bizim daha da hızlı gitmemizi sağlar.		Если пройдёшь там, твоя скорость\nзаметно увеличится!
pir_hint_debris_so	It looks like smashing into the floating wreckage slows me down.		浮かんでる残骸に当たるとスピードが落ちそうだな	Si me choco con esos trozos de barco, pierdo velocidad.	On dirait que rentrer dans les débris flottant me ralentit.	Sembra che se mi schianto su quel relitto galleggiante mi rallenti.	Parece que bater nos destroços flutuantes\nme faz perder velocidade.	Chocar con esos escombros nos hará ir más lento.	Wenn ich gegen dieses Treibgut knall, werde ich abgebremst.	Wygląda na to, że rozbijając się\no śmieci mnie spowalnia.	看樣子撞上那些漂浮殘骸會害我降速。	Yüzen enkaza çarpmak beni yavaşlatıyor gibi görünüyor.		Если задену обломки,\nмоя скорость снизится.
pir_hint_debris_sh	Watch out. If you hit the debris, your speed will end up dropping.		浮かんでる残骸に当たるとスピードが落ちてしまうわよ	Cuidado. Si chocas con los restos, perderás velocidad.	Attention. Si tu rentres dans les débris, ta vitesse va diminuer.	Attento. Se colpisci i detriti, perderai la tua velocità.	Cuidado. Se você bater nos destroços,\nsua velocidade vai diminuir.	Si chocas con los escombros, tu velocidad disminuirá.	Achtung. Falls du diese Trümmer triffst, verlierst du an Geschwindigkeit.	Uważaj, jeśli uderzysz w śmieci,\ntwoja prędkość spadnie.	小心，撞到殘骸會降速。	Dikkat et. Enkaza çarparsan hızın düşecektir.		Если попадёшь в обломки, твоя скорость снизится!
pir_hint_surf_respawn_sh	You need to catch some speed to get over the wave.		スピードが乗っていないと波をこえられなさそうよ	Necesitas acumular suficiente velocidad para surcar la ola.	Tu dois accélerer pour passer au-dessus de la vague.	Hai bisogno di prendere velocità per sorpassare quella onda.	Você precisa ganhar velocidade para passar pela onda.	Sin la velocidad suficiente, no podrás superar las olas.	Du musst schneller werden, damit du es über die Welle schaffst.	Musisz złapać trochę prędkości\nby przedostać się za falę.	你需要加速才能超越那道浪！	Dalgayı aşmak için biraz hızlanman gerekiyor.		Если не увеличишь скорость,\nне сможешь преодолеть волну!
pir_hint_surf_force_sh	You need force to get over the wave.\nWatch out!		勢いがないと波がこえられないわ！　気をつけて！	Necesitas fuerza suficiente para surcar la ola. ¡Vamos!	Il te faut de la vitesse pour surmonter la vague.\nAttention !	Hai bisogno di forza sufficiente per attraversare l'onda.\nSta attento!	Você precisa de força para passar pela onda.\nCuidado!	¡Necesitas momentum para superar las olas!\n¡Ten cuidado!	Du brauchst Schwung, um über die Welle zu kommen.\nPass auf!	Musisz przyśpieszyć żeby dostać się za falę!\nUważaj!	不加速就會被浪吞掉！小心啊！	Dalgayı aşmak için güce ihtiyacın var.\nDikkat et!		Ты не сможешь преодолеть волну\nбез усилия! Будь осторожен!
common_hint_speedbreak_sh	When your soul gauge has power,\npress [button_speedbreak] to perform speed break.		ソウルゲージが溜まっているときに\n[button_speedbreak]を押すとスピードブレイクよ	Cuando tu Barra de Almas se llene lo suficiente,\npresiona [button_speedbreak] para realizar un Impulso.	Quand ta Jauge d'Âme est alimentée,\nappuie sur [button_speedbreak] pour faire un Speed Break.	Quando la Barra dell'Anima ha potenza sufficiente,\npremi [button_speedbreak] per fare Rottura della Velocità.	Quando a sua Barra Espiritual estiver carregada,\npressione [button_speedbreak] para realizar um Impulso Veloz.	Cuando el Medidor de almas tenga energía,\npresiona [button_speedbreak] para usar el Speed Break.	Wenn sich deine Soul Gauge aktiviert, drücke [button_speedbreak], um Speed Break auszuführen.	Kiedy twój Pasek Dusz się podświetli,\nwciśnij [button_speedbreak] by wykonać Zryw Prędkości.	當你的魂力量表累積到一定程度時，\n按下[button_speedbreak]便可使出速度突破！	Ruh göstergen güçlendiğinde, hız kırma işlemini gerçekleştirmek için [button_speedbreak]'ye bas.	När din själsmätare har kraft,\ntryck på [button_speedbreak] för att göra fartbrytning.	Если нажать [button_speedbreak],когда шкала души полная, то сработает ускорение.
common_hint_timebreak_sh	When your soul gauge has power,\npress [button_timebreak] to perform time break.		ソウルゲージが溜まっているときに\n[button_timebreak]を押すとスタイムブレイクよ	Cuando tu Barra de Almas se llene lo suficiente,\npresiona [button_timebreak] para realizar la Ralentización.	Quand ta Jauge d'Âme est alimentée,\nappuie sur [button_timebreak] pour faire un Time Break.	Quando la Barra dell'Anima ha potenza sufficiente,\npremi [button_timebreak] per fare Rottura del Tempo.	Quando a sua Barra Espiritual estiver carregada,\npressione [button_timebreak] para realizar um Atraso Temporal.	Cuando el Medidor de almas tenga energía,\npresiona [button_timebreak] para usar el Time Break.	Wenn sich deine Soul Gauge aktiviert, drücke [button_timebreak], um Time Break auszuführen.	Kiedy twój Pasek Dusz się podświetli,\nwciśnij [button_timebreak] by wykonać Zryw Czasu.	當你的魂力量表累積到一定程度時，\n按下[button_timebreak]便可使出時間突破！	Ruh göstergen güçlendiğinde, zaman kırma işlemini gerçekleştirmek için [button_timebreak]'ye bas.	När din själsmätare har kraft,\ntryck på [button_timebreak] för att göra tidsbrytning.	Если нажать [button_timebreak],когда шкала души полная, то сработает замедление.